Outlet_ID,Maximum_Monthly_Liters
OUT_00001,1482.54
OUT_00002,1478.09
OUT_00003,1410.92
OUT_00004,1633.08
OUT_00005,1442.01
OUT_00006,1142.67
OUT_00007,1597.2
OUT_00008,1581.47
OUT_00009,1297.81
OUT_00010,1494.92
OUT_00011,1627.56
OUT_00012,1211.15
OUT_00013,877.58
OUT_00014,841.57
OUT_00015,1071.63
OUT_00016,1176.6
OUT_00017,1434.74
OUT_00018,898.11
OUT_00019,1830.53
OUT_00020,1717.74
OUT_00021,1265.3
OUT_00022,1227.13
OUT_00023,1516.65
OUT_00024,1881.77
OUT_00025,1437.91
OUT_00026,1464.69
OUT_00027,1278.28
OUT_00028,1611.87
OUT_00029,940.19
OUT_00030,1586.98
OUT_00031,1200.55
OUT_00032,1501.31
OUT_00033,1266.33
OUT_00034,1437.47
OUT_00035,1522.78
OUT_00036,1425.37
OUT_00037,1500.6
OUT_00038,1539.99
OUT_00039,1702.94
OUT_00040,1909.74
OUT_00041,1446.33
OUT_00042,1486.23
OUT_00043,870.17
OUT_00044,1429.38
OUT_00045,1252.02
OUT_00046,958.54
OUT_00047,1598.89
OUT_00048,854.88
OUT_00049,1527.7
OUT_00050,947.4
OUT_00051,1284.52
OUT_00052,1269.57
OUT_00053,1677.51
OUT_00054,1753.02
OUT_00055,1341.18
OUT_00056,1244.93
OUT_00057,972.67
OUT_00058,1802.53
OUT_00059,885.04
OUT_00060,1108.22
OUT_00061,956.87
OUT_00062,999.13
OUT_00063,934.0
OUT_00064,957.64
OUT_00065,823.86
OUT_00066,935.73
OUT_00067,822.07
OUT_00068,892.05
OUT_00069,953.93
OUT_00070,903.44
OUT_00071,953.61
OUT_00072,938.04
OUT_00073,968.23
OUT_00074,1067.45
OUT_00075,865.15
OUT_00076,920.8
OUT_00077,937.09
OUT_00078,1052.01
OUT_00079,1199.88
OUT_00080,859.34
OUT_00081,897.9
OUT_00082,912.83
OUT_00083,837.96
OUT_00084,785.77
OUT_00085,937.0
OUT_00086,922.45
OUT_00087,1034.94
OUT_00088,924.89
OUT_00089,827.93
OUT_00090,840.04
OUT_00091,797.92
OUT_00092,1016.26
OUT_00093,925.12
OUT_00094,881.31
OUT_00095,957.3
OUT_00096,1031.89
OUT_00097,885.87
OUT_00098,884.31
OUT_00099,883.56
OUT_00100,895.34
OUT_00101,908.49
OUT_00102,904.65
OUT_00103,859.31
OUT_00104,968.39
OUT_00105,943.22
OUT_00106,842.62
OUT_00107,878.9
OUT_00108,960.52
OUT_00109,933.84
OUT_00110,883.89
OUT_00111,901.94
OUT_00112,1001.56
OUT_00113,1013.86
OUT_00114,879.53
OUT_00115,800.97
OUT_00116,929.96
OUT_00117,999.77
OUT_00118,967.92
OUT_00119,858.79
OUT_00120,997.56
OUT_00121,907.6
OUT_00122,878.01
OUT_00123,876.75
OUT_00124,930.89
OUT_00125,907.44
OUT_00126,741.25
OUT_00127,936.54
OUT_00128,849.23
OUT_00129,899.99
OUT_00130,845.66
OUT_00131,978.5
OUT_00132,833.68
OUT_00133,759.18
OUT_00134,961.79
OUT_00135,862.12
OUT_00136,932.93
OUT_00137,1181.2
OUT_00138,832.51
OUT_00139,864.6
OUT_00140,793.59
OUT_00141,957.41
OUT_00142,935.99
OUT_00143,956.46
OUT_00144,884.86
OUT_00145,884.69
OUT_00146,951.64
OUT_00147,1048.09
OUT_00148,875.95
OUT_00149,823.7
OUT_00150,865.86
OUT_00151,855.22
OUT_00152,897.69
OUT_00153,968.04
OUT_00154,822.01
OUT_00155,945.13
OUT_00156,915.89
OUT_00157,951.63
OUT_00158,909.28
OUT_00159,856.78
OUT_00160,959.21
OUT_00161,869.06
OUT_00162,809.1
OUT_00163,828.6
OUT_00164,933.35
OUT_00165,898.91
OUT_00166,889.22
OUT_00167,1068.62
OUT_00168,928.66
OUT_00169,853.44
OUT_00170,892.55
OUT_00171,915.64
OUT_00172,878.47
OUT_00173,874.8
OUT_00174,827.99
OUT_00175,970.04
OUT_00176,928.51
OUT_00177,824.45
OUT_00178,1085.03
OUT_00179,887.06
OUT_00180,922.14
OUT_00181,882.87
OUT_00182,1095.4
OUT_00183,914.21
OUT_00184,880.53
OUT_00185,884.73
OUT_00186,958.54
OUT_00187,891.99
OUT_00188,949.04
OUT_00189,945.79
OUT_00190,934.19
OUT_00191,1019.55
OUT_00192,902.32
OUT_00193,855.03
OUT_00194,917.09
OUT_00195,941.35
OUT_00196,931.9
OUT_00197,763.71
OUT_00198,908.14
OUT_00199,903.15
OUT_00200,852.92
OUT_00201,745.7
OUT_00202,797.51
OUT_00203,918.52
OUT_00204,839.99
OUT_00205,959.61
OUT_00206,939.86
OUT_00207,972.58
OUT_00208,829.51
OUT_00209,845.51
OUT_00210,834.54
OUT_00211,895.34
OUT_00212,931.11
OUT_00213,1131.94
OUT_00214,919.68
OUT_00215,984.91
OUT_00216,886.74
OUT_00217,954.59
OUT_00218,865.79
OUT_00219,999.42
OUT_00220,898.68
OUT_00221,885.15
OUT_00222,969.81
OUT_00223,859.75
OUT_00224,906.16
OUT_00225,944.45
OUT_00226,910.55
OUT_00227,982.12
OUT_00228,830.14
OUT_00229,804.58
OUT_00230,797.32
OUT_00231,951.74
OUT_00232,934.7
OUT_00233,941.25
OUT_00234,901.8
OUT_00235,804.46
OUT_00236,842.68
OUT_00237,1068.46
OUT_00238,875.11
OUT_00239,919.1
OUT_00240,728.34
OUT_00241,1006.22
OUT_00242,924.86
OUT_00243,895.27
OUT_00244,774.33
OUT_00245,857.66
OUT_00246,929.81
OUT_00247,1296.44
OUT_00248,754.57
OUT_00249,939.04
OUT_00250,965.09
OUT_00251,905.56
OUT_00252,930.37
OUT_00253,900.11
OUT_00254,789.79
OUT_00255,959.2
OUT_00256,723.53
OUT_00257,971.73
OUT_00258,1044.08
OUT_00259,976.14
OUT_00260,834.75
OUT_00261,1051.44
OUT_00262,915.57
OUT_00263,903.58
OUT_00264,944.01
OUT_00265,865.48
OUT_00266,1001.62
OUT_00267,1042.64
OUT_00268,845.35
OUT_00269,844.12
OUT_00270,882.51
OUT_00271,835.26
OUT_00272,866.59
OUT_00273,916.54
OUT_00274,848.03
OUT_00275,1008.02
OUT_00276,826.75
OUT_00277,960.16
OUT_00278,985.0
OUT_00279,968.4
OUT_00280,813.66
OUT_00281,787.12
OUT_00282,793.06
OUT_00283,806.98
OUT_00284,794.96
OUT_00285,757.63
OUT_00286,912.74
OUT_00287,927.29
OUT_00288,888.55
OUT_00289,833.71
OUT_00290,880.46
OUT_00291,1027.0
OUT_00292,869.76
OUT_00293,903.42
OUT_00294,858.51
OUT_00295,890.49
OUT_00296,982.5
OUT_00297,963.5
OUT_00298,838.34
OUT_00299,882.48
OUT_00300,781.04
OUT_00301,944.2
OUT_00302,882.86
OUT_00303,1012.32
OUT_00304,788.0
OUT_00305,764.81
OUT_00306,904.94
OUT_00307,882.57
OUT_00308,900.87
OUT_00309,915.35
OUT_00310,904.86
OUT_00311,905.75
OUT_00312,857.05
OUT_00313,906.8
OUT_00314,795.99
OUT_00315,962.58
OUT_00316,854.53
OUT_00317,957.3
OUT_00318,953.99
OUT_00319,872.18
OUT_00320,865.34
OUT_00321,755.84
OUT_00322,923.14
OUT_00323,872.26
OUT_00324,813.88
OUT_00325,795.44
OUT_00326,935.42
OUT_00327,1039.82
OUT_00328,915.52
OUT_00329,919.97
OUT_00330,951.37
OUT_00331,801.29
OUT_00332,791.71
OUT_00333,870.22
OUT_00334,1106.1
OUT_00335,878.59
OUT_00336,919.46
OUT_00337,784.17
OUT_00338,893.74
OUT_00339,1131.41
OUT_00340,1024.29
OUT_00341,846.53
OUT_00342,951.09
OUT_00343,965.22
OUT_00344,884.33
OUT_00345,902.65
OUT_00346,948.88
OUT_00347,973.85
OUT_00348,885.6
OUT_00349,868.27
OUT_00350,887.54
OUT_00351,947.56
OUT_00352,805.67
OUT_00353,918.03
OUT_00354,921.44
OUT_00355,907.1
OUT_00356,892.81
OUT_00357,814.04
OUT_00358,880.67
OUT_00359,967.73
OUT_00360,802.62
OUT_00361,1024.17
OUT_00362,900.92
OUT_00363,976.56
OUT_00364,811.7
OUT_00365,850.41
OUT_00366,842.63
OUT_00367,925.47
OUT_00368,928.86
OUT_00369,935.25
OUT_00370,910.86
OUT_00371,885.65
OUT_00372,871.52
OUT_00373,907.17
OUT_00374,788.47
OUT_00375,789.14
OUT_00376,838.21
OUT_00377,880.3
OUT_00378,1020.71
OUT_00379,854.7
OUT_00380,857.48
OUT_00381,1016.21
OUT_00382,852.56
OUT_00383,875.73
OUT_00384,930.37
OUT_00385,967.47
OUT_00386,972.67
OUT_00387,1139.85
OUT_00388,804.99
OUT_00389,823.73
OUT_00390,893.52
OUT_00391,880.43
OUT_00392,924.08
OUT_00393,948.41
OUT_00394,939.81
OUT_00395,931.91
OUT_00396,923.64
OUT_00397,955.59
OUT_00398,921.44
OUT_00399,845.11
OUT_00400,923.58
OUT_00401,139.72
OUT_00402,1023.92
OUT_00403,281.49
OUT_00404,129.57
OUT_00405,324.73
OUT_00406,139.78
OUT_00407,152.93
OUT_00408,126.81
OUT_00409,309.07
OUT_00410,280.33
OUT_00411,113.64
OUT_00412,97.21
OUT_00413,911.27
OUT_00414,121.57
OUT_00415,141.4
OUT_00416,298.43
OUT_00417,893.1
OUT_00418,277.1
OUT_00419,117.84
OUT_00420,109.03
OUT_00421,237.36
OUT_00422,322.17
OUT_00423,834.96
OUT_00424,828.13
OUT_00425,148.86
OUT_00426,268.28
OUT_00427,257.47
OUT_00428,2054.6
OUT_00429,245.29
OUT_00430,171.02
OUT_00431,97.7
OUT_00432,2155.94
OUT_00433,287.32
OUT_00434,2170.32
OUT_00435,294.67
OUT_00436,129.55
OUT_00437,129.31
OUT_00438,279.69
OUT_00439,276.25
OUT_00440,159.34
OUT_00441,182.49
OUT_00442,148.42
OUT_00443,307.74
OUT_00444,285.27
OUT_00445,1000.74
OUT_00446,161.7
OUT_00447,116.36
OUT_00448,145.07
OUT_00449,2160.07
OUT_00450,945.37
OUT_00451,134.11
OUT_00452,170.1
OUT_00453,286.64
OUT_00454,266.3
OUT_00455,2114.04
OUT_00456,277.17
OUT_00457,940.2
OUT_00458,122.68
OUT_00459,297.12
OUT_00460,313.72
OUT_00461,141.47
OUT_00462,141.7
OUT_00463,1121.71
OUT_00464,168.87
OUT_00465,308.18
OUT_00466,886.43
OUT_00467,117.58
OUT_00468,914.68
OUT_00469,182.83
OUT_00470,130.45
OUT_00471,251.29
OUT_00472,293.87
OUT_00473,152.49
OUT_00474,97.32
OUT_00475,144.87
OUT_00476,277.88
OUT_00477,158.59
OUT_00478,244.4
OUT_00479,120.18
OUT_00480,158.9
OUT_00481,112.38
OUT_00482,290.39
OUT_00483,123.2
OUT_00484,134.86
OUT_00485,325.84
OUT_00486,300.73
OUT_00487,139.79
OUT_00488,104.12
OUT_00489,339.54
OUT_00490,141.41
OUT_00491,96.23
OUT_00492,990.89
OUT_00493,327.56
OUT_00494,133.14
OUT_00495,126.84
OUT_00496,159.67
OUT_00497,241.21
OUT_00498,316.97
OUT_00499,294.47
OUT_00500,120.18
OUT_00501,277.41
OUT_00502,225.78
OUT_00503,866.62
OUT_00504,242.46
OUT_00505,140.98
OUT_00506,2065.14
OUT_00507,2189.14
OUT_00508,294.82
OUT_00509,261.08
OUT_00510,288.53
OUT_00511,283.06
OUT_00512,128.51
OUT_00513,131.01
OUT_00514,82.05
OUT_00515,902.11
OUT_00516,145.4
OUT_00517,276.69
OUT_00518,245.93
OUT_00519,140.31
OUT_00520,105.31
OUT_00521,142.62
OUT_00522,145.11
OUT_00523,112.57
OUT_00524,136.52
OUT_00525,882.79
OUT_00526,296.55
OUT_00527,307.88
OUT_00528,298.2
OUT_00529,311.14
OUT_00530,1014.93
OUT_00531,150.89
OUT_00532,102.1
OUT_00533,150.87
OUT_00534,941.26
OUT_00535,75.66
OUT_00536,126.05
OUT_00537,112.54
OUT_00538,152.37
OUT_00539,1001.5
OUT_00540,110.25
OUT_00541,335.2
OUT_00542,119.98
OUT_00543,120.05
OUT_00544,117.23
OUT_00545,319.78
OUT_00546,245.13
OUT_00547,146.56
OUT_00548,94.5
OUT_00549,108.12
OUT_00550,283.79
OUT_00551,1002.47
OUT_00552,125.42
OUT_00553,236.53
OUT_00554,112.12
OUT_00555,152.12
OUT_00556,293.59
OUT_00557,103.48
OUT_00558,120.95
OUT_00559,144.45
OUT_00560,281.74
OUT_00561,154.35
OUT_00562,139.88
OUT_00563,132.02
OUT_00564,138.09
OUT_00565,344.23
OUT_00566,161.69
OUT_00567,958.3
OUT_00568,2198.52
OUT_00569,135.52
OUT_00570,904.25
OUT_00571,147.18
OUT_00572,154.77
OUT_00573,836.65
OUT_00574,280.76
OUT_00575,129.61
OUT_00576,278.3
OUT_00577,1183.38
OUT_00578,144.81
OUT_00579,2106.82
OUT_00580,1062.47
OUT_00581,894.79
OUT_00582,318.9
OUT_00583,138.21
OUT_00584,149.9
OUT_00585,281.73
OUT_00586,235.58
OUT_00587,206.29
OUT_00588,118.5
OUT_00589,1037.55
OUT_00590,264.78
OUT_00591,851.17
OUT_00592,156.51
OUT_00593,142.64
OUT_00594,298.03
OUT_00595,250.7
OUT_00596,110.99
OUT_00597,138.4
OUT_00598,121.76
OUT_00599,97.34
OUT_00600,862.17
OUT_00601,318.88
OUT_00602,139.39
OUT_00603,1147.65
OUT_00604,317.31
OUT_00605,139.14
OUT_00606,1156.69
OUT_00607,935.08
OUT_00608,333.72
OUT_00609,259.11
OUT_00610,907.94
OUT_00611,150.02
OUT_00612,151.08
OUT_00613,156.78
OUT_00614,1028.44
OUT_00615,87.55
OUT_00616,316.89
OUT_00617,254.09
OUT_00618,294.1
OUT_00619,2234.7
OUT_00620,352.94
OUT_00621,372.55
OUT_00622,101.72
OUT_00623,136.99
OUT_00624,300.19
OUT_00625,294.4
OUT_00626,893.63
OUT_00627,203.74
OUT_00628,129.11
OUT_00629,313.64
OUT_00630,150.09
OUT_00631,153.59
OUT_00632,138.62
OUT_00633,978.02
OUT_00634,322.14
OUT_00635,295.76
OUT_00636,237.16
OUT_00637,245.52
OUT_00638,322.76
OUT_00639,1021.03
OUT_00640,240.66
OUT_00641,130.86
OUT_00642,262.67
OUT_00643,254.38
OUT_00644,276.87
OUT_00645,243.3
OUT_00646,120.19
OUT_00647,155.34
OUT_00648,312.65
OUT_00649,992.06
OUT_00650,271.08
OUT_00651,92.84
OUT_00652,281.6
OUT_00653,134.45
OUT_00654,145.15
OUT_00655,110.08
OUT_00656,247.14
OUT_00657,104.95
OUT_00658,317.19
OUT_00659,137.25
OUT_00660,930.72
OUT_00661,231.73
OUT_00662,331.08
OUT_00663,318.18
OUT_00664,124.76
OUT_00665,142.03
OUT_00666,964.73
OUT_00667,279.38
OUT_00668,141.17
OUT_00669,154.76
OUT_00670,251.39
OUT_00671,334.78
OUT_00672,148.65
OUT_00673,272.28
OUT_00674,820.64
OUT_00675,125.88
OUT_00676,126.08
OUT_00677,278.82
OUT_00678,129.69
OUT_00679,166.05
OUT_00680,234.65
OUT_00681,127.73
OUT_00682,126.34
OUT_00683,279.51
OUT_00684,2224.92
OUT_00685,104.51
OUT_00686,1056.45
OUT_00687,987.21
OUT_00688,153.78
OUT_00689,2184.66
OUT_00690,111.79
OUT_00691,2168.83
OUT_00692,136.47
OUT_00693,282.08
OUT_00694,1006.7
OUT_00695,132.92
OUT_00696,123.71
OUT_00697,288.06
OUT_00698,997.94
OUT_00699,917.87
OUT_00700,136.41
OUT_00701,141.59
OUT_00702,88.49
OUT_00703,260.03
OUT_00704,293.57
OUT_00705,140.85
OUT_00706,252.12
OUT_00707,130.47
OUT_00708,126.87
OUT_00709,131.69
OUT_00710,235.39
OUT_00711,125.73
OUT_00712,1005.2
OUT_00713,136.7
OUT_00714,120.94
OUT_00715,297.33
OUT_00716,85.38
OUT_00717,944.12
OUT_00718,138.78
OUT_00719,151.66
OUT_00720,1012.03
OUT_00721,132.08
OUT_00722,261.01
OUT_00723,120.35
OUT_00724,136.27
OUT_00725,105.64
OUT_00726,914.33
OUT_00727,355.35
OUT_00728,915.66
OUT_00729,113.19
OUT_00730,239.59
OUT_00731,878.95
OUT_00732,244.68
OUT_00733,236.71
OUT_00734,818.72
OUT_00735,142.1
OUT_00736,880.65
OUT_00737,959.32
OUT_00738,126.47
OUT_00739,145.63
OUT_00740,252.46
OUT_00741,172.59
OUT_00742,2276.86
OUT_00743,150.83
OUT_00744,211.23
OUT_00745,248.78
OUT_00746,850.37
OUT_00747,303.96
OUT_00748,161.08
OUT_00749,237.49
OUT_00750,232.68
OUT_00751,174.71
OUT_00752,126.37
OUT_00753,856.95
OUT_00754,147.53
OUT_00755,942.29
OUT_00756,213.67
OUT_00757,217.9
OUT_00758,143.05
OUT_00759,105.88
OUT_00760,117.4
OUT_00761,263.0
OUT_00762,131.08
OUT_00763,111.72
OUT_00764,308.73
OUT_00765,95.05
OUT_00766,107.1
OUT_00767,281.71
OUT_00768,108.43
OUT_00769,258.78
OUT_00770,129.58
OUT_00771,307.38
OUT_00772,273.24
OUT_00773,939.2
OUT_00774,109.54
OUT_00775,310.0
OUT_00776,127.07
OUT_00777,133.8
OUT_00778,2059.86
OUT_00779,231.36
OUT_00780,138.55
OUT_00781,141.15
OUT_00782,122.77
OUT_00783,106.99
OUT_00784,134.82
OUT_00785,277.18
OUT_00786,135.58
OUT_00787,280.66
OUT_00788,267.05
OUT_00789,943.86
OUT_00790,129.07
OUT_00791,2230.79
OUT_00792,1083.67
OUT_00793,219.33
OUT_00794,118.01
OUT_00795,933.28
OUT_00796,120.18
OUT_00797,245.68
OUT_00798,252.32
OUT_00799,928.04
OUT_00800,869.7
OUT_00801,125.05
OUT_00802,132.82
OUT_00803,282.72
OUT_00804,124.56
OUT_00805,132.07
OUT_00806,116.48
OUT_00807,168.1
OUT_00808,232.71
OUT_00809,259.76
OUT_00810,146.06
OUT_00811,133.5
OUT_00812,123.73
OUT_00813,136.83
OUT_00814,141.94
OUT_00815,2106.51
OUT_00816,135.79
OUT_00817,111.76
OUT_00818,162.98
OUT_00819,115.08
OUT_00820,119.75
OUT_00821,164.04
OUT_00822,223.0
OUT_00823,947.8
OUT_00824,127.88
OUT_00825,246.41
OUT_00826,286.21
OUT_00827,148.1
OUT_00828,256.64
OUT_00829,144.62
OUT_00830,114.29
OUT_00831,169.66
OUT_00832,128.37
OUT_00833,317.8
OUT_00834,278.5
OUT_00835,286.08
OUT_00836,290.19
OUT_00837,1097.7
OUT_00838,258.76
OUT_00839,153.76
OUT_00840,2110.94
OUT_00841,143.31
OUT_00842,128.15
OUT_00843,313.06
OUT_00844,120.26
OUT_00845,281.98
OUT_00846,114.82
OUT_00847,216.78
OUT_00848,284.1
OUT_00849,260.7
OUT_00850,138.45
OUT_00851,120.12
OUT_00852,335.74
OUT_00853,2233.49
OUT_00854,245.79
OUT_00855,99.91
OUT_00856,2154.95
OUT_00857,929.68
OUT_00858,117.39
OUT_00859,140.88
OUT_00860,119.82
OUT_00861,133.75
OUT_00862,130.52
OUT_00863,135.06
OUT_00864,91.2
OUT_00865,304.7
OUT_00866,257.38
OUT_00867,262.18
OUT_00868,151.74
OUT_00869,141.19
OUT_00870,269.53
OUT_00871,951.13
OUT_00872,161.55
OUT_00873,955.27
OUT_00874,306.98
OUT_00875,157.4
OUT_00876,120.19
OUT_00877,935.07
OUT_00878,281.15
OUT_00879,255.92
OUT_00880,109.69
OUT_00881,943.4
OUT_00882,160.47
OUT_00883,161.7
OUT_00884,312.9
OUT_00885,329.21
OUT_00886,2038.84
OUT_00887,118.87
OUT_00888,127.42
OUT_00889,305.59
OUT_00890,252.54
OUT_00891,371.69
OUT_00892,117.46
OUT_00893,154.89
OUT_00894,155.27
OUT_00895,223.25
OUT_00896,131.86
OUT_00897,296.43
OUT_00898,144.2
OUT_00899,144.31
OUT_00900,129.33
OUT_00901,150.29
OUT_00902,118.76
OUT_00903,937.12
OUT_00904,123.38
OUT_00905,144.39
OUT_00906,881.83
OUT_00907,124.85
OUT_00908,125.55
OUT_00909,139.14
OUT_00910,174.9
OUT_00911,145.7
OUT_00912,872.3
OUT_00913,246.85
OUT_00914,296.46
OUT_00915,127.4
OUT_00916,273.58
OUT_00917,219.97
OUT_00918,1168.41
OUT_00919,136.21
OUT_00920,268.33
OUT_00921,277.75
OUT_00922,107.46
OUT_00923,995.28
OUT_00924,231.49
OUT_00925,161.97
OUT_00926,127.92
OUT_00927,122.95
OUT_00928,121.4
OUT_00929,305.26
OUT_00930,312.83
OUT_00931,128.31
OUT_00932,158.65
OUT_00933,1112.8
OUT_00934,924.9
OUT_00935,254.36
OUT_00936,114.14
OUT_00937,886.77
OUT_00938,237.2
OUT_00939,132.25
OUT_00940,114.19
OUT_00941,252.98
OUT_00942,271.73
OUT_00943,887.86
OUT_00944,123.51
OUT_00945,274.21
OUT_00946,102.88
OUT_00947,125.33
OUT_00948,164.14
OUT_00949,116.11
OUT_00950,146.92
OUT_00951,244.41
OUT_00952,864.11
OUT_00953,137.1
OUT_00954,995.6
OUT_00955,282.55
OUT_00956,267.86
OUT_00957,128.92
OUT_00958,148.89
OUT_00959,141.19
OUT_00960,856.59
OUT_00961,119.24
OUT_00962,293.84
OUT_00963,265.2
OUT_00964,104.76
OUT_00965,2169.71
OUT_00966,124.31
OUT_00967,143.18
OUT_00968,135.2
OUT_00969,259.69
OUT_00970,104.87
OUT_00971,122.9
OUT_00972,287.03
OUT_00973,1088.01
OUT_00974,142.55
OUT_00975,94.55
OUT_00976,249.18
OUT_00977,119.57
OUT_00978,110.14
OUT_00979,137.99
OUT_00980,135.38
OUT_00981,282.49
OUT_00982,143.67
OUT_00983,106.35
OUT_00984,147.15
OUT_00985,352.79
OUT_00986,921.18
OUT_00987,142.05
OUT_00988,246.7
OUT_00989,130.47
OUT_00990,945.55
OUT_00991,128.24
OUT_00992,273.96
OUT_00993,122.8
OUT_00994,946.41
OUT_00995,1199.37
OUT_00996,2116.81
OUT_00997,255.05
OUT_00998,265.31
OUT_00999,283.09
OUT_01000,142.39
OUT_01001,133.72
OUT_01002,126.17
OUT_01003,157.07
OUT_01004,126.49
OUT_01005,228.19
OUT_01006,2227.44
OUT_01007,154.07
OUT_01008,281.96
OUT_01009,155.36
OUT_01010,238.82
OUT_01011,260.07
OUT_01012,313.18
OUT_01013,109.76
OUT_01014,258.93
OUT_01015,284.28
OUT_01016,254.16
OUT_01017,144.28
OUT_01018,978.34
OUT_01019,138.35
OUT_01020,108.46
OUT_01021,124.07
OUT_01022,168.9
OUT_01023,1019.47
OUT_01024,127.24
OUT_01025,331.6
OUT_01026,223.47
OUT_01027,133.35
OUT_01028,156.73
OUT_01029,97.92
OUT_01030,120.42
OUT_01031,145.05
OUT_01032,2111.43
OUT_01033,153.83
OUT_01034,149.41
OUT_01035,276.17
OUT_01036,929.8
OUT_01037,261.97
OUT_01038,308.4
OUT_01039,272.17
OUT_01040,310.7
OUT_01041,290.62
OUT_01042,147.08
OUT_01043,130.24
OUT_01044,2046.96
OUT_01045,147.01
OUT_01046,127.11
OUT_01047,100.47
OUT_01048,126.91
OUT_01049,307.39
OUT_01050,150.69
OUT_01051,293.26
OUT_01052,117.05
OUT_01053,127.96
OUT_01054,269.65
OUT_01055,118.22
OUT_01056,259.54
OUT_01057,107.68
OUT_01058,251.24
OUT_01059,300.38
OUT_01060,312.08
OUT_01061,2144.4
OUT_01062,107.72
OUT_01063,114.67
OUT_01064,142.57
OUT_01065,142.33
OUT_01066,116.89
OUT_01067,98.79
OUT_01068,113.11
OUT_01069,262.52
OUT_01070,99.89
OUT_01071,115.91
OUT_01072,278.28
OUT_01073,982.46
OUT_01074,266.13
OUT_01075,281.73
OUT_01076,285.25
OUT_01077,112.88
OUT_01078,133.62
OUT_01079,929.49
OUT_01080,228.14
OUT_01081,150.56
OUT_01082,113.21
OUT_01083,103.6
OUT_01084,110.14
OUT_01085,877.75
OUT_01086,264.51
OUT_01087,116.47
OUT_01088,119.32
OUT_01089,121.64
OUT_01090,1004.26
OUT_01091,128.05
OUT_01092,124.28
OUT_01093,259.22
OUT_01094,131.78
OUT_01095,144.68
OUT_01096,159.64
OUT_01097,319.81
OUT_01098,115.22
OUT_01099,975.17
OUT_01100,2123.61
OUT_01101,131.29
OUT_01102,258.54
OUT_01103,135.29
OUT_01104,125.92
OUT_01105,943.35
OUT_01106,144.03
OUT_01107,999.88
OUT_01108,2042.9
OUT_01109,296.99
OUT_01110,318.19
OUT_01111,254.12
OUT_01112,134.95
OUT_01113,141.11
OUT_01114,141.17
OUT_01115,232.09
OUT_01116,348.65
OUT_01117,154.84
OUT_01118,116.33
OUT_01119,107.1
OUT_01120,139.22
OUT_01121,325.03
OUT_01122,119.37
OUT_01123,257.18
OUT_01124,2142.24
OUT_01125,160.14
OUT_01126,154.87
OUT_01127,130.34
OUT_01128,101.04
OUT_01129,156.4
OUT_01130,885.07
OUT_01131,111.53
OUT_01132,141.89
OUT_01133,885.74
OUT_01134,937.35
OUT_01135,886.16
OUT_01136,112.75
OUT_01137,268.62
OUT_01138,280.21
OUT_01139,130.89
OUT_01140,101.55
OUT_01141,116.11
OUT_01142,285.29
OUT_01143,107.94
OUT_01144,107.72
OUT_01145,274.66
OUT_01146,2162.56
OUT_01147,158.14
OUT_01148,248.26
OUT_01149,308.13
OUT_01150,104.08
OUT_01151,100.82
OUT_01152,2099.96
OUT_01153,906.73
OUT_01154,136.6
OUT_01155,149.41
OUT_01156,267.99
OUT_01157,309.99
OUT_01158,105.25
OUT_01159,105.75
OUT_01160,111.45
OUT_01161,129.79
OUT_01162,107.28
OUT_01163,108.88
OUT_01164,984.47
OUT_01165,107.94
OUT_01166,245.49
OUT_01167,111.67
OUT_01168,150.2
OUT_01169,108.08
OUT_01170,102.99
OUT_01171,134.32
OUT_01172,101.4
OUT_01173,301.92
OUT_01174,126.17
OUT_01175,901.35
OUT_01176,280.37
OUT_01177,118.86
OUT_01178,998.01
OUT_01179,228.57
OUT_01180,260.73
OUT_01181,139.25
OUT_01182,298.04
OUT_01183,137.3
OUT_01184,136.98
OUT_01185,84.47
OUT_01186,108.35
OUT_01187,148.73
OUT_01188,122.1
OUT_01189,146.52
OUT_01190,126.22
OUT_01191,298.07
OUT_01192,94.38
OUT_01193,99.56
OUT_01194,142.27
OUT_01195,255.88
OUT_01196,64.49
OUT_01197,886.09
OUT_01198,247.17
OUT_01199,142.73
OUT_01200,106.43
OUT_01201,157.18
OUT_01202,123.35
OUT_01203,975.06
OUT_01204,274.91
OUT_01205,122.87
OUT_01206,128.45
OUT_01207,2281.55
OUT_01208,124.82
OUT_01209,124.96
OUT_01210,324.07
OUT_01211,285.24
OUT_01212,2239.53
OUT_01213,134.32
OUT_01214,969.64
OUT_01215,999.87
OUT_01216,132.13
OUT_01217,1150.14
OUT_01218,273.21
OUT_01219,133.29
OUT_01220,293.87
OUT_01221,2058.68
OUT_01222,153.55
OUT_01223,247.76
OUT_01224,277.51
OUT_01225,261.45
OUT_01226,118.88
OUT_01227,126.17
OUT_01228,127.28
OUT_01229,135.12
OUT_01230,275.06
OUT_01231,180.68
OUT_01232,151.29
OUT_01233,307.44
OUT_01234,122.95
OUT_01235,215.27
OUT_01236,912.42
OUT_01237,122.12
OUT_01238,309.55
OUT_01239,1147.63
OUT_01240,137.19
OUT_01241,2080.87
OUT_01242,176.3
OUT_01243,139.84
OUT_01244,137.57
OUT_01245,123.45
OUT_01246,884.59
OUT_01247,84.38
OUT_01248,96.81
OUT_01249,131.24
OUT_01250,243.4
OUT_01251,152.61
OUT_01252,134.72
OUT_01253,946.56
OUT_01254,121.28
OUT_01255,121.49
OUT_01256,144.39
OUT_01257,127.17
OUT_01258,236.97
OUT_01259,117.79
OUT_01260,120.77
OUT_01261,121.67
OUT_01262,998.96
OUT_01263,948.11
OUT_01264,137.62
OUT_01265,233.38
OUT_01266,294.49
OUT_01267,912.63
OUT_01268,259.05
OUT_01269,134.75
OUT_01270,1000.46
OUT_01271,119.9
OUT_01272,282.55
OUT_01273,912.04
OUT_01274,115.49
OUT_01275,144.12
OUT_01276,127.61
OUT_01277,138.13
OUT_01278,109.66
OUT_01279,265.09
OUT_01280,149.32
OUT_01281,281.9
OUT_01282,118.29
OUT_01283,124.14
OUT_01284,305.26
OUT_01285,122.34
OUT_01286,110.76
OUT_01287,767.17
OUT_01288,912.94
OUT_01289,126.64
OUT_01290,293.4
OUT_01291,944.79
OUT_01292,935.52
OUT_01293,282.54
OUT_01294,153.89
OUT_01295,327.85
OUT_01296,169.54
OUT_01297,141.44
OUT_01298,275.1
OUT_01299,2026.08
OUT_01300,210.01
OUT_01301,134.0
OUT_01302,140.14
OUT_01303,126.15
OUT_01304,947.28
OUT_01305,117.05
OUT_01306,284.13
OUT_01307,449.52
OUT_01308,110.8
OUT_01309,162.02
OUT_01310,119.13
OUT_01311,123.45
OUT_01312,136.91
OUT_01313,116.39
OUT_01314,290.7
OUT_01315,108.53
OUT_01316,2173.05
OUT_01317,99.35
OUT_01318,131.81
OUT_01319,115.92
OUT_01320,143.74
OUT_01321,123.27
OUT_01322,116.7
OUT_01323,380.82
OUT_01324,109.66
OUT_01325,222.15
OUT_01326,99.93
OUT_01327,127.55
OUT_01328,125.7
OUT_01329,140.21
OUT_01330,107.2
OUT_01331,1088.47
OUT_01332,289.33
OUT_01333,146.79
OUT_01334,232.82
OUT_01335,110.85
OUT_01336,134.12
OUT_01337,163.75
OUT_01338,1002.89
OUT_01339,129.9
OUT_01340,135.41
OUT_01341,138.41
OUT_01342,305.71
OUT_01343,118.65
OUT_01344,148.21
OUT_01345,118.68
OUT_01346,328.26
OUT_01347,254.4
OUT_01348,308.95
OUT_01349,150.93
OUT_01350,260.18
OUT_01351,149.38
OUT_01352,943.18
OUT_01353,135.08
OUT_01354,93.77
OUT_01355,854.4
OUT_01356,298.11
OUT_01357,138.58
OUT_01358,260.48
OUT_01359,146.38
OUT_01360,297.58
OUT_01361,148.1
OUT_01362,2158.69
OUT_01363,163.19
OUT_01364,239.97
OUT_01365,122.34
OUT_01366,266.05
OUT_01367,303.67
OUT_01368,132.81
OUT_01369,915.36
OUT_01370,119.3
OUT_01371,90.29
OUT_01372,226.54
OUT_01373,276.32
OUT_01374,302.78
OUT_01375,984.05
OUT_01376,2166.96
OUT_01377,220.12
OUT_01378,142.24
OUT_01379,152.88
OUT_01380,281.23
OUT_01381,103.03
OUT_01382,935.21
OUT_01383,249.92
OUT_01384,145.74
OUT_01385,248.75
OUT_01386,253.9
OUT_01387,118.36
OUT_01388,150.57
OUT_01389,1068.81
OUT_01390,174.56
OUT_01391,1192.35
OUT_01392,148.0
OUT_01393,134.17
OUT_01394,142.42
OUT_01395,240.75
OUT_01396,928.52
OUT_01397,101.59
OUT_01398,143.43
OUT_01399,154.73
OUT_01400,962.19
OUT_01401,257.05
OUT_01402,153.04
OUT_01403,281.86
OUT_01404,122.27
OUT_01405,89.01
OUT_01406,117.34
OUT_01407,132.05
OUT_01408,257.55
OUT_01409,871.54
OUT_01410,939.96
OUT_01411,867.09
OUT_01412,239.83
OUT_01413,268.82
OUT_01414,127.1
OUT_01415,97.19
OUT_01416,159.13
OUT_01417,238.58
OUT_01418,250.62
OUT_01419,239.65
OUT_01420,970.0
OUT_01421,121.54
OUT_01422,100.23
OUT_01423,123.07
OUT_01424,124.43
OUT_01425,264.81
OUT_01426,136.32
OUT_01427,127.43
OUT_01428,236.64
OUT_01429,114.42
OUT_01430,158.85
OUT_01431,151.43
OUT_01432,126.97
OUT_01433,123.54
OUT_01434,117.89
OUT_01435,146.31
OUT_01436,287.87
OUT_01437,887.99
OUT_01438,122.9
OUT_01439,296.96
OUT_01440,2128.66
OUT_01441,280.31
OUT_01442,245.4
OUT_01443,129.24
OUT_01444,264.7
OUT_01445,302.96
OUT_01446,99.64
OUT_01447,804.12
OUT_01448,270.76
OUT_01449,286.55
OUT_01450,126.07
OUT_01451,293.33
OUT_01452,120.1
OUT_01453,864.59
OUT_01454,120.24
OUT_01455,148.13
OUT_01456,136.82
OUT_01457,129.66
OUT_01458,305.59
OUT_01459,137.9
OUT_01460,248.63
OUT_01461,1028.06
OUT_01462,94.27
OUT_01463,80.1
OUT_01464,129.07
OUT_01465,158.99
OUT_01466,144.0
OUT_01467,169.07
OUT_01468,123.48
OUT_01469,158.12
OUT_01470,252.11
OUT_01471,2136.73
OUT_01472,2017.41
OUT_01473,922.06
OUT_01474,146.06
OUT_01475,127.07
OUT_01476,261.76
OUT_01477,170.11
OUT_01478,118.25
OUT_01479,124.06
OUT_01480,128.29
OUT_01481,933.84
OUT_01482,127.06
OUT_01483,220.17
OUT_01484,132.1
OUT_01485,1112.26
OUT_01486,108.8
OUT_01487,163.91
OUT_01488,119.42
OUT_01489,137.55
OUT_01490,262.2
OUT_01491,126.6
OUT_01492,160.06
OUT_01493,109.94
OUT_01494,147.54
OUT_01495,258.04
OUT_01496,150.64
OUT_01497,271.83
OUT_01498,243.15
OUT_01499,252.93
OUT_01500,924.92
OUT_01501,153.26
OUT_01502,281.04
OUT_01503,930.74
OUT_01504,281.78
OUT_01505,2157.27
OUT_01506,1076.52
OUT_01507,993.25
OUT_01508,124.81
OUT_01509,113.13
OUT_01510,295.12
OUT_01511,115.43
OUT_01512,125.48
OUT_01513,124.75
OUT_01514,2018.13
OUT_01515,117.68
OUT_01516,151.48
OUT_01517,136.98
OUT_01518,307.9
OUT_01519,140.11
OUT_01520,1020.69
OUT_01521,284.88
OUT_01522,124.24
OUT_01523,251.22
OUT_01524,283.66
OUT_01525,129.99
OUT_01526,286.03
OUT_01527,1075.53
OUT_01528,2086.37
OUT_01529,146.42
OUT_01530,140.6
OUT_01531,112.9
OUT_01532,945.5
OUT_01533,150.2
OUT_01534,143.03
OUT_01535,112.08
OUT_01536,140.58
OUT_01537,129.92
OUT_01538,147.56
OUT_01539,142.43
OUT_01540,998.3
OUT_01541,157.55
OUT_01542,136.25
OUT_01543,161.24
OUT_01544,154.39
OUT_01545,338.26
OUT_01546,437.39
OUT_01547,345.45
OUT_01548,127.76
OUT_01549,310.23
OUT_01550,241.51
OUT_01551,136.56
OUT_01552,296.28
OUT_01553,260.74
OUT_01554,2078.55
OUT_01555,159.68
OUT_01556,149.9
OUT_01557,2185.95
OUT_01558,128.38
OUT_01559,1003.87
OUT_01560,1123.36
OUT_01561,116.55
OUT_01562,122.6
OUT_01563,268.42
OUT_01564,169.28
OUT_01565,243.41
OUT_01566,98.76
OUT_01567,2138.66
OUT_01568,144.75
OUT_01569,133.94
OUT_01570,1074.07
OUT_01571,120.02
OUT_01572,318.62
OUT_01573,134.9
OUT_01574,135.08
OUT_01575,128.6
OUT_01576,128.19
OUT_01577,282.65
OUT_01578,258.85
OUT_01579,126.05
OUT_01580,151.31
OUT_01581,246.41
OUT_01582,949.08
OUT_01583,248.11
OUT_01584,130.75
OUT_01585,114.67
OUT_01586,138.87
OUT_01587,139.24
OUT_01588,266.45
OUT_01589,285.05
OUT_01590,124.79
OUT_01591,135.7
OUT_01592,125.11
OUT_01593,911.01
OUT_01594,294.41
OUT_01595,2323.7
OUT_01596,273.74
OUT_01597,114.68
OUT_01598,348.17
OUT_01599,143.07
OUT_01600,145.65
OUT_01601,99.92
OUT_01602,292.53
OUT_01603,153.91
OUT_01604,145.49
OUT_01605,998.26
OUT_01606,107.42
OUT_01607,138.97
OUT_01608,129.57
OUT_01609,224.94
OUT_01610,223.74
OUT_01611,81.54
OUT_01612,127.86
OUT_01613,137.26
OUT_01614,119.15
OUT_01615,126.8
OUT_01616,137.32
OUT_01617,142.08
OUT_01618,143.59
OUT_01619,330.86
OUT_01620,313.92
OUT_01621,1172.61
OUT_01622,117.02
OUT_01623,111.23
OUT_01624,2270.78
OUT_01625,131.17
OUT_01626,140.89
OUT_01627,155.93
OUT_01628,128.87
OUT_01629,854.38
OUT_01630,141.39
OUT_01631,122.58
OUT_01632,129.52
OUT_01633,127.77
OUT_01634,899.2
OUT_01635,268.46
OUT_01636,217.84
OUT_01637,110.83
OUT_01638,258.74
OUT_01639,1073.32
OUT_01640,2114.05
OUT_01641,2208.09
OUT_01642,116.64
OUT_01643,144.78
OUT_01644,131.86
OUT_01645,137.96
OUT_01646,139.0
OUT_01647,134.69
OUT_01648,152.29
OUT_01649,140.35
OUT_01650,2208.63
OUT_01651,160.48
OUT_01652,137.96
OUT_01653,254.44
OUT_01654,903.1
OUT_01655,119.45
OUT_01656,894.42
OUT_01657,143.5
OUT_01658,163.34
OUT_01659,122.81
OUT_01660,251.75
OUT_01661,252.21
OUT_01662,290.12
OUT_01663,132.04
OUT_01664,92.46
OUT_01665,2055.83
OUT_01666,1083.92
OUT_01667,237.13
OUT_01668,150.83
OUT_01669,114.52
OUT_01670,135.73
OUT_01671,131.23
OUT_01672,204.45
OUT_01673,141.08
OUT_01674,105.88
OUT_01675,232.87
OUT_01676,330.14
OUT_01677,101.85
OUT_01678,122.06
OUT_01679,885.79
OUT_01680,115.75
OUT_01681,126.37
OUT_01682,144.33
OUT_01683,151.36
OUT_01684,146.08
OUT_01685,127.69
OUT_01686,239.62
OUT_01687,110.15
OUT_01688,245.73
OUT_01689,156.5
OUT_01690,127.44
OUT_01691,1937.03
OUT_01692,343.92
OUT_01693,133.97
OUT_01694,973.99
OUT_01695,290.73
OUT_01696,114.19
OUT_01697,124.35
OUT_01698,145.13
OUT_01699,94.63
OUT_01700,119.67
OUT_01701,269.87
OUT_01702,145.25
OUT_01703,157.01
OUT_01704,293.16
OUT_01705,935.64
OUT_01706,134.5
OUT_01707,134.57
OUT_01708,306.41
OUT_01709,147.25
OUT_01710,310.35
OUT_01711,136.93
OUT_01712,2059.56
OUT_01713,123.86
OUT_01714,130.74
OUT_01715,284.44
OUT_01716,2142.94
OUT_01717,141.49
OUT_01718,284.88
OUT_01719,123.48
OUT_01720,143.78
OUT_01721,151.32
OUT_01722,148.34
OUT_01723,239.42
OUT_01724,135.19
OUT_01725,2072.9
OUT_01726,115.33
OUT_01727,127.89
OUT_01728,120.28
OUT_01729,138.87
OUT_01730,307.53
OUT_01731,252.89
OUT_01732,291.57
OUT_01733,139.13
OUT_01734,287.78
OUT_01735,1192.44
OUT_01736,2135.06
OUT_01737,1011.83
OUT_01738,274.56
OUT_01739,277.44
OUT_01740,906.06
OUT_01741,261.55
OUT_01742,270.16
OUT_01743,83.46
OUT_01744,136.41
OUT_01745,136.51
OUT_01746,290.32
OUT_01747,137.16
OUT_01748,152.01
OUT_01749,994.88
OUT_01750,120.84
OUT_01751,149.54
OUT_01752,130.72
OUT_01753,142.37
OUT_01754,314.4
OUT_01755,341.31
OUT_01756,314.39
OUT_01757,1040.08
OUT_01758,1216.37
OUT_01759,158.36
OUT_01760,2243.12
OUT_01761,130.25
OUT_01762,132.52
OUT_01763,250.76
OUT_01764,165.39
OUT_01765,147.76
OUT_01766,902.36
OUT_01767,1006.97
OUT_01768,285.54
OUT_01769,144.31
OUT_01770,269.17
OUT_01771,166.24
OUT_01772,305.56
OUT_01773,134.46
OUT_01774,357.56
OUT_01775,1036.6
OUT_01776,119.46
OUT_01777,149.45
OUT_01778,288.24
OUT_01779,100.05
OUT_01780,292.36
OUT_01781,117.87
OUT_01782,2339.31
OUT_01783,163.1
OUT_01784,187.46
OUT_01785,1200.25
OUT_01786,98.97
OUT_01787,172.78
OUT_01788,272.6
OUT_01789,134.32
OUT_01790,140.37
OUT_01791,129.76
OUT_01792,136.84
OUT_01793,132.27
OUT_01794,280.21
OUT_01795,300.25
OUT_01796,134.99
OUT_01797,117.75
OUT_01798,239.72
OUT_01799,161.61
OUT_01800,215.95
OUT_01801,972.93
OUT_01802,1074.87
OUT_01803,979.56
OUT_01804,322.74
OUT_01805,262.14
OUT_01806,999.83
OUT_01807,154.33
OUT_01808,271.68
OUT_01809,301.33
OUT_01810,138.88
OUT_01811,133.52
OUT_01812,70.57
OUT_01813,277.54
OUT_01814,310.3
OUT_01815,132.7
OUT_01816,158.56
OUT_01817,145.83
OUT_01818,145.75
OUT_01819,150.0
OUT_01820,300.11
OUT_01821,2116.72
OUT_01822,150.78
OUT_01823,149.19
OUT_01824,138.01
OUT_01825,1056.03
OUT_01826,1056.3
OUT_01827,1023.8
OUT_01828,258.71
OUT_01829,131.55
OUT_01830,94.07
OUT_01831,109.83
OUT_01832,117.86
OUT_01833,139.65
OUT_01834,939.21
OUT_01835,908.92
OUT_01836,108.53
OUT_01837,121.46
OUT_01838,251.81
OUT_01839,253.51
OUT_01840,135.77
OUT_01841,2065.35
OUT_01842,240.85
OUT_01843,134.84
OUT_01844,929.51
OUT_01845,150.66
OUT_01846,115.15
OUT_01847,941.22
OUT_01848,274.49
OUT_01849,142.25
OUT_01850,242.68
OUT_01851,1146.33
OUT_01852,1096.7
OUT_01853,292.78
OUT_01854,970.56
OUT_01855,139.74
OUT_01856,292.58
OUT_01857,123.21
OUT_01858,138.83
OUT_01859,171.98
OUT_01860,275.4
OUT_01861,270.26
OUT_01862,137.73
OUT_01863,272.14
OUT_01864,238.25
OUT_01865,128.56
OUT_01866,135.39
OUT_01867,110.58
OUT_01868,248.44
OUT_01869,2278.87
OUT_01870,129.44
OUT_01871,136.07
OUT_01872,209.35
OUT_01873,250.79
OUT_01874,143.7
OUT_01875,246.95
OUT_01876,272.49
OUT_01877,953.97
OUT_01878,851.97
OUT_01879,2161.95
OUT_01880,217.73
OUT_01881,126.63
OUT_01882,172.19
OUT_01883,119.02
OUT_01884,137.08
OUT_01885,348.54
OUT_01886,124.59
OUT_01887,980.94
OUT_01888,104.36
OUT_01889,230.93
OUT_01890,106.0
OUT_01891,1022.15
OUT_01892,241.51
OUT_01893,153.22
OUT_01894,295.08
OUT_01895,146.73
OUT_01896,126.9
OUT_01897,963.35
OUT_01898,271.91
OUT_01899,1100.37
OUT_01900,122.84
OUT_01901,2166.34
OUT_01902,130.42
OUT_01903,2129.76
OUT_01904,138.61
OUT_01905,119.0
OUT_01906,2156.07
OUT_01907,900.99
OUT_01908,824.67
OUT_01909,125.23
OUT_01910,135.81
OUT_01911,279.39
OUT_01912,138.79
OUT_01913,295.39
OUT_01914,169.09
OUT_01915,117.42
OUT_01916,107.13
OUT_01917,289.99
OUT_01918,114.42
OUT_01919,118.44
OUT_01920,141.11
OUT_01921,123.86
OUT_01922,138.54
OUT_01923,141.96
OUT_01924,137.24
OUT_01925,1067.04
OUT_01926,997.63
OUT_01927,300.09
OUT_01928,999.14
OUT_01929,311.51
OUT_01930,147.65
OUT_01931,119.89
OUT_01932,241.9
OUT_01933,89.83
OUT_01934,146.1
OUT_01935,85.14
OUT_01936,109.23
OUT_01937,2183.29
OUT_01938,306.88
OUT_01939,295.68
OUT_01940,141.09
OUT_01941,274.56
OUT_01942,109.57
OUT_01943,118.81
OUT_01944,2088.76
OUT_01945,129.75
OUT_01946,292.08
OUT_01947,117.41
OUT_01948,312.59
OUT_01949,96.89
OUT_01950,133.4
OUT_01951,874.08
OUT_01952,129.2
OUT_01953,931.04
OUT_01954,303.77
OUT_01955,959.04
OUT_01956,130.61
OUT_01957,113.37
OUT_01958,273.25
OUT_01959,155.52
OUT_01960,130.5
OUT_01961,863.53
OUT_01962,118.61
OUT_01963,966.79
OUT_01964,104.11
OUT_01965,258.07
OUT_01966,96.94
OUT_01967,935.09
OUT_01968,225.14
OUT_01969,120.44
OUT_01970,1942.13
OUT_01971,362.97
OUT_01972,119.26
OUT_01973,169.91
OUT_01974,142.89
OUT_01975,242.65
OUT_01976,234.54
OUT_01977,185.0
OUT_01978,106.89
OUT_01979,371.86
OUT_01980,254.65
OUT_01981,250.69
OUT_01982,1043.85
OUT_01983,310.0
OUT_01984,911.91
OUT_01985,1007.19
OUT_01986,122.99
OUT_01987,126.27
OUT_01988,229.41
OUT_01989,224.07
OUT_01990,133.21
OUT_01991,1015.16
OUT_01992,254.73
OUT_01993,182.21
OUT_01994,252.71
OUT_01995,124.2
OUT_01996,1041.49
OUT_01997,932.35
OUT_01998,148.33
OUT_01999,960.8
OUT_02000,279.88
OUT_02001,151.35
OUT_02002,171.29
OUT_02003,113.54
OUT_02004,131.8
OUT_02005,237.64
OUT_02006,322.61
OUT_02007,229.46
OUT_02008,258.7
OUT_02009,270.55
OUT_02010,92.0
OUT_02011,150.27
OUT_02012,320.45
OUT_02013,129.83
OUT_02014,906.06
OUT_02015,103.23
OUT_02016,1061.45
OUT_02017,1041.11
OUT_02018,273.97
OUT_02019,142.63
OUT_02020,109.24
OUT_02021,140.59
OUT_02022,2157.73
OUT_02023,139.99
OUT_02024,219.63
OUT_02025,2263.07
OUT_02026,488.58
OUT_02027,247.92
OUT_02028,275.72
OUT_02029,253.94
OUT_02030,295.15
OUT_02031,84.78
OUT_02032,300.21
OUT_02033,140.88
OUT_02034,2181.77
OUT_02035,110.31
OUT_02036,121.4
OUT_02037,127.65
OUT_02038,149.96
OUT_02039,127.9
OUT_02040,196.46
OUT_02041,139.84
OUT_02042,112.23
OUT_02043,246.15
OUT_02044,949.77
OUT_02045,232.35
OUT_02046,136.37
OUT_02047,1370.41
OUT_02048,148.86
OUT_02049,109.23
OUT_02050,89.82
OUT_02051,285.0
OUT_02052,138.14
OUT_02053,105.89
OUT_02054,861.19
OUT_02055,327.67
OUT_02056,2240.49
OUT_02057,288.12
OUT_02058,892.92
OUT_02059,230.56
OUT_02060,132.02
OUT_02061,118.69
OUT_02062,102.8
OUT_02063,107.58
OUT_02064,151.46
OUT_02065,126.78
OUT_02066,1038.95
OUT_02067,97.17
OUT_02068,994.47
OUT_02069,119.18
OUT_02070,102.55
OUT_02071,149.8
OUT_02072,1053.33
OUT_02073,2158.6
OUT_02074,137.83
OUT_02075,109.62
OUT_02076,108.3
OUT_02077,118.57
OUT_02078,2078.42
OUT_02079,265.45
OUT_02080,117.23
OUT_02081,114.62
OUT_02082,157.81
OUT_02083,2132.83
OUT_02084,281.06
OUT_02085,910.55
OUT_02086,272.56
OUT_02087,244.27
OUT_02088,938.35
OUT_02089,160.23
OUT_02090,136.35
OUT_02091,116.77
OUT_02092,311.89
OUT_02093,79.95
OUT_02094,828.39
OUT_02095,242.4
OUT_02096,2050.28
OUT_02097,861.52
OUT_02098,302.68
OUT_02099,286.26
OUT_02100,125.35
OUT_02101,200.2
OUT_02102,144.13
OUT_02103,311.39
OUT_02104,356.02
OUT_02105,113.59
OUT_02106,146.21
OUT_02107,94.67
OUT_02108,117.5
OUT_02109,154.71
OUT_02110,133.47
OUT_02111,168.1
OUT_02112,103.94
OUT_02113,290.34
OUT_02114,312.19
OUT_02115,141.96
OUT_02116,106.88
OUT_02117,108.45
OUT_02118,279.55
OUT_02119,221.62
OUT_02120,124.25
OUT_02121,932.69
OUT_02122,109.27
OUT_02123,285.94
OUT_02124,352.0
OUT_02125,138.13
OUT_02126,149.09
OUT_02127,114.76
OUT_02128,912.07
OUT_02129,179.14
OUT_02130,125.66
OUT_02131,903.93
OUT_02132,261.41
OUT_02133,977.91
OUT_02134,253.84
OUT_02135,278.06
OUT_02136,941.15
OUT_02137,324.35
OUT_02138,1008.34
OUT_02139,1185.24
OUT_02140,160.48
OUT_02141,244.3
OUT_02142,153.91
OUT_02143,280.07
OUT_02144,137.86
OUT_02145,127.94
OUT_02146,1101.58
OUT_02147,333.94
OUT_02148,247.81
OUT_02149,124.4
OUT_02150,142.47
OUT_02151,235.16
OUT_02152,2387.23
OUT_02153,135.7
OUT_02154,141.55
OUT_02155,226.84
OUT_02156,117.79
OUT_02157,281.57
OUT_02158,127.38
OUT_02159,121.93
OUT_02160,146.69
OUT_02161,129.73
OUT_02162,273.71
OUT_02163,117.13
OUT_02164,252.74
OUT_02165,145.06
OUT_02166,111.08
OUT_02167,130.95
OUT_02168,132.62
OUT_02169,106.81
OUT_02170,156.69
OUT_02171,103.28
OUT_02172,230.47
OUT_02173,73.85
OUT_02174,122.54
OUT_02175,136.57
OUT_02176,2184.5
OUT_02177,289.11
OUT_02178,128.48
OUT_02179,307.11
OUT_02180,2112.34
OUT_02181,868.14
OUT_02182,154.04
OUT_02183,247.59
OUT_02184,262.33
OUT_02185,292.18
OUT_02186,110.9
OUT_02187,255.25
OUT_02188,134.73
OUT_02189,134.35
OUT_02190,2160.15
OUT_02191,273.35
OUT_02192,258.16
OUT_02193,324.31
OUT_02194,146.93
OUT_02195,125.41
OUT_02196,258.35
OUT_02197,103.39
OUT_02198,109.98
OUT_02199,129.42
OUT_02200,321.12
OUT_02201,911.7
OUT_02202,107.4
OUT_02203,911.86
OUT_02204,292.0
OUT_02205,1021.48
OUT_02206,136.81
OUT_02207,888.77
OUT_02208,146.88
OUT_02209,154.41
OUT_02210,159.1
OUT_02211,156.65
OUT_02212,510.76
OUT_02213,87.18
OUT_02214,215.22
OUT_02215,301.91
OUT_02216,292.16
OUT_02217,892.76
OUT_02218,310.87
OUT_02219,264.9
OUT_02220,140.56
OUT_02221,169.36
OUT_02222,129.79
OUT_02223,292.82
OUT_02224,284.17
OUT_02225,138.6
OUT_02226,281.81
OUT_02227,130.63
OUT_02228,253.12
OUT_02229,286.87
OUT_02230,283.59
OUT_02231,124.33
OUT_02232,132.91
OUT_02233,126.5
OUT_02234,279.24
OUT_02235,108.2
OUT_02236,2069.56
OUT_02237,111.71
OUT_02238,986.9
OUT_02239,107.83
OUT_02240,136.87
OUT_02241,128.95
OUT_02242,921.69
OUT_02243,1080.81
OUT_02244,240.7
OUT_02245,129.93
OUT_02246,1020.79
OUT_02247,134.33
OUT_02248,334.81
OUT_02249,274.92
OUT_02250,124.16
OUT_02251,108.11
OUT_02252,154.77
OUT_02253,220.79
OUT_02254,267.35
OUT_02255,294.32
OUT_02256,112.17
OUT_02257,315.41
OUT_02258,128.44
OUT_02259,89.69
OUT_02260,155.14
OUT_02261,147.38
OUT_02262,152.7
OUT_02263,288.17
OUT_02264,116.08
OUT_02265,150.22
OUT_02266,121.0
OUT_02267,930.57
OUT_02268,101.55
OUT_02269,271.25
OUT_02270,137.32
OUT_02271,121.76
OUT_02272,298.69
OUT_02273,225.63
OUT_02274,122.1
OUT_02275,319.25
OUT_02276,117.01
OUT_02277,243.04
OUT_02278,115.18
OUT_02279,810.17
OUT_02280,283.04
OUT_02281,97.45
OUT_02282,148.25
OUT_02283,136.08
OUT_02284,302.93
OUT_02285,126.22
OUT_02286,847.21
OUT_02287,276.89
OUT_02288,329.59
OUT_02289,135.23
OUT_02290,118.81
OUT_02291,165.61
OUT_02292,146.64
OUT_02293,150.01
OUT_02294,160.79
OUT_02295,281.7
OUT_02296,250.38
OUT_02297,135.37
OUT_02298,981.0
OUT_02299,122.16
OUT_02300,75.38
OUT_02301,920.46
OUT_02302,126.48
OUT_02303,939.07
OUT_02304,279.79
OUT_02305,308.03
OUT_02306,185.34
OUT_02307,137.28
OUT_02308,892.36
OUT_02309,91.29
OUT_02310,1065.74
OUT_02311,297.21
OUT_02312,265.3
OUT_02313,439.86
OUT_02314,289.14
OUT_02315,137.18
OUT_02316,94.08
OUT_02317,100.59
OUT_02318,285.0
OUT_02319,122.02
OUT_02320,253.41
OUT_02321,167.89
OUT_02322,2128.29
OUT_02323,131.95
OUT_02324,347.67
OUT_02325,148.78
OUT_02326,134.87
OUT_02327,95.3
OUT_02328,136.26
OUT_02329,132.13
OUT_02330,160.11
OUT_02331,180.89
OUT_02332,208.85
OUT_02333,139.78
OUT_02334,993.04
OUT_02335,142.38
OUT_02336,137.67
OUT_02337,145.21
OUT_02338,134.07
OUT_02339,154.83
OUT_02340,131.91
OUT_02341,278.68
OUT_02342,149.26
OUT_02343,258.62
OUT_02344,907.52
OUT_02345,154.5
OUT_02346,968.42
OUT_02347,332.76
OUT_02348,134.41
OUT_02349,278.59
OUT_02350,326.97
OUT_02351,2225.43
OUT_02352,294.76
OUT_02353,334.45
OUT_02354,283.15
OUT_02355,283.65
OUT_02356,96.39
OUT_02357,104.29
OUT_02358,884.61
OUT_02359,148.02
OUT_02360,104.26
OUT_02361,282.05
OUT_02362,132.52
OUT_02363,122.96
OUT_02364,319.46
OUT_02365,317.42
OUT_02366,164.98
OUT_02367,150.52
OUT_02368,113.83
OUT_02369,857.55
OUT_02370,142.43
OUT_02371,2063.88
OUT_02372,144.27
OUT_02373,2201.41
OUT_02374,264.73
OUT_02375,231.14
OUT_02376,124.77
OUT_02377,101.82
OUT_02378,125.64
OUT_02379,250.65
OUT_02380,120.11
OUT_02381,103.12
OUT_02382,141.53
OUT_02383,2159.34
OUT_02384,288.47
OUT_02385,923.59
OUT_02386,862.24
OUT_02387,1162.51
OUT_02388,155.14
OUT_02389,175.07
OUT_02390,277.94
OUT_02391,278.54
OUT_02392,186.68
OUT_02393,109.44
OUT_02394,232.78
OUT_02395,127.7
OUT_02396,273.31
OUT_02397,150.58
OUT_02398,139.65
OUT_02399,907.22
OUT_02400,103.48
OUT_02401,2271.12
OUT_02402,135.84
OUT_02403,126.51
OUT_02404,983.38
OUT_02405,1189.85
OUT_02406,110.6
OUT_02407,228.74
OUT_02408,291.52
OUT_02409,274.86
OUT_02410,145.13
OUT_02411,144.0
OUT_02412,128.75
OUT_02413,114.52
OUT_02414,128.7
OUT_02415,987.59
OUT_02416,984.68
OUT_02417,156.37
OUT_02418,848.51
OUT_02419,236.47
OUT_02420,120.21
OUT_02421,156.91
OUT_02422,2247.39
OUT_02423,239.35
OUT_02424,101.5
OUT_02425,290.19
OUT_02426,103.83
OUT_02427,401.15
OUT_02428,310.63
OUT_02429,151.57
OUT_02430,240.97
OUT_02431,2145.08
OUT_02432,146.01
OUT_02433,108.62
OUT_02434,157.83
OUT_02435,125.47
OUT_02436,914.45
OUT_02437,2197.5
OUT_02438,131.36
OUT_02439,308.19
OUT_02440,152.37
OUT_02441,126.38
OUT_02442,270.62
OUT_02443,135.63
OUT_02444,1022.77
OUT_02445,275.91
OUT_02446,284.77
OUT_02447,115.11
OUT_02448,164.23
OUT_02449,96.79
OUT_02450,128.53
OUT_02451,308.66
OUT_02452,1187.3
OUT_02453,151.01
OUT_02454,292.92
OUT_02455,143.46
OUT_02456,114.57
OUT_02457,310.41
OUT_02458,959.58
OUT_02459,2174.51
OUT_02460,244.16
OUT_02461,164.0
OUT_02462,124.07
OUT_02463,133.07
OUT_02464,141.16
OUT_02465,143.6
OUT_02466,136.72
OUT_02467,119.51
OUT_02468,122.35
OUT_02469,243.97
OUT_02470,280.8
OUT_02471,2129.71
OUT_02472,218.22
OUT_02473,134.41
OUT_02474,156.57
OUT_02475,2140.31
OUT_02476,130.32
OUT_02477,165.17
OUT_02478,107.45
OUT_02479,957.16
OUT_02480,132.92
OUT_02481,138.71
OUT_02482,954.62
OUT_02483,159.96
OUT_02484,280.39
OUT_02485,123.07
OUT_02486,258.71
OUT_02487,121.47
OUT_02488,136.3
OUT_02489,120.44
OUT_02490,278.01
OUT_02491,151.13
OUT_02492,239.72
OUT_02493,152.14
OUT_02494,250.68
OUT_02495,112.62
OUT_02496,242.53
OUT_02497,136.9
OUT_02498,1035.83
OUT_02499,110.61
OUT_02500,245.75
OUT_02501,1063.21
OUT_02502,290.55
OUT_02503,129.66
OUT_02504,130.59
OUT_02505,132.11
OUT_02506,126.35
OUT_02507,105.27
OUT_02508,153.05
OUT_02509,294.85
OUT_02510,257.72
OUT_02511,261.43
OUT_02512,248.93
OUT_02513,126.1
OUT_02514,910.97
OUT_02515,1159.16
OUT_02516,891.93
OUT_02517,351.94
OUT_02518,112.65
OUT_02519,118.57
OUT_02520,336.26
OUT_02521,126.9
OUT_02522,268.78
OUT_02523,292.2
OUT_02524,1226.62
OUT_02525,1010.5
OUT_02526,139.2
OUT_02527,300.66
OUT_02528,257.44
OUT_02529,143.7
OUT_02530,233.12
OUT_02531,298.75
OUT_02532,113.9
OUT_02533,144.31
OUT_02534,278.32
OUT_02535,143.37
OUT_02536,142.71
OUT_02537,149.97
OUT_02538,926.47
OUT_02539,108.51
OUT_02540,112.73
OUT_02541,851.5
OUT_02542,88.9
OUT_02543,291.08
OUT_02544,283.01
OUT_02545,274.37
OUT_02546,127.64
OUT_02547,150.82
OUT_02548,222.28
OUT_02549,297.95
OUT_02550,159.37
OUT_02551,116.22
OUT_02552,890.42
OUT_02553,128.06
OUT_02554,114.3
OUT_02555,278.01
OUT_02556,129.49
OUT_02557,163.43
OUT_02558,142.95
OUT_02559,141.95
OUT_02560,115.33
OUT_02561,153.02
OUT_02562,108.13
OUT_02563,213.13
OUT_02564,120.89
OUT_02565,284.44
OUT_02566,316.39
OUT_02567,104.7
OUT_02568,274.15
OUT_02569,115.04
OUT_02570,257.7
OUT_02571,277.97
OUT_02572,103.62
OUT_02573,145.6
OUT_02574,266.11
OUT_02575,129.97
OUT_02576,2131.21
OUT_02577,157.86
OUT_02578,876.88
OUT_02579,263.06
OUT_02580,105.26
OUT_02581,306.8
OUT_02582,2188.15
OUT_02583,134.77
OUT_02584,135.37
OUT_02585,148.38
OUT_02586,2154.25
OUT_02587,152.31
OUT_02588,122.24
OUT_02589,103.36
OUT_02590,300.93
OUT_02591,892.28
OUT_02592,249.86
OUT_02593,1145.53
OUT_02594,115.05
OUT_02595,111.03
OUT_02596,1173.77
OUT_02597,961.78
OUT_02598,908.38
OUT_02599,2125.56
OUT_02600,283.08
OUT_02601,263.38
OUT_02602,134.25
OUT_02603,1142.68
OUT_02604,137.42
OUT_02605,267.6
OUT_02606,1027.58
OUT_02607,126.9
OUT_02608,261.26
OUT_02609,95.26
OUT_02610,334.26
OUT_02611,243.33
OUT_02612,276.63
OUT_02613,257.73
OUT_02614,100.03
OUT_02615,985.81
OUT_02616,972.94
OUT_02617,2195.13
OUT_02618,112.96
OUT_02619,289.27
OUT_02620,123.41
OUT_02621,218.02
OUT_02622,124.88
OUT_02623,123.01
OUT_02624,104.46
OUT_02625,258.0
OUT_02626,892.47
OUT_02627,128.8
OUT_02628,279.36
OUT_02629,66.43
OUT_02630,112.79
OUT_02631,152.73
OUT_02632,255.79
OUT_02633,137.11
OUT_02634,104.59
OUT_02635,112.41
OUT_02636,2071.44
OUT_02637,121.67
OUT_02638,276.58
OUT_02639,94.16
OUT_02640,316.12
OUT_02641,972.71
OUT_02642,138.41
OUT_02643,1047.33
OUT_02644,252.13
OUT_02645,137.52
OUT_02646,139.77
OUT_02647,1112.26
OUT_02648,149.06
OUT_02649,137.49
OUT_02650,230.44
OUT_02651,251.68
OUT_02652,143.54
OUT_02653,130.46
OUT_02654,955.15
OUT_02655,157.66
OUT_02656,119.58
OUT_02657,126.15
OUT_02658,127.02
OUT_02659,122.86
OUT_02660,131.53
OUT_02661,276.64
OUT_02662,115.97
OUT_02663,283.98
OUT_02664,964.0
OUT_02665,926.95
OUT_02666,274.81
OUT_02667,160.6
OUT_02668,1060.74
OUT_02669,131.31
OUT_02670,147.26
OUT_02671,155.82
OUT_02672,140.12
OUT_02673,127.31
OUT_02674,106.5
OUT_02675,119.65
OUT_02676,314.97
OUT_02677,121.08
OUT_02678,117.57
OUT_02679,99.83
OUT_02680,94.82
OUT_02681,146.73
OUT_02682,154.92
OUT_02683,134.28
OUT_02684,756.37
OUT_02685,146.96
OUT_02686,284.05
OUT_02687,98.08
OUT_02688,332.88
OUT_02689,116.87
OUT_02690,230.51
OUT_02691,916.65
OUT_02692,248.28
OUT_02693,119.07
OUT_02694,117.36
OUT_02695,136.71
OUT_02696,229.79
OUT_02697,269.06
OUT_02698,286.69
OUT_02699,287.58
OUT_02700,129.7
OUT_02701,841.39
OUT_02702,163.44
OUT_02703,315.34
OUT_02704,164.16
OUT_02705,141.13
OUT_02706,103.15
OUT_02707,165.4
OUT_02708,142.05
OUT_02709,96.24
OUT_02710,293.57
OUT_02711,120.49
OUT_02712,120.19
OUT_02713,144.69
OUT_02714,230.89
OUT_02715,137.85
OUT_02716,136.71
OUT_02717,887.65
OUT_02718,94.21
OUT_02719,144.28
OUT_02720,122.83
OUT_02721,2299.75
OUT_02722,276.9
OUT_02723,133.69
OUT_02724,122.53
OUT_02725,142.53
OUT_02726,120.62
OUT_02727,116.65
OUT_02728,977.44
OUT_02729,137.59
OUT_02730,117.01
OUT_02731,314.97
OUT_02732,151.01
OUT_02733,124.04
OUT_02734,861.06
OUT_02735,115.16
OUT_02736,325.56
OUT_02737,224.51
OUT_02738,121.54
OUT_02739,252.86
OUT_02740,477.3
OUT_02741,142.82
OUT_02742,106.52
OUT_02743,128.47
OUT_02744,290.46
OUT_02745,138.56
OUT_02746,299.98
OUT_02747,137.48
OUT_02748,136.8
OUT_02749,112.89
OUT_02750,100.11
OUT_02751,1120.42
OUT_02752,135.22
OUT_02753,266.95
OUT_02754,116.87
OUT_02755,2120.2
OUT_02756,142.6
OUT_02757,141.82
OUT_02758,2308.88
OUT_02759,153.77
OUT_02760,1058.03
OUT_02761,117.26
OUT_02762,138.74
OUT_02763,134.74
OUT_02764,128.64
OUT_02765,898.28
OUT_02766,238.64
OUT_02767,230.41
OUT_02768,155.04
OUT_02769,136.56
OUT_02770,268.97
OUT_02771,143.96
OUT_02772,134.8
OUT_02773,217.53
OUT_02774,231.13
OUT_02775,288.35
OUT_02776,976.12
OUT_02777,170.23
OUT_02778,100.12
OUT_02779,131.09
OUT_02780,275.86
OUT_02781,278.39
OUT_02782,1044.68
OUT_02783,2127.09
OUT_02784,288.24
OUT_02785,124.45
OUT_02786,132.64
OUT_02787,126.05
OUT_02788,246.02
OUT_02789,129.21
OUT_02790,131.58
OUT_02791,281.35
OUT_02792,877.69
OUT_02793,265.11
OUT_02794,129.21
OUT_02795,148.38
OUT_02796,142.03
OUT_02797,282.1
OUT_02798,277.48
OUT_02799,103.07
OUT_02800,319.82
OUT_02801,114.88
OUT_02802,141.6
OUT_02803,110.8
OUT_02804,127.11
OUT_02805,172.49
OUT_02806,285.13
OUT_02807,276.65
OUT_02808,225.1
OUT_02809,118.01
OUT_02810,304.59
OUT_02811,158.54
OUT_02812,111.93
OUT_02813,136.17
OUT_02814,100.75
OUT_02815,161.52
OUT_02816,131.26
OUT_02817,286.1
OUT_02818,252.22
OUT_02819,277.93
OUT_02820,1060.44
OUT_02821,279.82
OUT_02822,152.1
OUT_02823,107.15
OUT_02824,296.92
OUT_02825,159.56
OUT_02826,125.66
OUT_02827,264.97
OUT_02828,138.54
OUT_02829,986.44
OUT_02830,231.52
OUT_02831,118.05
OUT_02832,1169.82
OUT_02833,351.54
OUT_02834,279.09
OUT_02835,137.46
OUT_02836,2211.46
OUT_02837,150.25
OUT_02838,266.26
OUT_02839,149.43
OUT_02840,1002.74
OUT_02841,2184.91
OUT_02842,315.85
OUT_02843,143.81
OUT_02844,131.02
OUT_02845,137.18
OUT_02846,234.45
OUT_02847,178.57
OUT_02848,127.37
OUT_02849,310.05
OUT_02850,137.29
OUT_02851,87.87
OUT_02852,246.96
OUT_02853,279.1
OUT_02854,2174.77
OUT_02855,119.88
OUT_02856,120.48
OUT_02857,273.2
OUT_02858,963.11
OUT_02859,110.81
OUT_02860,2091.13
OUT_02861,106.91
OUT_02862,160.92
OUT_02863,235.89
OUT_02864,238.04
OUT_02865,2235.73
OUT_02866,138.9
OUT_02867,102.02
OUT_02868,102.82
OUT_02869,126.18
OUT_02870,122.0
OUT_02871,139.08
OUT_02872,131.75
OUT_02873,252.98
OUT_02874,284.27
OUT_02875,255.59
OUT_02876,273.88
OUT_02877,122.43
OUT_02878,263.24
OUT_02879,92.15
OUT_02880,126.21
OUT_02881,144.69
OUT_02882,142.49
OUT_02883,2153.56
OUT_02884,119.84
OUT_02885,131.33
OUT_02886,149.64
OUT_02887,302.74
OUT_02888,141.78
OUT_02889,102.61
OUT_02890,956.27
OUT_02891,113.09
OUT_02892,2111.13
OUT_02893,150.16
OUT_02894,125.73
OUT_02895,954.28
OUT_02896,857.4
OUT_02897,261.3
OUT_02898,135.2
OUT_02899,160.73
OUT_02900,233.66
OUT_02901,299.01
OUT_02902,263.26
OUT_02903,108.62
OUT_02904,145.16
OUT_02905,144.06
OUT_02906,925.37
OUT_02907,112.83
OUT_02908,136.75
OUT_02909,285.94
OUT_02910,226.55
OUT_02911,2111.02
OUT_02912,106.43
OUT_02913,303.68
OUT_02914,134.08
OUT_02915,81.5
OUT_02916,111.16
OUT_02917,132.62
OUT_02918,125.41
OUT_02919,878.8
OUT_02920,237.53
OUT_02921,94.14
OUT_02922,1051.66
OUT_02923,245.86
OUT_02924,252.76
OUT_02925,295.67
OUT_02926,124.38
OUT_02927,118.54
OUT_02928,151.3
OUT_02929,154.08
OUT_02930,996.54
OUT_02931,126.02
OUT_02932,305.91
OUT_02933,117.1
OUT_02934,122.04
OUT_02935,146.87
OUT_02936,2200.18
OUT_02937,151.41
OUT_02938,134.08
OUT_02939,314.81
OUT_02940,145.93
OUT_02941,2063.01
OUT_02942,113.73
OUT_02943,131.87
OUT_02944,113.97
OUT_02945,144.14
OUT_02946,114.39
OUT_02947,120.89
OUT_02948,131.62
OUT_02949,239.68
OUT_02950,2182.15
OUT_02951,123.32
OUT_02952,263.49
OUT_02953,236.64
OUT_02954,291.41
OUT_02955,148.25
OUT_02956,981.79
OUT_02957,169.06
OUT_02958,297.59
OUT_02959,296.13
OUT_02960,253.35
OUT_02961,130.63
OUT_02962,2119.72
OUT_02963,278.25
OUT_02964,2232.97
OUT_02965,118.67
OUT_02966,823.82
OUT_02967,98.57
OUT_02968,117.83
OUT_02969,995.57
OUT_02970,1009.52
OUT_02971,311.62
OUT_02972,355.3
OUT_02973,301.84
OUT_02974,790.42
OUT_02975,107.74
OUT_02976,141.24
OUT_02977,310.86
OUT_02978,278.51
OUT_02979,122.76
OUT_02980,131.24
OUT_02981,160.74
OUT_02982,130.52
OUT_02983,338.41
OUT_02984,150.94
OUT_02985,262.75
OUT_02986,311.56
OUT_02987,140.72
OUT_02988,105.23
OUT_02989,250.37
OUT_02990,228.39
OUT_02991,150.55
OUT_02992,115.87
OUT_02993,224.8
OUT_02994,828.04
OUT_02995,155.4
OUT_02996,1073.18
OUT_02997,1217.02
OUT_02998,137.28
OUT_02999,162.59
OUT_03000,233.2
OUT_03001,225.97
OUT_03002,259.35
OUT_03003,134.12
OUT_03004,1017.05
OUT_03005,105.69
OUT_03006,276.51
OUT_03007,133.95
OUT_03008,137.99
OUT_03009,245.55
OUT_03010,101.2
OUT_03011,134.48
OUT_03012,106.63
OUT_03013,329.37
OUT_03014,291.77
OUT_03015,319.39
OUT_03016,137.86
OUT_03017,275.1
OUT_03018,838.52
OUT_03019,266.87
OUT_03020,2151.05
OUT_03021,883.83
OUT_03022,143.62
OUT_03023,144.39
OUT_03024,258.58
OUT_03025,138.49
OUT_03026,114.44
OUT_03027,114.14
OUT_03028,246.24
OUT_03029,143.23
OUT_03030,131.24
OUT_03031,264.18
OUT_03032,153.01
OUT_03033,119.71
OUT_03034,111.48
OUT_03035,117.0
OUT_03036,1010.52
OUT_03037,1945.77
OUT_03038,997.73
OUT_03039,275.78
OUT_03040,853.78
OUT_03041,300.23
OUT_03042,170.08
OUT_03043,306.18
OUT_03044,89.09
OUT_03045,163.22
OUT_03046,131.7
OUT_03047,139.77
OUT_03048,278.89
OUT_03049,136.3
OUT_03050,143.9
OUT_03051,149.13
OUT_03052,876.07
OUT_03053,255.37
OUT_03054,118.29
OUT_03055,274.56
OUT_03056,838.62
OUT_03057,147.52
OUT_03058,131.1
OUT_03059,281.56
OUT_03060,134.1
OUT_03061,1067.71
OUT_03062,119.05
OUT_03063,140.82
OUT_03064,2145.15
OUT_03065,2099.66
OUT_03066,146.42
OUT_03067,161.42
OUT_03068,113.94
OUT_03069,247.5
OUT_03070,1132.7
OUT_03071,182.28
OUT_03072,266.43
OUT_03073,157.46
OUT_03074,293.53
OUT_03075,2208.79
OUT_03076,288.25
OUT_03077,2159.79
OUT_03078,2084.22
OUT_03079,110.37
OUT_03080,150.36
OUT_03081,277.82
OUT_03082,155.63
OUT_03083,116.04
OUT_03084,955.96
OUT_03085,185.57
OUT_03086,117.89
OUT_03087,167.61
OUT_03088,887.07
OUT_03089,280.17
OUT_03090,272.94
OUT_03091,114.49
OUT_03092,159.28
OUT_03093,935.83
OUT_03094,136.65
OUT_03095,103.82
OUT_03096,142.47
OUT_03097,1004.59
OUT_03098,131.97
OUT_03099,858.99
OUT_03100,121.71
OUT_03101,136.02
OUT_03102,266.4
OUT_03103,281.42
OUT_03104,105.86
OUT_03105,131.12
OUT_03106,110.93
OUT_03107,122.88
OUT_03108,142.27
OUT_03109,98.11
OUT_03110,133.54
OUT_03111,135.82
OUT_03112,214.22
OUT_03113,304.55
OUT_03114,180.4
OUT_03115,153.05
OUT_03116,212.29
OUT_03117,86.95
OUT_03118,118.59
OUT_03119,151.79
OUT_03120,151.15
OUT_03121,121.2
OUT_03122,143.8
OUT_03123,118.73
OUT_03124,117.32
OUT_03125,250.98
OUT_03126,127.46
OUT_03127,139.89
OUT_03128,129.33
OUT_03129,856.82
OUT_03130,173.43
OUT_03131,2108.37
OUT_03132,120.09
OUT_03133,125.95
OUT_03134,1123.95
OUT_03135,153.61
OUT_03136,264.91
OUT_03137,118.58
OUT_03138,132.65
OUT_03139,225.59
OUT_03140,104.95
OUT_03141,149.56
OUT_03142,239.05
OUT_03143,98.73
OUT_03144,151.52
OUT_03145,108.63
OUT_03146,338.23
OUT_03147,326.34
OUT_03148,2307.72
OUT_03149,135.73
OUT_03150,242.5
OUT_03151,148.97
OUT_03152,136.46
OUT_03153,283.02
OUT_03154,844.62
OUT_03155,334.69
OUT_03156,270.13
OUT_03157,1001.5
OUT_03158,126.88
OUT_03159,137.22
OUT_03160,329.44
OUT_03161,296.07
OUT_03162,160.98
OUT_03163,139.8
OUT_03164,880.75
OUT_03165,290.16
OUT_03166,143.7
OUT_03167,2059.84
OUT_03168,151.26
OUT_03169,157.28
OUT_03170,336.69
OUT_03171,240.72
OUT_03172,146.24
OUT_03173,147.24
OUT_03174,153.98
OUT_03175,273.74
OUT_03176,93.91
OUT_03177,99.98
OUT_03178,108.99
OUT_03179,235.94
OUT_03180,136.94
OUT_03181,149.07
OUT_03182,117.96
OUT_03183,867.8
OUT_03184,298.03
OUT_03185,137.59
OUT_03186,389.77
OUT_03187,107.12
OUT_03188,137.75
OUT_03189,268.95
OUT_03190,154.73
OUT_03191,1000.33
OUT_03192,104.28
OUT_03193,117.16
OUT_03194,316.9
OUT_03195,147.25
OUT_03196,285.67
OUT_03197,127.41
OUT_03198,127.04
OUT_03199,280.05
OUT_03200,244.23
OUT_03201,333.82
OUT_03202,127.42
OUT_03203,120.84
OUT_03204,296.39
OUT_03205,129.38
OUT_03206,354.7
OUT_03207,145.86
OUT_03208,2104.15
OUT_03209,104.87
OUT_03210,106.73
OUT_03211,256.35
OUT_03212,143.31
OUT_03213,242.16
OUT_03214,317.14
OUT_03215,253.68
OUT_03216,117.08
OUT_03217,262.73
OUT_03218,263.87
OUT_03219,119.18
OUT_03220,246.56
OUT_03221,285.56
OUT_03222,228.36
OUT_03223,117.71
OUT_03224,313.08
OUT_03225,141.34
OUT_03226,146.74
OUT_03227,241.79
OUT_03228,2126.33
OUT_03229,2276.72
OUT_03230,166.07
OUT_03231,359.04
OUT_03232,121.16
OUT_03233,869.18
OUT_03234,233.6
OUT_03235,126.6
OUT_03236,146.15
OUT_03237,147.08
OUT_03238,146.76
OUT_03239,151.36
OUT_03240,242.82
OUT_03241,137.32
OUT_03242,837.57
OUT_03243,141.79
OUT_03244,129.44
OUT_03245,206.51
OUT_03246,115.55
OUT_03247,125.69
OUT_03248,266.8
OUT_03249,114.93
OUT_03250,99.5
OUT_03251,1051.25
OUT_03252,932.98
OUT_03253,126.72
OUT_03254,145.57
OUT_03255,272.6
OUT_03256,315.69
OUT_03257,137.6
OUT_03258,277.3
OUT_03259,279.26
OUT_03260,965.69
OUT_03261,140.4
OUT_03262,261.58
OUT_03263,115.17
OUT_03264,2091.19
OUT_03265,284.24
OUT_03266,109.07
OUT_03267,146.58
OUT_03268,284.84
OUT_03269,238.62
OUT_03270,107.47
OUT_03271,842.43
OUT_03272,275.21
OUT_03273,880.52
OUT_03274,2200.02
OUT_03275,153.21
OUT_03276,127.86
OUT_03277,153.87
OUT_03278,138.33
OUT_03279,121.26
OUT_03280,130.66
OUT_03281,2030.72
OUT_03282,307.97
OUT_03283,906.53
OUT_03284,132.63
OUT_03285,121.74
OUT_03286,156.19
OUT_03287,2161.35
OUT_03288,245.21
OUT_03289,127.54
OUT_03290,145.94
OUT_03291,157.35
OUT_03292,164.13
OUT_03293,305.73
OUT_03294,153.05
OUT_03295,164.97
OUT_03296,2053.0
OUT_03297,866.87
OUT_03298,142.22
OUT_03299,265.52
OUT_03300,236.43
OUT_03301,271.04
OUT_03302,946.06
OUT_03303,125.68
OUT_03304,129.75
OUT_03305,159.69
OUT_03306,140.76
OUT_03307,144.45
OUT_03308,305.45
OUT_03309,100.5
OUT_03310,100.67
OUT_03311,150.27
OUT_03312,932.23
OUT_03313,116.1
OUT_03314,134.18
OUT_03315,2210.91
OUT_03316,974.33
OUT_03317,101.18
OUT_03318,113.01
OUT_03319,278.97
OUT_03320,75.43
OUT_03321,230.55
OUT_03322,309.44
OUT_03323,273.21
OUT_03324,910.84
OUT_03325,2280.41
OUT_03326,145.5
OUT_03327,976.98
OUT_03328,977.07
OUT_03329,288.68
OUT_03330,2066.68
OUT_03331,151.72
OUT_03332,131.63
OUT_03333,920.12
OUT_03334,915.33
OUT_03335,275.7
OUT_03336,263.92
OUT_03337,268.49
OUT_03338,147.73
OUT_03339,141.42
OUT_03340,280.5
OUT_03341,924.76
OUT_03342,134.5
OUT_03343,143.82
OUT_03344,1084.5
OUT_03345,924.72
OUT_03346,2231.13
OUT_03347,133.07
OUT_03348,138.25
OUT_03349,319.11
OUT_03350,243.97
OUT_03351,138.57
OUT_03352,247.98
OUT_03353,2273.32
OUT_03354,123.63
OUT_03355,162.38
OUT_03356,113.55
OUT_03357,256.76
OUT_03358,2142.01
OUT_03359,966.89
OUT_03360,137.05
OUT_03361,246.93
OUT_03362,114.43
OUT_03363,117.37
OUT_03364,136.77
OUT_03365,146.84
OUT_03366,301.89
OUT_03367,273.22
OUT_03368,886.43
OUT_03369,133.31
OUT_03370,291.93
OUT_03371,247.86
OUT_03372,118.66
OUT_03373,280.28
OUT_03374,121.22
OUT_03375,128.59
OUT_03376,105.05
OUT_03377,312.36
OUT_03378,121.33
OUT_03379,301.44
OUT_03380,161.48
OUT_03381,2216.3
OUT_03382,140.96
OUT_03383,891.16
OUT_03384,129.61
OUT_03385,115.08
OUT_03386,161.83
OUT_03387,869.55
OUT_03388,807.32
OUT_03389,147.05
OUT_03390,122.19
OUT_03391,1035.83
OUT_03392,138.05
OUT_03393,277.91
OUT_03394,112.18
OUT_03395,1071.58
OUT_03396,246.05
OUT_03397,138.13
OUT_03398,111.67
OUT_03399,139.52
OUT_03400,324.33
OUT_03401,255.11
OUT_03402,2220.95
OUT_03403,149.75
OUT_03404,99.06
OUT_03405,112.73
OUT_03406,859.44
OUT_03407,272.37
OUT_03408,119.58
OUT_03409,289.41
OUT_03410,148.3
OUT_03411,2140.11
OUT_03412,127.74
OUT_03413,957.06
OUT_03414,998.98
OUT_03415,2159.84
OUT_03416,151.21
OUT_03417,152.38
OUT_03418,1062.18
OUT_03419,122.31
OUT_03420,156.73
OUT_03421,153.15
OUT_03422,141.02
OUT_03423,1010.29
OUT_03424,1006.35
OUT_03425,278.22
OUT_03426,112.15
OUT_03427,254.55
OUT_03428,122.8
OUT_03429,150.1
OUT_03430,273.61
OUT_03431,101.15
OUT_03432,95.69
OUT_03433,102.16
OUT_03434,247.41
OUT_03435,168.64
OUT_03436,879.45
OUT_03437,103.39
OUT_03438,294.58
OUT_03439,283.5
OUT_03440,143.57
OUT_03441,131.69
OUT_03442,238.5
OUT_03443,899.62
OUT_03444,1008.72
OUT_03445,265.19
OUT_03446,861.29
OUT_03447,135.26
OUT_03448,294.97
OUT_03449,111.58
OUT_03450,261.74
OUT_03451,899.69
OUT_03452,102.46
OUT_03453,325.68
OUT_03454,195.71
OUT_03455,120.6
OUT_03456,98.37
OUT_03457,284.88
OUT_03458,2089.49
OUT_03459,134.7
OUT_03460,131.94
OUT_03461,129.02
OUT_03462,121.66
OUT_03463,111.0
OUT_03464,134.86
OUT_03465,278.17
OUT_03466,289.22
OUT_03467,917.27
OUT_03468,220.65
OUT_03469,136.3
OUT_03470,104.88
OUT_03471,144.15
OUT_03472,141.52
OUT_03473,124.51
OUT_03474,183.65
OUT_03475,141.64
OUT_03476,305.65
OUT_03477,262.12
OUT_03478,114.9
OUT_03479,176.05
OUT_03480,302.81
OUT_03481,120.02
OUT_03482,757.06
OUT_03483,123.41
OUT_03484,2147.33
OUT_03485,135.3
OUT_03486,145.05
OUT_03487,129.57
OUT_03488,141.06
OUT_03489,253.03
OUT_03490,94.64
OUT_03491,253.85
OUT_03492,1001.8
OUT_03493,2274.79
OUT_03494,323.69
OUT_03495,128.07
OUT_03496,114.2
OUT_03497,262.71
OUT_03498,210.87
OUT_03499,258.4
OUT_03500,115.63
OUT_03501,275.69
OUT_03502,132.0
OUT_03503,279.97
OUT_03504,110.58
OUT_03505,246.68
OUT_03506,266.97
OUT_03507,161.59
OUT_03508,899.76
OUT_03509,101.15
OUT_03510,140.83
OUT_03511,128.51
OUT_03512,98.03
OUT_03513,1010.21
OUT_03514,113.95
OUT_03515,132.38
OUT_03516,149.19
OUT_03517,146.96
OUT_03518,236.28
OUT_03519,941.06
OUT_03520,125.62
OUT_03521,310.3
OUT_03522,143.25
OUT_03523,141.87
OUT_03524,266.24
OUT_03525,91.58
OUT_03526,82.43
OUT_03527,148.5
OUT_03528,120.95
OUT_03529,255.74
OUT_03530,170.88
OUT_03531,263.67
OUT_03532,166.05
OUT_03533,1053.8
OUT_03534,354.33
OUT_03535,155.49
OUT_03536,150.86
OUT_03537,274.56
OUT_03538,145.75
OUT_03539,140.02
OUT_03540,107.92
OUT_03541,246.96
OUT_03542,245.42
OUT_03543,119.97
OUT_03544,130.47
OUT_03545,238.91
OUT_03546,127.13
OUT_03547,267.12
OUT_03548,136.35
OUT_03549,2082.31
OUT_03550,275.21
OUT_03551,987.54
OUT_03552,310.41
OUT_03553,125.48
OUT_03554,300.47
OUT_03555,843.4
OUT_03556,2108.61
OUT_03557,146.88
OUT_03558,281.47
OUT_03559,2168.83
OUT_03560,274.09
OUT_03561,271.74
OUT_03562,126.85
OUT_03563,306.99
OUT_03564,266.86
OUT_03565,241.32
OUT_03566,156.37
OUT_03567,245.5
OUT_03568,149.7
OUT_03569,948.25
OUT_03570,2171.15
OUT_03571,1008.18
OUT_03572,889.34
OUT_03573,146.35
OUT_03574,292.66
OUT_03575,945.63
OUT_03576,122.56
OUT_03577,2101.27
OUT_03578,288.37
OUT_03579,953.93
OUT_03580,137.6
OUT_03581,142.96
OUT_03582,310.21
OUT_03583,132.11
OUT_03584,118.35
OUT_03585,140.96
OUT_03586,163.21
OUT_03587,312.87
OUT_03588,152.97
OUT_03589,123.81
OUT_03590,107.26
OUT_03591,2059.8
OUT_03592,143.6
OUT_03593,126.74
OUT_03594,243.08
OUT_03595,258.02
OUT_03596,244.72
OUT_03597,971.82
OUT_03598,1023.43
OUT_03599,151.77
OUT_03600,119.0
OUT_03601,262.6
OUT_03602,219.69
OUT_03603,152.57
OUT_03604,319.43
OUT_03605,128.36
OUT_03606,1201.79
OUT_03607,248.89
OUT_03608,126.69
OUT_03609,144.9
OUT_03610,127.99
OUT_03611,152.96
OUT_03612,140.19
OUT_03613,139.92
OUT_03614,130.14
OUT_03615,912.78
OUT_03616,957.01
OUT_03617,143.57
OUT_03618,165.88
OUT_03619,263.67
OUT_03620,298.48
OUT_03621,171.55
OUT_03622,849.66
OUT_03623,253.98
OUT_03624,104.97
OUT_03625,111.35
OUT_03626,139.23
OUT_03627,134.83
OUT_03628,93.36
OUT_03629,954.03
OUT_03630,268.09
OUT_03631,1070.68
OUT_03632,150.93
OUT_03633,145.37
OUT_03634,1122.81
OUT_03635,2189.22
OUT_03636,137.47
OUT_03637,271.21
OUT_03638,112.22
OUT_03639,118.85
OUT_03640,119.65
OUT_03641,318.96
OUT_03642,153.85
OUT_03643,354.41
OUT_03644,1006.83
OUT_03645,269.52
OUT_03646,130.76
OUT_03647,140.07
OUT_03648,251.84
OUT_03649,252.9
OUT_03650,144.7
OUT_03651,994.64
OUT_03652,121.18
OUT_03653,2193.49
OUT_03654,136.63
OUT_03655,248.21
OUT_03656,139.13
OUT_03657,154.71
OUT_03658,129.92
OUT_03659,132.61
OUT_03660,154.13
OUT_03661,133.54
OUT_03662,120.54
OUT_03663,233.76
OUT_03664,265.19
OUT_03665,984.19
OUT_03666,107.68
OUT_03667,1022.39
OUT_03668,334.62
OUT_03669,966.3
OUT_03670,100.18
OUT_03671,310.44
OUT_03672,146.94
OUT_03673,142.92
OUT_03674,322.36
OUT_03675,112.82
OUT_03676,2199.09
OUT_03677,124.39
OUT_03678,250.19
OUT_03679,133.95
OUT_03680,2245.14
OUT_03681,119.83
OUT_03682,147.29
OUT_03683,154.19
OUT_03684,155.3
OUT_03685,155.45
OUT_03686,2174.27
OUT_03687,128.48
OUT_03688,104.73
OUT_03689,164.04
OUT_03690,122.96
OUT_03691,141.82
OUT_03692,139.89
OUT_03693,104.56
OUT_03694,173.38
OUT_03695,291.01
OUT_03696,137.99
OUT_03697,330.55
OUT_03698,281.14
OUT_03699,993.99
OUT_03700,287.9
OUT_03701,959.5
OUT_03702,150.97
OUT_03703,255.37
OUT_03704,236.59
OUT_03705,151.44
OUT_03706,113.51
OUT_03707,134.88
OUT_03708,132.21
OUT_03709,833.0
OUT_03710,238.84
OUT_03711,135.67
OUT_03712,103.16
OUT_03713,108.65
OUT_03714,273.29
OUT_03715,316.76
OUT_03716,107.11
OUT_03717,111.16
OUT_03718,262.54
OUT_03719,2158.01
OUT_03720,116.37
OUT_03721,292.54
OUT_03722,123.14
OUT_03723,996.01
OUT_03724,2103.58
OUT_03725,105.36
OUT_03726,232.22
OUT_03727,161.31
OUT_03728,112.94
OUT_03729,316.23
OUT_03730,237.23
OUT_03731,282.63
OUT_03732,117.54
OUT_03733,80.06
OUT_03734,235.6
OUT_03735,292.66
OUT_03736,347.13
OUT_03737,155.94
OUT_03738,323.34
OUT_03739,959.48
OUT_03740,94.32
OUT_03741,2222.59
OUT_03742,123.13
OUT_03743,275.32
OUT_03744,113.14
OUT_03745,135.45
OUT_03746,270.68
OUT_03747,136.51
OUT_03748,214.5
OUT_03749,128.83
OUT_03750,155.71
OUT_03751,111.35
OUT_03752,103.96
OUT_03753,123.64
OUT_03754,978.07
OUT_03755,153.14
OUT_03756,240.0
OUT_03757,2105.75
OUT_03758,105.49
OUT_03759,113.64
OUT_03760,287.29
OUT_03761,126.69
OUT_03762,296.34
OUT_03763,113.16
OUT_03764,936.12
OUT_03765,187.34
OUT_03766,2149.71
OUT_03767,279.29
OUT_03768,123.48
OUT_03769,324.19
OUT_03770,304.74
OUT_03771,281.96
OUT_03772,922.3
OUT_03773,1026.5
OUT_03774,112.39
OUT_03775,120.3
OUT_03776,138.36
OUT_03777,111.88
OUT_03778,128.14
OUT_03779,115.08
OUT_03780,160.75
OUT_03781,290.18
OUT_03782,247.56
OUT_03783,137.34
OUT_03784,111.43
OUT_03785,137.56
OUT_03786,2229.34
OUT_03787,250.36
OUT_03788,126.7
OUT_03789,294.26
OUT_03790,136.59
OUT_03791,998.57
OUT_03792,288.82
OUT_03793,165.68
OUT_03794,133.46
OUT_03795,297.09
OUT_03796,1180.5
OUT_03797,153.74
OUT_03798,273.97
OUT_03799,249.2
OUT_03800,858.01
OUT_03801,216.36
OUT_03802,251.42
OUT_03803,1065.06
OUT_03804,304.88
OUT_03805,103.68
OUT_03806,133.32
OUT_03807,97.6
OUT_03808,115.93
OUT_03809,152.79
OUT_03810,125.51
OUT_03811,120.08
OUT_03812,142.06
OUT_03813,126.64
OUT_03814,2184.92
OUT_03815,983.59
OUT_03816,122.87
OUT_03817,109.0
OUT_03818,148.01
OUT_03819,236.96
OUT_03820,131.0
OUT_03821,155.96
OUT_03822,169.96
OUT_03823,244.64
OUT_03824,940.4
OUT_03825,283.79
OUT_03826,134.33
OUT_03827,120.91
OUT_03828,904.59
OUT_03829,2133.75
OUT_03830,155.16
OUT_03831,363.14
OUT_03832,283.29
OUT_03833,857.01
OUT_03834,139.31
OUT_03835,118.29
OUT_03836,149.68
OUT_03837,144.68
OUT_03838,124.97
OUT_03839,149.81
OUT_03840,1075.71
OUT_03841,839.49
OUT_03842,304.67
OUT_03843,254.01
OUT_03844,851.4
OUT_03845,130.97
OUT_03846,282.59
OUT_03847,1010.36
OUT_03848,331.73
OUT_03849,996.58
OUT_03850,904.54
OUT_03851,107.27
OUT_03852,116.94
OUT_03853,182.41
OUT_03854,90.68
OUT_03855,154.6
OUT_03856,245.36
OUT_03857,136.67
OUT_03858,118.93
OUT_03859,127.73
OUT_03860,284.22
OUT_03861,1104.27
OUT_03862,122.16
OUT_03863,1079.37
OUT_03864,956.36
OUT_03865,149.43
OUT_03866,2152.23
OUT_03867,142.45
OUT_03868,138.63
OUT_03869,308.54
OUT_03870,123.25
OUT_03871,159.32
OUT_03872,132.44
OUT_03873,316.65
OUT_03874,118.71
OUT_03875,246.03
OUT_03876,1014.91
OUT_03877,279.41
OUT_03878,884.84
OUT_03879,128.88
OUT_03880,112.3
OUT_03881,108.63
OUT_03882,143.28
OUT_03883,132.86
OUT_03884,134.54
OUT_03885,2102.84
OUT_03886,243.31
OUT_03887,160.67
OUT_03888,110.56
OUT_03889,252.32
OUT_03890,1179.84
OUT_03891,402.16
OUT_03892,142.14
OUT_03893,943.04
OUT_03894,136.14
OUT_03895,995.97
OUT_03896,136.67
OUT_03897,291.98
OUT_03898,335.33
OUT_03899,320.71
OUT_03900,1046.1
OUT_03901,132.42
OUT_03902,991.86
OUT_03903,111.94
OUT_03904,134.77
OUT_03905,267.35
OUT_03906,904.69
OUT_03907,236.94
OUT_03908,142.45
OUT_03909,301.22
OUT_03910,820.16
OUT_03911,2175.18
OUT_03912,137.33
OUT_03913,156.68
OUT_03914,135.58
OUT_03915,134.98
OUT_03916,1007.78
OUT_03917,122.51
OUT_03918,1014.25
OUT_03919,160.64
OUT_03920,920.93
OUT_03921,136.07
OUT_03922,291.05
OUT_03923,2184.92
OUT_03924,120.28
OUT_03925,101.48
OUT_03926,890.89
OUT_03927,858.89
OUT_03928,2211.46
OUT_03929,121.72
OUT_03930,251.24
OUT_03931,319.95
OUT_03932,276.84
OUT_03933,126.12
OUT_03934,296.43
OUT_03935,339.57
OUT_03936,135.19
OUT_03937,229.21
OUT_03938,132.29
OUT_03939,1000.71
OUT_03940,238.49
OUT_03941,149.85
OUT_03942,274.37
OUT_03943,123.42
OUT_03944,2138.3
OUT_03945,129.98
OUT_03946,129.68
OUT_03947,347.68
OUT_03948,92.79
OUT_03949,135.97
OUT_03950,146.69
OUT_03951,93.68
OUT_03952,137.22
OUT_03953,329.94
OUT_03954,2130.21
OUT_03955,280.57
OUT_03956,132.75
OUT_03957,2092.13
OUT_03958,296.49
OUT_03959,2238.9
OUT_03960,808.91
OUT_03961,109.79
OUT_03962,133.61
OUT_03963,322.58
OUT_03964,283.8
OUT_03965,1211.33
OUT_03966,116.38
OUT_03967,2141.51
OUT_03968,189.72
OUT_03969,165.92
OUT_03970,94.22
OUT_03971,108.52
OUT_03972,872.53
OUT_03973,131.67
OUT_03974,261.27
OUT_03975,270.82
OUT_03976,181.3
OUT_03977,135.19
OUT_03978,131.36
OUT_03979,238.87
OUT_03980,1010.0
OUT_03981,310.04
OUT_03982,968.21
OUT_03983,2052.57
OUT_03984,138.26
OUT_03985,258.08
OUT_03986,962.46
OUT_03987,127.28
OUT_03988,1067.24
OUT_03989,137.89
OUT_03990,117.62
OUT_03991,924.23
OUT_03992,299.57
OUT_03993,298.74
OUT_03994,929.66
OUT_03995,153.2
OUT_03996,132.57
OUT_03997,287.83
OUT_03998,126.03
OUT_03999,2096.02
OUT_04000,130.27
OUT_04001,132.57
OUT_04002,117.91
OUT_04003,149.06
OUT_04004,122.95
OUT_04005,1110.1
OUT_04006,287.26
OUT_04007,235.72
OUT_04008,135.2
OUT_04009,884.24
OUT_04010,138.4
OUT_04011,233.6
OUT_04012,150.03
OUT_04013,1012.54
OUT_04014,108.04
OUT_04015,157.67
OUT_04016,148.93
OUT_04017,269.12
OUT_04018,247.68
OUT_04019,126.09
OUT_04020,143.15
OUT_04021,894.21
OUT_04022,142.74
OUT_04023,279.99
OUT_04024,121.93
OUT_04025,241.75
OUT_04026,1182.95
OUT_04027,2100.48
OUT_04028,154.2
OUT_04029,111.19
OUT_04030,132.21
OUT_04031,266.76
OUT_04032,376.25
OUT_04033,285.04
OUT_04034,307.53
OUT_04035,124.79
OUT_04036,121.82
OUT_04037,226.57
OUT_04038,110.77
OUT_04039,251.38
OUT_04040,103.22
OUT_04041,122.54
OUT_04042,118.31
OUT_04043,93.11
OUT_04044,931.45
OUT_04045,296.04
OUT_04046,224.73
OUT_04047,141.14
OUT_04048,955.01
OUT_04049,184.05
OUT_04050,1012.61
OUT_04051,135.07
OUT_04052,976.19
OUT_04053,118.72
OUT_04054,146.18
OUT_04055,99.81
OUT_04056,2147.29
OUT_04057,271.59
OUT_04058,113.24
OUT_04059,918.35
OUT_04060,267.69
OUT_04061,968.65
OUT_04062,920.01
OUT_04063,899.9
OUT_04064,911.15
OUT_04065,163.94
OUT_04066,161.0
OUT_04067,246.16
OUT_04068,890.42
OUT_04069,322.0
OUT_04070,309.22
OUT_04071,923.14
OUT_04072,128.85
OUT_04073,115.34
OUT_04074,137.04
OUT_04075,276.09
OUT_04076,288.57
OUT_04077,136.87
OUT_04078,147.25
OUT_04079,134.76
OUT_04080,217.85
OUT_04081,128.03
OUT_04082,118.2
OUT_04083,280.03
OUT_04084,119.79
OUT_04085,152.7
OUT_04086,177.96
OUT_04087,297.68
OUT_04088,297.68
OUT_04089,121.63
OUT_04090,280.32
OUT_04091,133.14
OUT_04092,305.78
OUT_04093,132.83
OUT_04094,225.47
OUT_04095,157.97
OUT_04096,126.84
OUT_04097,947.82
OUT_04098,254.01
OUT_04099,254.78
OUT_04100,134.56
OUT_04101,120.21
OUT_04102,1087.34
OUT_04103,131.56
OUT_04104,165.76
OUT_04105,240.96
OUT_04106,247.79
OUT_04107,267.3
OUT_04108,920.52
OUT_04109,131.73
OUT_04110,280.93
OUT_04111,910.6
OUT_04112,95.2
OUT_04113,126.4
OUT_04114,249.23
OUT_04115,247.49
OUT_04116,122.36
OUT_04117,124.09
OUT_04118,114.87
OUT_04119,882.55
OUT_04120,2127.7
OUT_04121,304.12
OUT_04122,265.48
OUT_04123,224.78
OUT_04124,109.17
OUT_04125,118.89
OUT_04126,244.44
OUT_04127,164.45
OUT_04128,2131.47
OUT_04129,137.22
OUT_04130,138.89
OUT_04131,904.61
OUT_04132,125.77
OUT_04133,265.3
OUT_04134,112.59
OUT_04135,263.31
OUT_04136,2271.98
OUT_04137,271.09
OUT_04138,104.95
OUT_04139,978.17
OUT_04140,142.71
OUT_04141,91.05
OUT_04142,893.54
OUT_04143,882.66
OUT_04144,133.03
OUT_04145,162.58
OUT_04146,107.47
OUT_04147,125.94
OUT_04148,151.97
OUT_04149,108.89
OUT_04150,288.62
OUT_04151,231.57
OUT_04152,99.79
OUT_04153,150.69
OUT_04154,981.08
OUT_04155,824.54
OUT_04156,88.04
OUT_04157,152.5
OUT_04158,154.91
OUT_04159,105.47
OUT_04160,123.93
OUT_04161,2212.12
OUT_04162,115.56
OUT_04163,144.88
OUT_04164,135.89
OUT_04165,922.46
OUT_04166,161.88
OUT_04167,115.08
OUT_04168,132.03
OUT_04169,130.62
OUT_04170,272.94
OUT_04171,2274.57
OUT_04172,111.82
OUT_04173,247.01
OUT_04174,907.64
OUT_04175,119.89
OUT_04176,236.82
OUT_04177,120.61
OUT_04178,136.87
OUT_04179,165.34
OUT_04180,278.45
OUT_04181,318.3
OUT_04182,126.01
OUT_04183,158.26
OUT_04184,135.96
OUT_04185,238.96
OUT_04186,137.3
OUT_04187,303.9
OUT_04188,119.54
OUT_04189,324.48
OUT_04190,852.54
OUT_04191,160.81
OUT_04192,130.24
OUT_04193,916.35
OUT_04194,981.07
OUT_04195,172.97
OUT_04196,930.37
OUT_04197,136.47
OUT_04198,287.18
OUT_04199,2161.42
OUT_04200,276.22
OUT_04201,159.2
OUT_04202,127.29
OUT_04203,298.03
OUT_04204,125.14
OUT_04205,235.94
OUT_04206,2143.37
OUT_04207,253.08
OUT_04208,121.39
OUT_04209,141.45
OUT_04210,220.98
OUT_04211,167.92
OUT_04212,278.07
OUT_04213,117.64
OUT_04214,296.2
OUT_04215,230.34
OUT_04216,278.34
OUT_04217,959.92
OUT_04218,153.72
OUT_04219,148.39
OUT_04220,136.86
OUT_04221,851.74
OUT_04222,100.14
OUT_04223,96.85
OUT_04224,322.45
OUT_04225,134.97
OUT_04226,966.91
OUT_04227,293.24
OUT_04228,119.58
OUT_04229,241.83
OUT_04230,108.83
OUT_04231,292.91
OUT_04232,897.62
OUT_04233,833.11
OUT_04234,119.02
OUT_04235,151.8
OUT_04236,231.45
OUT_04237,2033.05
OUT_04238,349.56
OUT_04239,2175.84
OUT_04240,138.97
OUT_04241,264.42
OUT_04242,111.11
OUT_04243,132.67
OUT_04244,162.71
OUT_04245,299.09
OUT_04246,138.68
OUT_04247,119.33
OUT_04248,135.05
OUT_04249,269.71
OUT_04250,907.69
OUT_04251,2180.46
OUT_04252,110.63
OUT_04253,111.76
OUT_04254,1054.84
OUT_04255,146.12
OUT_04256,285.16
OUT_04257,148.19
OUT_04258,275.84
OUT_04259,826.46
OUT_04260,2242.42
OUT_04261,966.05
OUT_04262,111.6
OUT_04263,299.64
OUT_04264,112.23
OUT_04265,136.2
OUT_04266,141.15
OUT_04267,125.13
OUT_04268,122.36
OUT_04269,956.81
OUT_04270,308.6
OUT_04271,243.24
OUT_04272,289.27
OUT_04273,124.05
OUT_04274,302.62
OUT_04275,147.65
OUT_04276,267.24
OUT_04277,154.51
OUT_04278,151.56
OUT_04279,130.98
OUT_04280,286.31
OUT_04281,252.44
OUT_04282,883.68
OUT_04283,243.22
OUT_04284,127.26
OUT_04285,138.87
OUT_04286,297.0
OUT_04287,216.05
OUT_04288,118.51
OUT_04289,181.68
OUT_04290,132.35
OUT_04291,296.21
OUT_04292,147.19
OUT_04293,862.39
OUT_04294,266.68
OUT_04295,2106.26
OUT_04296,136.2
OUT_04297,99.13
OUT_04298,253.91
OUT_04299,346.49
OUT_04300,108.67
OUT_04301,152.38
OUT_04302,145.22
OUT_04303,133.12
OUT_04304,1117.98
OUT_04305,203.84
OUT_04306,114.31
OUT_04307,120.29
OUT_04308,121.81
OUT_04309,962.69
OUT_04310,148.53
OUT_04311,143.22
OUT_04312,853.93
OUT_04313,144.84
OUT_04314,136.51
OUT_04315,128.37
OUT_04316,121.06
OUT_04317,306.05
OUT_04318,298.82
OUT_04319,175.85
OUT_04320,1016.4
OUT_04321,126.71
OUT_04322,1004.25
OUT_04323,117.19
OUT_04324,271.44
OUT_04325,137.82
OUT_04326,306.53
OUT_04327,88.7
OUT_04328,981.82
OUT_04329,114.85
OUT_04330,328.53
OUT_04331,234.56
OUT_04332,147.23
OUT_04333,275.58
OUT_04334,290.66
OUT_04335,1112.42
OUT_04336,120.22
OUT_04337,147.21
OUT_04338,149.08
OUT_04339,139.46
OUT_04340,127.49
OUT_04341,124.91
OUT_04342,910.9
OUT_04343,136.11
OUT_04344,158.24
OUT_04345,105.44
OUT_04346,138.87
OUT_04347,948.7
OUT_04348,97.2
OUT_04349,1191.04
OUT_04350,316.44
OUT_04351,835.9
OUT_04352,255.0
OUT_04353,268.85
OUT_04354,119.61
OUT_04355,175.71
OUT_04356,919.07
OUT_04357,974.23
OUT_04358,277.01
OUT_04359,2203.77
OUT_04360,254.78
OUT_04361,294.81
OUT_04362,146.5
OUT_04363,116.78
OUT_04364,99.02
OUT_04365,142.24
OUT_04366,141.7
OUT_04367,148.45
OUT_04368,2158.33
OUT_04369,254.24
OUT_04370,266.06
OUT_04371,119.26
OUT_04372,114.73
OUT_04373,251.31
OUT_04374,125.18
OUT_04375,94.66
OUT_04376,155.39
OUT_04377,128.05
OUT_04378,152.78
OUT_04379,151.62
OUT_04380,97.5
OUT_04381,144.04
OUT_04382,948.57
OUT_04383,139.51
OUT_04384,162.64
OUT_04385,900.56
OUT_04386,136.77
OUT_04387,271.55
OUT_04388,265.04
OUT_04389,149.96
OUT_04390,276.39
OUT_04391,239.15
OUT_04392,257.26
OUT_04393,2157.54
OUT_04394,174.8
OUT_04395,111.94
OUT_04396,131.72
OUT_04397,117.05
OUT_04398,96.5
OUT_04399,963.76
OUT_04400,984.06
OUT_04401,142.25
OUT_04402,902.5
OUT_04403,106.81
OUT_04404,1079.59
OUT_04405,843.53
OUT_04406,119.48
OUT_04407,264.98
OUT_04408,148.07
OUT_04409,2271.42
OUT_04410,128.62
OUT_04411,137.94
OUT_04412,147.23
OUT_04413,956.69
OUT_04414,880.12
OUT_04415,927.11
OUT_04416,112.9
OUT_04417,277.86
OUT_04418,236.51
OUT_04419,121.9
OUT_04420,124.32
OUT_04421,89.29
OUT_04422,1010.97
OUT_04423,250.39
OUT_04424,246.92
OUT_04425,132.22
OUT_04426,152.36
OUT_04427,117.84
OUT_04428,95.99
OUT_04429,285.54
OUT_04430,305.09
OUT_04431,133.48
OUT_04432,262.99
OUT_04433,1012.02
OUT_04434,239.49
OUT_04435,916.06
OUT_04436,1003.17
OUT_04437,902.18
OUT_04438,1105.3
OUT_04439,1023.37
OUT_04440,223.09
OUT_04441,140.73
OUT_04442,836.5
OUT_04443,151.85
OUT_04444,237.69
OUT_04445,105.43
OUT_04446,359.77
OUT_04447,133.09
OUT_04448,238.19
OUT_04449,919.71
OUT_04450,277.47
OUT_04451,246.81
OUT_04452,107.87
OUT_04453,328.06
OUT_04454,312.57
OUT_04455,113.59
OUT_04456,106.03
OUT_04457,312.66
OUT_04458,290.81
OUT_04459,128.9
OUT_04460,266.35
OUT_04461,92.74
OUT_04462,122.03
OUT_04463,107.73
OUT_04464,150.64
OUT_04465,342.34
OUT_04466,281.42
OUT_04467,346.42
OUT_04468,172.66
OUT_04469,105.54
OUT_04470,102.24
OUT_04471,1216.67
OUT_04472,301.95
OUT_04473,93.98
OUT_04474,217.92
OUT_04475,104.78
OUT_04476,279.43
OUT_04477,107.68
OUT_04478,881.54
OUT_04479,242.45
OUT_04480,927.92
OUT_04481,123.58
OUT_04482,278.82
OUT_04483,136.48
OUT_04484,305.44
OUT_04485,155.71
OUT_04486,96.05
OUT_04487,821.17
OUT_04488,124.8
OUT_04489,956.11
OUT_04490,86.49
OUT_04491,114.81
OUT_04492,979.13
OUT_04493,148.17
OUT_04494,150.66
OUT_04495,167.16
OUT_04496,115.76
OUT_04497,265.92
OUT_04498,277.52
OUT_04499,137.09
OUT_04500,2116.15
OUT_04501,97.26
OUT_04502,262.81
OUT_04503,134.04
OUT_04504,162.89
OUT_04505,128.23
OUT_04506,282.29
OUT_04507,829.56
OUT_04508,134.84
OUT_04509,930.28
OUT_04510,281.77
OUT_04511,148.68
OUT_04512,130.19
OUT_04513,133.58
OUT_04514,926.75
OUT_04515,247.36
OUT_04516,240.09
OUT_04517,365.95
OUT_04518,294.4
OUT_04519,116.35
OUT_04520,979.25
OUT_04521,113.23
OUT_04522,109.15
OUT_04523,1044.23
OUT_04524,110.24
OUT_04525,247.36
OUT_04526,985.1
OUT_04527,136.57
OUT_04528,960.66
OUT_04529,128.37
OUT_04530,145.41
OUT_04531,116.34
OUT_04532,113.1
OUT_04533,1003.34
OUT_04534,175.23
OUT_04535,292.49
OUT_04536,316.83
OUT_04537,124.6
OUT_04538,117.53
OUT_04539,120.79
OUT_04540,255.48
OUT_04541,268.21
OUT_04542,138.33
OUT_04543,152.54
OUT_04544,286.65
OUT_04545,143.62
OUT_04546,127.03
OUT_04547,236.32
OUT_04548,157.68
OUT_04549,121.26
OUT_04550,130.33
OUT_04551,265.14
OUT_04552,284.92
OUT_04553,245.28
OUT_04554,126.71
OUT_04555,104.1
OUT_04556,1036.66
OUT_04557,109.61
OUT_04558,290.61
OUT_04559,107.33
OUT_04560,984.0
OUT_04561,239.33
OUT_04562,118.73
OUT_04563,115.13
OUT_04564,127.63
OUT_04565,306.8
OUT_04566,281.74
OUT_04567,177.06
OUT_04568,925.72
OUT_04569,2030.78
OUT_04570,132.47
OUT_04571,307.74
OUT_04572,147.69
OUT_04573,290.55
OUT_04574,125.76
OUT_04575,344.52
OUT_04576,1018.48
OUT_04577,103.12
OUT_04578,112.84
OUT_04579,149.54
OUT_04580,249.81
OUT_04581,315.54
OUT_04582,142.6
OUT_04583,278.69
OUT_04584,137.13
OUT_04585,134.95
OUT_04586,297.17
OUT_04587,147.01
OUT_04588,100.83
OUT_04589,130.94
OUT_04590,294.07
OUT_04591,108.87
OUT_04592,318.98
OUT_04593,2092.47
OUT_04594,957.01
OUT_04595,293.87
OUT_04596,131.37
OUT_04597,117.28
OUT_04598,834.3
OUT_04599,246.25
OUT_04600,114.21
OUT_04601,128.26
OUT_04602,151.59
OUT_04603,297.5
OUT_04604,117.13
OUT_04605,149.43
OUT_04606,921.24
OUT_04607,296.26
OUT_04608,115.94
OUT_04609,2179.54
OUT_04610,967.48
OUT_04611,1000.67
OUT_04612,958.39
OUT_04613,889.17
OUT_04614,110.47
OUT_04615,1022.22
OUT_04616,122.82
OUT_04617,235.39
OUT_04618,298.82
OUT_04619,254.12
OUT_04620,946.84
OUT_04621,279.34
OUT_04622,140.51
OUT_04623,121.64
OUT_04624,118.27
OUT_04625,146.09
OUT_04626,1019.53
OUT_04627,310.85
OUT_04628,224.64
OUT_04629,276.29
OUT_04630,252.47
OUT_04631,140.83
OUT_04632,113.71
OUT_04633,330.95
OUT_04634,271.73
OUT_04635,94.21
OUT_04636,146.64
OUT_04637,144.76
OUT_04638,153.25
OUT_04639,90.47
OUT_04640,2280.81
OUT_04641,326.04
OUT_04642,129.77
OUT_04643,159.48
OUT_04644,963.62
OUT_04645,121.4
OUT_04646,126.52
OUT_04647,139.79
OUT_04648,240.11
OUT_04649,144.75
OUT_04650,132.35
OUT_04651,1187.44
OUT_04652,86.95
OUT_04653,122.76
OUT_04654,127.14
OUT_04655,97.07
OUT_04656,134.86
OUT_04657,127.63
OUT_04658,132.46
OUT_04659,142.62
OUT_04660,161.78
OUT_04661,246.4
OUT_04662,103.58
OUT_04663,130.06
OUT_04664,1055.53
OUT_04665,117.8
OUT_04666,158.02
OUT_04667,929.2
OUT_04668,109.99
OUT_04669,290.23
OUT_04670,135.24
OUT_04671,284.84
OUT_04672,227.98
OUT_04673,146.27
OUT_04674,157.23
OUT_04675,240.49
OUT_04676,1076.44
OUT_04677,162.82
OUT_04678,2159.49
OUT_04679,890.17
OUT_04680,104.19
OUT_04681,251.41
OUT_04682,144.48
OUT_04683,293.84
OUT_04684,130.83
OUT_04685,258.8
OUT_04686,273.03
OUT_04687,110.91
OUT_04688,131.23
OUT_04689,116.5
OUT_04690,104.01
OUT_04691,98.4
OUT_04692,158.72
OUT_04693,126.13
OUT_04694,975.81
OUT_04695,273.11
OUT_04696,145.41
OUT_04697,258.15
OUT_04698,160.16
OUT_04699,295.99
OUT_04700,305.38
OUT_04701,915.32
OUT_04702,419.12
OUT_04703,872.96
OUT_04704,876.06
OUT_04705,146.11
OUT_04706,799.24
OUT_04707,272.62
OUT_04708,156.96
OUT_04709,153.85
OUT_04710,254.61
OUT_04711,127.05
OUT_04712,153.76
OUT_04713,900.67
OUT_04714,996.14
OUT_04715,152.79
OUT_04716,262.47
OUT_04717,133.01
OUT_04718,864.62
OUT_04719,147.52
OUT_04720,149.57
OUT_04721,256.13
OUT_04722,160.09
OUT_04723,201.06
OUT_04724,944.64
OUT_04725,130.37
OUT_04726,271.73
OUT_04727,114.98
OUT_04728,252.06
OUT_04729,283.23
OUT_04730,176.91
OUT_04731,268.11
OUT_04732,99.65
OUT_04733,962.71
OUT_04734,950.03
OUT_04735,91.11
OUT_04736,347.65
OUT_04737,905.03
OUT_04738,113.73
OUT_04739,95.13
OUT_04740,120.89
OUT_04741,150.55
OUT_04742,909.23
OUT_04743,255.95
OUT_04744,267.61
OUT_04745,128.93
OUT_04746,854.97
OUT_04747,234.56
OUT_04748,133.09
OUT_04749,128.56
OUT_04750,124.27
OUT_04751,929.01
OUT_04752,2214.25
OUT_04753,256.06
OUT_04754,342.34
OUT_04755,222.15
OUT_04756,271.13
OUT_04757,151.76
OUT_04758,935.84
OUT_04759,113.37
OUT_04760,98.25
OUT_04761,313.16
OUT_04762,132.5
OUT_04763,133.97
OUT_04764,107.01
OUT_04765,282.57
OUT_04766,749.46
OUT_04767,144.01
OUT_04768,1026.05
OUT_04769,136.52
OUT_04770,116.63
OUT_04771,130.96
OUT_04772,953.91
OUT_04773,119.08
OUT_04774,262.5
OUT_04775,139.64
OUT_04776,267.05
OUT_04777,100.59
OUT_04778,160.98
OUT_04779,334.66
OUT_04780,139.75
OUT_04781,257.73
OUT_04782,296.89
OUT_04783,275.95
OUT_04784,232.49
OUT_04785,243.96
OUT_04786,303.02
OUT_04787,145.73
OUT_04788,249.59
OUT_04789,178.75
OUT_04790,2187.16
OUT_04791,843.92
OUT_04792,110.32
OUT_04793,147.62
OUT_04794,158.77
OUT_04795,1015.1
OUT_04796,250.71
OUT_04797,130.16
OUT_04798,851.27
OUT_04799,106.76
OUT_04800,138.08
OUT_04801,105.94
OUT_04802,141.17
OUT_04803,173.13
OUT_04804,922.84
OUT_04805,134.8
OUT_04806,130.95
OUT_04807,392.07
OUT_04808,973.43
OUT_04809,130.45
OUT_04810,284.76
OUT_04811,965.61
OUT_04812,2196.96
OUT_04813,121.67
OUT_04814,1093.88
OUT_04815,101.1
OUT_04816,129.45
OUT_04817,147.19
OUT_04818,251.48
OUT_04819,2300.5
OUT_04820,130.8
OUT_04821,153.63
OUT_04822,151.64
OUT_04823,312.68
OUT_04824,137.12
OUT_04825,111.57
OUT_04826,108.19
OUT_04827,111.8
OUT_04828,123.99
OUT_04829,114.55
OUT_04830,1095.61
OUT_04831,132.11
OUT_04832,291.13
OUT_04833,324.72
OUT_04834,143.21
OUT_04835,2381.47
OUT_04836,248.43
OUT_04837,114.8
OUT_04838,85.85
OUT_04839,112.59
OUT_04840,144.9
OUT_04841,159.78
OUT_04842,94.69
OUT_04843,120.64
OUT_04844,907.67
OUT_04845,110.14
OUT_04846,128.05
OUT_04847,118.27
OUT_04848,237.77
OUT_04849,315.14
OUT_04850,126.37
OUT_04851,327.44
OUT_04852,231.43
OUT_04853,2209.25
OUT_04854,856.03
OUT_04855,148.01
OUT_04856,258.84
OUT_04857,822.26
OUT_04858,137.84
OUT_04859,271.6
OUT_04860,255.32
OUT_04861,269.97
OUT_04862,254.74
OUT_04863,137.78
OUT_04864,239.96
OUT_04865,289.14
OUT_04866,256.92
OUT_04867,142.76
OUT_04868,301.23
OUT_04869,888.54
OUT_04870,144.21
OUT_04871,142.6
OUT_04872,279.55
OUT_04873,979.36
OUT_04874,139.56
OUT_04875,147.03
OUT_04876,228.96
OUT_04877,141.43
OUT_04878,121.78
OUT_04879,2124.43
OUT_04880,115.75
OUT_04881,125.01
OUT_04882,288.47
OUT_04883,143.41
OUT_04884,162.03
OUT_04885,960.26
OUT_04886,259.23
OUT_04887,855.18
OUT_04888,133.38
OUT_04889,131.28
OUT_04890,119.3
OUT_04891,285.12
OUT_04892,861.77
OUT_04893,265.49
OUT_04894,134.02
OUT_04895,141.49
OUT_04896,149.24
OUT_04897,143.28
OUT_04898,982.32
OUT_04899,273.95
OUT_04900,133.7
OUT_04901,274.57
OUT_04902,120.93
OUT_04903,261.06
OUT_04904,275.22
OUT_04905,139.08
OUT_04906,139.13
OUT_04907,104.12
OUT_04908,122.59
OUT_04909,142.5
OUT_04910,269.97
OUT_04911,143.67
OUT_04912,239.22
OUT_04913,910.86
OUT_04914,250.74
OUT_04915,102.07
OUT_04916,123.74
OUT_04917,250.68
OUT_04918,121.91
OUT_04919,2060.44
OUT_04920,274.2
OUT_04921,137.68
OUT_04922,271.17
OUT_04923,131.92
OUT_04924,930.31
OUT_04925,1012.07
OUT_04926,114.62
OUT_04927,230.61
OUT_04928,221.05
OUT_04929,290.55
OUT_04930,127.82
OUT_04931,101.27
OUT_04932,249.31
OUT_04933,96.02
OUT_04934,119.37
OUT_04935,118.51
OUT_04936,272.1
OUT_04937,263.75
OUT_04938,122.52
OUT_04939,173.81
OUT_04940,107.86
OUT_04941,872.58
OUT_04942,1012.34
OUT_04943,121.33
OUT_04944,957.73
OUT_04945,274.79
OUT_04946,118.26
OUT_04947,871.22
OUT_04948,118.88
OUT_04949,271.13
OUT_04950,308.44
OUT_04951,151.66
OUT_04952,282.47
OUT_04953,895.1
OUT_04954,270.78
OUT_04955,102.06
OUT_04956,104.58
OUT_04957,92.71
OUT_04958,125.48
OUT_04959,288.25
OUT_04960,184.2
OUT_04961,86.84
OUT_04962,2080.24
OUT_04963,310.23
OUT_04964,153.72
OUT_04965,129.78
OUT_04966,146.04
OUT_04967,104.74
OUT_04968,261.79
OUT_04969,288.23
OUT_04970,119.03
OUT_04971,1174.39
OUT_04972,274.47
OUT_04973,955.26
OUT_04974,230.77
OUT_04975,128.99
OUT_04976,114.07
OUT_04977,83.27
OUT_04978,278.59
OUT_04979,2185.05
OUT_04980,228.0
OUT_04981,142.87
OUT_04982,251.04
OUT_04983,875.7
OUT_04984,104.97
OUT_04985,1019.85
OUT_04986,295.09
OUT_04987,160.97
OUT_04988,142.81
OUT_04989,130.09
OUT_04990,282.78
OUT_04991,95.99
OUT_04992,880.26
OUT_04993,115.84
OUT_04994,259.9
OUT_04995,135.44
OUT_04996,301.02
OUT_04997,117.16
OUT_04998,130.25
OUT_04999,248.88
OUT_05000,126.97
OUT_05001,84.94
OUT_05002,126.88
OUT_05003,133.69
OUT_05004,151.02
OUT_05005,268.81
OUT_05006,146.72
OUT_05007,2086.79
OUT_05008,120.87
OUT_05009,137.5
OUT_05010,138.69
OUT_05011,288.91
OUT_05012,119.25
OUT_05013,150.29
OUT_05014,311.58
OUT_05015,232.32
OUT_05016,287.01
OUT_05017,132.2
OUT_05018,226.14
OUT_05019,139.14
OUT_05020,155.33
OUT_05021,245.73
OUT_05022,114.64
OUT_05023,128.25
OUT_05024,277.46
OUT_05025,150.15
OUT_05026,280.57
OUT_05027,138.26
OUT_05028,143.47
OUT_05029,279.33
OUT_05030,152.03
OUT_05031,132.78
OUT_05032,142.68
OUT_05033,154.32
OUT_05034,265.0
OUT_05035,146.87
OUT_05036,155.56
OUT_05037,117.57
OUT_05038,128.27
OUT_05039,133.78
OUT_05040,117.44
OUT_05041,92.23
OUT_05042,135.81
OUT_05043,127.15
OUT_05044,284.53
OUT_05045,915.0
OUT_05046,1068.88
OUT_05047,145.02
OUT_05048,146.56
OUT_05049,160.24
OUT_05050,2066.97
OUT_05051,107.9
OUT_05052,884.28
OUT_05053,154.95
OUT_05054,118.37
OUT_05055,134.98
OUT_05056,289.61
OUT_05057,263.54
OUT_05058,146.54
OUT_05059,262.85
OUT_05060,114.72
OUT_05061,136.48
OUT_05062,127.61
OUT_05063,99.62
OUT_05064,297.94
OUT_05065,248.72
OUT_05066,288.19
OUT_05067,107.13
OUT_05068,129.9
OUT_05069,109.61
OUT_05070,275.17
OUT_05071,2222.86
OUT_05072,158.0
OUT_05073,247.9
OUT_05074,103.15
OUT_05075,108.73
OUT_05076,131.66
OUT_05077,101.5
OUT_05078,304.03
OUT_05079,1015.38
OUT_05080,240.41
OUT_05081,138.6
OUT_05082,242.21
OUT_05083,283.95
OUT_05084,253.96
OUT_05085,199.61
OUT_05086,138.6
OUT_05087,265.45
OUT_05088,157.36
OUT_05089,265.71
OUT_05090,302.56
OUT_05091,939.39
OUT_05092,2279.6
OUT_05093,269.22
OUT_05094,270.14
OUT_05095,2222.88
OUT_05096,127.14
OUT_05097,838.9
OUT_05098,138.07
OUT_05099,129.4
OUT_05100,130.66
OUT_05101,868.71
OUT_05102,278.16
OUT_05103,130.95
OUT_05104,1110.42
OUT_05105,140.8
OUT_05106,149.58
OUT_05107,284.08
OUT_05108,117.39
OUT_05109,117.18
OUT_05110,144.71
OUT_05111,117.04
OUT_05112,275.42
OUT_05113,146.2
OUT_05114,115.15
OUT_05115,1042.16
OUT_05116,267.14
OUT_05117,137.21
OUT_05118,226.94
OUT_05119,114.51
OUT_05120,2250.73
OUT_05121,123.16
OUT_05122,934.79
OUT_05123,234.98
OUT_05124,287.56
OUT_05125,147.63
OUT_05126,127.64
OUT_05127,104.84
OUT_05128,279.19
OUT_05129,289.58
OUT_05130,869.12
OUT_05131,323.4
OUT_05132,120.94
OUT_05133,2158.62
OUT_05134,289.79
OUT_05135,177.14
OUT_05136,247.05
OUT_05137,128.92
OUT_05138,130.23
OUT_05139,126.95
OUT_05140,122.98
OUT_05141,311.68
OUT_05142,1142.98
OUT_05143,249.12
OUT_05144,137.17
OUT_05145,101.63
OUT_05146,165.1
OUT_05147,300.1
OUT_05148,124.11
OUT_05149,235.52
OUT_05150,295.4
OUT_05151,135.22
OUT_05152,137.74
OUT_05153,103.7
OUT_05154,123.4
OUT_05155,285.87
OUT_05156,2148.74
OUT_05157,2209.38
OUT_05158,90.62
OUT_05159,268.65
OUT_05160,138.06
OUT_05161,803.87
OUT_05162,952.1
OUT_05163,281.66
OUT_05164,123.39
OUT_05165,122.08
OUT_05166,923.48
OUT_05167,277.35
OUT_05168,929.63
OUT_05169,127.18
OUT_05170,994.43
OUT_05171,132.04
OUT_05172,117.55
OUT_05173,128.12
OUT_05174,275.88
OUT_05175,889.5
OUT_05176,932.7
OUT_05177,134.26
OUT_05178,968.15
OUT_05179,139.91
OUT_05180,137.01
OUT_05181,2056.01
OUT_05182,129.45
OUT_05183,266.27
OUT_05184,143.77
OUT_05185,890.58
OUT_05186,1068.01
OUT_05187,271.85
OUT_05188,1067.56
OUT_05189,130.87
OUT_05190,116.18
OUT_05191,114.68
OUT_05192,277.69
OUT_05193,144.24
OUT_05194,250.14
OUT_05195,292.74
OUT_05196,121.15
OUT_05197,915.79
OUT_05198,2111.5
OUT_05199,284.39
OUT_05200,93.86
OUT_05201,987.33
OUT_05202,122.22
OUT_05203,324.59
OUT_05204,2185.1
OUT_05205,2054.35
OUT_05206,142.81
OUT_05207,258.84
OUT_05208,139.83
OUT_05209,122.89
OUT_05210,143.56
OUT_05211,297.21
OUT_05212,135.61
OUT_05213,120.2
OUT_05214,136.44
OUT_05215,148.28
OUT_05216,877.22
OUT_05217,113.39
OUT_05218,265.36
OUT_05219,107.2
OUT_05220,255.48
OUT_05221,199.67
OUT_05222,966.79
OUT_05223,161.48
OUT_05224,107.55
OUT_05225,240.47
OUT_05226,141.92
OUT_05227,135.52
OUT_05228,126.2
OUT_05229,120.64
OUT_05230,2231.24
OUT_05231,984.86
OUT_05232,246.86
OUT_05233,1001.18
OUT_05234,288.23
OUT_05235,107.23
OUT_05236,135.29
OUT_05237,241.89
OUT_05238,137.22
OUT_05239,280.51
OUT_05240,307.5
OUT_05241,107.75
OUT_05242,119.36
OUT_05243,225.81
OUT_05244,282.27
OUT_05245,129.03
OUT_05246,116.6
OUT_05247,109.45
OUT_05248,275.05
OUT_05249,280.33
OUT_05250,2186.3
OUT_05251,122.12
OUT_05252,110.83
OUT_05253,285.89
OUT_05254,125.05
OUT_05255,948.65
OUT_05256,965.92
OUT_05257,1083.54
OUT_05258,144.32
OUT_05259,955.45
OUT_05260,229.23
OUT_05261,145.77
OUT_05262,125.1
OUT_05263,119.0
OUT_05264,856.1
OUT_05265,309.12
OUT_05266,142.27
OUT_05267,274.72
OUT_05268,135.73
OUT_05269,2171.9
OUT_05270,512.51
OUT_05271,882.22
OUT_05272,931.96
OUT_05273,145.53
OUT_05274,270.36
OUT_05275,143.76
OUT_05276,141.62
OUT_05277,96.83
OUT_05278,109.72
OUT_05279,89.05
OUT_05280,2326.36
OUT_05281,325.83
OUT_05282,266.64
OUT_05283,294.72
OUT_05284,133.6
OUT_05285,135.51
OUT_05286,961.13
OUT_05287,976.32
OUT_05288,130.82
OUT_05289,305.62
OUT_05290,255.76
OUT_05291,131.13
OUT_05292,882.46
OUT_05293,154.67
OUT_05294,149.38
OUT_05295,281.25
OUT_05296,108.22
OUT_05297,2147.58
OUT_05298,140.95
OUT_05299,920.84
OUT_05300,240.11
OUT_05301,274.89
OUT_05302,971.05
OUT_05303,119.46
OUT_05304,166.89
OUT_05305,360.86
OUT_05306,154.33
OUT_05307,155.58
OUT_05308,122.38
OUT_05309,98.76
OUT_05310,103.16
OUT_05311,345.15
OUT_05312,114.38
OUT_05313,142.19
OUT_05314,255.01
OUT_05315,170.29
OUT_05316,287.36
OUT_05317,141.42
OUT_05318,872.77
OUT_05319,303.73
OUT_05320,266.64
OUT_05321,244.61
OUT_05322,117.77
OUT_05323,121.34
OUT_05324,284.06
OUT_05325,998.5
OUT_05326,131.55
OUT_05327,140.61
OUT_05328,309.49
OUT_05329,863.03
OUT_05330,138.33
OUT_05331,142.97
OUT_05332,905.31
OUT_05333,921.88
OUT_05334,146.96
OUT_05335,244.35
OUT_05336,240.03
OUT_05337,278.19
OUT_05338,131.76
OUT_05339,102.48
OUT_05340,1005.24
OUT_05341,108.08
OUT_05342,223.49
OUT_05343,288.75
OUT_05344,258.32
OUT_05345,118.91
OUT_05346,116.71
OUT_05347,120.56
OUT_05348,144.95
OUT_05349,948.18
OUT_05350,242.95
OUT_05351,1086.93
OUT_05352,243.64
OUT_05353,136.47
OUT_05354,254.79
OUT_05355,2146.67
OUT_05356,134.04
OUT_05357,1136.87
OUT_05358,969.2
OUT_05359,137.24
OUT_05360,219.22
OUT_05361,67.7
OUT_05362,254.8
OUT_05363,149.03
OUT_05364,144.0
OUT_05365,110.74
OUT_05366,2128.81
OUT_05367,292.34
OUT_05368,131.04
OUT_05369,232.5
OUT_05370,136.17
OUT_05371,120.17
OUT_05372,255.23
OUT_05373,282.17
OUT_05374,143.07
OUT_05375,1081.05
OUT_05376,159.66
OUT_05377,882.56
OUT_05378,135.13
OUT_05379,300.39
OUT_05380,104.77
OUT_05381,131.8
OUT_05382,113.39
OUT_05383,150.36
OUT_05384,938.52
OUT_05385,289.78
OUT_05386,112.91
OUT_05387,2223.96
OUT_05388,141.65
OUT_05389,111.25
OUT_05390,136.68
OUT_05391,138.45
OUT_05392,285.35
OUT_05393,297.54
OUT_05394,103.24
OUT_05395,132.64
OUT_05396,345.49
OUT_05397,131.16
OUT_05398,150.55
OUT_05399,128.67
OUT_05400,141.34
OUT_05401,331.77
OUT_05402,253.3
OUT_05403,1004.63
OUT_05404,290.51
OUT_05405,238.64
OUT_05406,274.74
OUT_05407,901.27
OUT_05408,164.61
OUT_05409,284.78
OUT_05410,925.12
OUT_05411,117.32
OUT_05412,999.22
OUT_05413,132.48
OUT_05414,106.62
OUT_05415,309.43
OUT_05416,309.14
OUT_05417,137.48
OUT_05418,1109.26
OUT_05419,248.57
OUT_05420,144.23
OUT_05421,161.05
OUT_05422,145.65
OUT_05423,131.95
OUT_05424,308.33
OUT_05425,163.54
OUT_05426,2050.26
OUT_05427,903.14
OUT_05428,1009.64
OUT_05429,114.1
OUT_05430,2220.2
OUT_05431,267.79
OUT_05432,125.27
OUT_05433,135.21
OUT_05434,152.23
OUT_05435,260.02
OUT_05436,152.43
OUT_05437,155.69
OUT_05438,141.75
OUT_05439,248.86
OUT_05440,136.81
OUT_05441,125.1
OUT_05442,963.15
OUT_05443,310.39
OUT_05444,137.64
OUT_05445,278.13
OUT_05446,146.15
OUT_05447,259.2
OUT_05448,925.62
OUT_05449,106.0
OUT_05450,281.53
OUT_05451,358.46
OUT_05452,890.23
OUT_05453,2230.31
OUT_05454,266.03
OUT_05455,190.38
OUT_05456,310.43
OUT_05457,134.33
OUT_05458,325.97
OUT_05459,875.36
OUT_05460,149.08
OUT_05461,319.05
OUT_05462,232.31
OUT_05463,119.39
OUT_05464,101.64
OUT_05465,2081.24
OUT_05466,281.82
OUT_05467,130.58
OUT_05468,169.25
OUT_05469,92.58
OUT_05470,2234.56
OUT_05471,110.67
OUT_05472,129.34
OUT_05473,282.89
OUT_05474,126.0
OUT_05475,126.15
OUT_05476,125.88
OUT_05477,126.86
OUT_05478,852.1
OUT_05479,161.08
OUT_05480,126.56
OUT_05481,120.0
OUT_05482,1207.09
OUT_05483,1022.86
OUT_05484,113.76
OUT_05485,2015.7
OUT_05486,894.44
OUT_05487,250.55
OUT_05488,270.56
OUT_05489,120.5
OUT_05490,846.77
OUT_05491,123.28
OUT_05492,266.99
OUT_05493,1015.71
OUT_05494,299.28
OUT_05495,1081.42
OUT_05496,132.1
OUT_05497,878.65
OUT_05498,122.92
OUT_05499,110.29
OUT_05500,269.25
OUT_05501,920.78
OUT_05502,104.15
OUT_05503,118.16
OUT_05504,284.0
OUT_05505,346.93
OUT_05506,267.68
OUT_05507,97.17
OUT_05508,934.03
OUT_05509,313.52
OUT_05510,136.16
OUT_05511,991.48
OUT_05512,282.17
OUT_05513,130.64
OUT_05514,906.5
OUT_05515,116.31
OUT_05516,280.14
OUT_05517,143.48
OUT_05518,127.01
OUT_05519,147.56
OUT_05520,124.79
OUT_05521,137.18
OUT_05522,283.1
OUT_05523,815.64
OUT_05524,144.18
OUT_05525,288.29
OUT_05526,142.35
OUT_05527,108.35
OUT_05528,150.4
OUT_05529,151.15
OUT_05530,302.77
OUT_05531,138.31
OUT_05532,266.45
OUT_05533,147.81
OUT_05534,104.52
OUT_05535,274.4
OUT_05536,317.08
OUT_05537,935.3
OUT_05538,298.7
OUT_05539,107.93
OUT_05540,956.63
OUT_05541,155.13
OUT_05542,1122.71
OUT_05543,992.67
OUT_05544,127.75
OUT_05545,305.26
OUT_05546,139.77
OUT_05547,147.62
OUT_05548,152.65
OUT_05549,131.3
OUT_05550,114.56
OUT_05551,861.24
OUT_05552,864.42
OUT_05553,296.53
OUT_05554,139.21
OUT_05555,952.7
OUT_05556,95.58
OUT_05557,134.04
OUT_05558,158.84
OUT_05559,133.34
OUT_05560,260.66
OUT_05561,172.84
OUT_05562,261.7
OUT_05563,250.19
OUT_05564,2090.24
OUT_05565,894.78
OUT_05566,79.96
OUT_05567,110.11
OUT_05568,352.58
OUT_05569,834.04
OUT_05570,114.53
OUT_05571,974.12
OUT_05572,112.23
OUT_05573,303.1
OUT_05574,101.93
OUT_05575,929.76
OUT_05576,879.26
OUT_05577,932.15
OUT_05578,2283.27
OUT_05579,833.23
OUT_05580,334.37
OUT_05581,128.8
OUT_05582,115.05
OUT_05583,109.1
OUT_05584,246.99
OUT_05585,293.02
OUT_05586,302.03
OUT_05587,234.9
OUT_05588,222.2
OUT_05589,132.14
OUT_05590,241.01
OUT_05591,267.52
OUT_05592,2195.88
OUT_05593,1061.88
OUT_05594,260.25
OUT_05595,163.45
OUT_05596,148.06
OUT_05597,2216.95
OUT_05598,325.09
OUT_05599,95.64
OUT_05600,141.44
OUT_05601,174.4
OUT_05602,128.09
OUT_05603,172.21
OUT_05604,1099.48
OUT_05605,140.27
OUT_05606,2148.89
OUT_05607,274.87
OUT_05608,256.56
OUT_05609,306.66
OUT_05610,153.82
OUT_05611,87.83
OUT_05612,106.21
OUT_05613,883.71
OUT_05614,127.07
OUT_05615,342.49
OUT_05616,243.72
OUT_05617,147.01
OUT_05618,277.83
OUT_05619,862.82
OUT_05620,1028.7
OUT_05621,983.21
OUT_05622,137.27
OUT_05623,160.38
OUT_05624,150.25
OUT_05625,165.01
OUT_05626,1041.85
OUT_05627,130.91
OUT_05628,153.57
OUT_05629,107.0
OUT_05630,287.03
OUT_05631,147.07
OUT_05632,247.35
OUT_05633,295.27
OUT_05634,105.94
OUT_05635,135.96
OUT_05636,101.78
OUT_05637,129.43
OUT_05638,305.42
OUT_05639,901.44
OUT_05640,932.98
OUT_05641,146.96
OUT_05642,125.69
OUT_05643,132.63
OUT_05644,255.42
OUT_05645,282.3
OUT_05646,110.87
OUT_05647,289.49
OUT_05648,97.57
OUT_05649,117.74
OUT_05650,178.29
OUT_05651,234.93
OUT_05652,259.64
OUT_05653,133.26
OUT_05654,141.03
OUT_05655,915.84
OUT_05656,302.39
OUT_05657,901.15
OUT_05658,958.63
OUT_05659,132.26
OUT_05660,111.3
OUT_05661,256.3
OUT_05662,122.82
OUT_05663,146.66
OUT_05664,896.72
OUT_05665,151.36
OUT_05666,153.59
OUT_05667,298.84
OUT_05668,154.43
OUT_05669,119.65
OUT_05670,310.47
OUT_05671,272.28
OUT_05672,117.41
OUT_05673,136.18
OUT_05674,122.3
OUT_05675,133.49
OUT_05676,253.8
OUT_05677,235.32
OUT_05678,95.95
OUT_05679,294.08
OUT_05680,97.79
OUT_05681,142.43
OUT_05682,894.37
OUT_05683,97.59
OUT_05684,279.77
OUT_05685,289.04
OUT_05686,112.58
OUT_05687,111.05
OUT_05688,282.63
OUT_05689,255.05
OUT_05690,222.38
OUT_05691,855.76
OUT_05692,1101.63
OUT_05693,251.45
OUT_05694,2237.07
OUT_05695,139.63
OUT_05696,181.18
OUT_05697,164.26
OUT_05698,244.21
OUT_05699,2228.55
OUT_05700,150.91
OUT_05701,123.44
OUT_05702,149.9
OUT_05703,1092.83
OUT_05704,125.21
OUT_05705,112.57
OUT_05706,129.45
OUT_05707,119.33
OUT_05708,171.35
OUT_05709,259.21
OUT_05710,122.29
OUT_05711,914.56
OUT_05712,143.42
OUT_05713,110.93
OUT_05714,244.27
OUT_05715,114.81
OUT_05716,951.78
OUT_05717,135.51
OUT_05718,1075.76
OUT_05719,243.07
OUT_05720,122.7
OUT_05721,115.76
OUT_05722,267.74
OUT_05723,103.94
OUT_05724,118.62
OUT_05725,124.14
OUT_05726,281.55
OUT_05727,2214.03
OUT_05728,153.66
OUT_05729,165.83
OUT_05730,110.2
OUT_05731,150.88
OUT_05732,948.24
OUT_05733,959.28
OUT_05734,134.2
OUT_05735,138.92
OUT_05736,239.13
OUT_05737,131.86
OUT_05738,123.58
OUT_05739,309.01
OUT_05740,307.59
OUT_05741,128.22
OUT_05742,308.15
OUT_05743,2204.33
OUT_05744,330.11
OUT_05745,111.74
OUT_05746,136.24
OUT_05747,151.99
OUT_05748,104.65
OUT_05749,279.3
OUT_05750,251.43
OUT_05751,135.6
OUT_05752,281.19
OUT_05753,137.96
OUT_05754,255.48
OUT_05755,110.64
OUT_05756,280.61
OUT_05757,2260.13
OUT_05758,267.23
OUT_05759,160.78
OUT_05760,151.39
OUT_05761,235.51
OUT_05762,249.44
OUT_05763,106.4
OUT_05764,272.62
OUT_05765,228.09
OUT_05766,123.36
OUT_05767,138.44
OUT_05768,145.55
OUT_05769,271.5
OUT_05770,255.84
OUT_05771,131.67
OUT_05772,268.95
OUT_05773,297.83
OUT_05774,249.38
OUT_05775,153.45
OUT_05776,2220.5
OUT_05777,1100.0
OUT_05778,269.92
OUT_05779,159.69
OUT_05780,140.72
OUT_05781,149.67
OUT_05782,297.26
OUT_05783,253.3
OUT_05784,77.05
OUT_05785,150.06
OUT_05786,979.77
OUT_05787,126.91
OUT_05788,108.58
OUT_05789,118.77
OUT_05790,248.32
OUT_05791,145.22
OUT_05792,310.28
OUT_05793,140.36
OUT_05794,125.44
OUT_05795,125.4
OUT_05796,118.76
OUT_05797,270.43
OUT_05798,279.93
OUT_05799,144.93
OUT_05800,285.13
OUT_05801,270.44
OUT_05802,226.92
OUT_05803,1091.78
OUT_05804,1026.83
OUT_05805,142.63
OUT_05806,268.51
OUT_05807,140.75
OUT_05808,115.66
OUT_05809,350.35
OUT_05810,127.22
OUT_05811,236.88
OUT_05812,104.25
OUT_05813,985.13
OUT_05814,924.86
OUT_05815,323.37
OUT_05816,335.99
OUT_05817,143.89
OUT_05818,272.07
OUT_05819,147.53
OUT_05820,120.99
OUT_05821,117.05
OUT_05822,247.23
OUT_05823,150.22
OUT_05824,951.95
OUT_05825,2190.13
OUT_05826,153.3
OUT_05827,123.51
OUT_05828,146.06
OUT_05829,283.36
OUT_05830,296.63
OUT_05831,251.93
OUT_05832,109.05
OUT_05833,87.99
OUT_05834,218.84
OUT_05835,122.93
OUT_05836,244.46
OUT_05837,250.27
OUT_05838,2129.82
OUT_05839,125.05
OUT_05840,129.12
OUT_05841,155.75
OUT_05842,90.8
OUT_05843,925.38
OUT_05844,110.55
OUT_05845,242.43
OUT_05846,986.11
OUT_05847,988.47
OUT_05848,140.17
OUT_05849,974.12
OUT_05850,254.34
OUT_05851,103.81
OUT_05852,969.98
OUT_05853,148.22
OUT_05854,872.68
OUT_05855,233.54
OUT_05856,328.17
OUT_05857,148.29
OUT_05858,148.84
OUT_05859,106.41
OUT_05860,141.46
OUT_05861,136.86
OUT_05862,118.72
OUT_05863,75.96
OUT_05864,125.48
OUT_05865,119.13
OUT_05866,122.26
OUT_05867,288.38
OUT_05868,256.35
OUT_05869,126.32
OUT_05870,911.27
OUT_05871,276.42
OUT_05872,150.82
OUT_05873,262.4
OUT_05874,137.85
OUT_05875,284.53
OUT_05876,107.0
OUT_05877,253.61
OUT_05878,130.57
OUT_05879,995.95
OUT_05880,139.29
OUT_05881,146.45
OUT_05882,280.24
OUT_05883,222.12
OUT_05884,308.68
OUT_05885,388.82
OUT_05886,275.33
OUT_05887,272.67
OUT_05888,125.79
OUT_05889,263.45
OUT_05890,949.08
OUT_05891,118.63
OUT_05892,984.33
OUT_05893,289.49
OUT_05894,894.89
OUT_05895,165.44
OUT_05896,129.8
OUT_05897,118.88
OUT_05898,137.14
OUT_05899,867.2
OUT_05900,282.63
OUT_05901,145.12
OUT_05902,253.78
OUT_05903,2104.8
OUT_05904,125.2
OUT_05905,130.65
OUT_05906,136.22
OUT_05907,321.84
OUT_05908,129.95
OUT_05909,897.58
OUT_05910,130.76
OUT_05911,175.19
OUT_05912,132.84
OUT_05913,140.23
OUT_05914,146.07
OUT_05915,274.46
OUT_05916,313.53
OUT_05917,104.41
OUT_05918,241.93
OUT_05919,99.93
OUT_05920,90.11
OUT_05921,117.33
OUT_05922,222.3
OUT_05923,124.04
OUT_05924,276.57
OUT_05925,269.38
OUT_05926,120.0
OUT_05927,2166.06
OUT_05928,123.71
OUT_05929,252.76
OUT_05930,97.59
OUT_05931,126.78
OUT_05932,304.59
OUT_05933,323.0
OUT_05934,117.77
OUT_05935,112.19
OUT_05936,2104.43
OUT_05937,1009.33
OUT_05938,2212.04
OUT_05939,290.94
OUT_05940,2140.48
OUT_05941,154.84
OUT_05942,119.8
OUT_05943,882.14
OUT_05944,173.78
OUT_05945,160.68
OUT_05946,110.04
OUT_05947,2085.11
OUT_05948,954.76
OUT_05949,538.75
OUT_05950,114.86
OUT_05951,107.45
OUT_05952,113.75
OUT_05953,110.3
OUT_05954,153.9
OUT_05955,134.45
OUT_05956,901.05
OUT_05957,141.41
OUT_05958,249.42
OUT_05959,107.91
OUT_05960,962.54
OUT_05961,129.67
OUT_05962,250.67
OUT_05963,133.82
OUT_05964,116.12
OUT_05965,297.72
OUT_05966,232.8
OUT_05967,147.78
OUT_05968,171.56
OUT_05969,255.76
OUT_05970,309.19
OUT_05971,257.59
OUT_05972,116.84
OUT_05973,324.59
OUT_05974,138.51
OUT_05975,304.6
OUT_05976,134.91
OUT_05977,102.21
OUT_05978,308.27
OUT_05979,281.76
OUT_05980,169.93
OUT_05981,2113.74
OUT_05982,296.97
OUT_05983,139.25
OUT_05984,885.71
OUT_05985,127.91
OUT_05986,155.49
OUT_05987,126.29
OUT_05988,253.43
OUT_05989,137.9
OUT_05990,151.26
OUT_05991,150.67
OUT_05992,992.49
OUT_05993,169.01
OUT_05994,119.17
OUT_05995,154.42
OUT_05996,140.59
OUT_05997,97.44
OUT_05998,278.12
OUT_05999,130.01
OUT_06000,119.96
OUT_06001,112.03
OUT_06002,303.1
OUT_06003,185.69
OUT_06004,168.73
OUT_06005,298.75
OUT_06006,283.65
OUT_06007,115.85
OUT_06008,243.92
OUT_06009,280.88
OUT_06010,155.78
OUT_06011,139.24
OUT_06012,757.13
OUT_06013,885.4
OUT_06014,283.42
OUT_06015,137.59
OUT_06016,1046.09
OUT_06017,134.62
OUT_06018,118.46
OUT_06019,129.13
OUT_06020,280.71
OUT_06021,142.03
OUT_06022,157.1
OUT_06023,2061.92
OUT_06024,165.34
OUT_06025,245.03
OUT_06026,1030.32
OUT_06027,275.72
OUT_06028,164.75
OUT_06029,138.87
OUT_06030,2146.47
OUT_06031,94.62
OUT_06032,810.84
OUT_06033,2222.19
OUT_06034,231.04
OUT_06035,119.41
OUT_06036,114.42
OUT_06037,250.95
OUT_06038,319.24
OUT_06039,229.15
OUT_06040,238.3
OUT_06041,885.95
OUT_06042,321.49
OUT_06043,167.59
OUT_06044,2261.1
OUT_06045,110.75
OUT_06046,66.86
OUT_06047,932.51
OUT_06048,106.14
OUT_06049,1042.77
OUT_06050,985.19
OUT_06051,123.21
OUT_06052,261.33
OUT_06053,276.8
OUT_06054,163.79
OUT_06055,299.96
OUT_06056,146.55
OUT_06057,354.85
OUT_06058,159.54
OUT_06059,289.15
OUT_06060,134.15
OUT_06061,245.48
OUT_06062,862.5
OUT_06063,280.26
OUT_06064,320.14
OUT_06065,248.66
OUT_06066,132.8
OUT_06067,155.57
OUT_06068,131.02
OUT_06069,155.78
OUT_06070,129.04
OUT_06071,157.54
OUT_06072,994.06
OUT_06073,136.84
OUT_06074,144.18
OUT_06075,299.93
OUT_06076,161.29
OUT_06077,163.15
OUT_06078,140.74
OUT_06079,187.81
OUT_06080,157.16
OUT_06081,2159.8
OUT_06082,975.28
OUT_06083,2142.34
OUT_06084,123.1
OUT_06085,103.76
OUT_06086,880.09
OUT_06087,321.01
OUT_06088,934.77
OUT_06089,149.01
OUT_06090,272.2
OUT_06091,119.84
OUT_06092,104.06
OUT_06093,2286.75
OUT_06094,274.29
OUT_06095,127.24
OUT_06096,995.77
OUT_06097,924.47
OUT_06098,128.13
OUT_06099,157.13
OUT_06100,922.49
OUT_06101,282.23
OUT_06102,267.65
OUT_06103,1012.67
OUT_06104,286.63
OUT_06105,122.82
OUT_06106,242.25
OUT_06107,834.07
OUT_06108,146.03
OUT_06109,937.88
OUT_06110,113.29
OUT_06111,140.66
OUT_06112,300.46
OUT_06113,130.25
OUT_06114,275.96
OUT_06115,252.83
OUT_06116,157.96
OUT_06117,124.33
OUT_06118,148.64
OUT_06119,2038.03
OUT_06120,158.45
OUT_06121,132.15
OUT_06122,98.95
OUT_06123,233.02
OUT_06124,356.28
OUT_06125,141.46
OUT_06126,153.97
OUT_06127,251.65
OUT_06128,304.76
OUT_06129,147.99
OUT_06130,301.43
OUT_06131,162.93
OUT_06132,167.09
OUT_06133,111.37
OUT_06134,229.97
OUT_06135,882.01
OUT_06136,893.02
OUT_06137,243.84
OUT_06138,173.75
OUT_06139,139.31
OUT_06140,135.03
OUT_06141,153.13
OUT_06142,901.01
OUT_06143,127.26
OUT_06144,293.21
OUT_06145,281.71
OUT_06146,136.65
OUT_06147,269.12
OUT_06148,280.94
OUT_06149,227.62
OUT_06150,296.2
OUT_06151,2226.39
OUT_06152,126.19
OUT_06153,121.66
OUT_06154,160.28
OUT_06155,885.36
OUT_06156,139.64
OUT_06157,860.14
OUT_06158,264.23
OUT_06159,2241.98
OUT_06160,265.16
OUT_06161,258.48
OUT_06162,289.7
OUT_06163,146.72
OUT_06164,140.97
OUT_06165,332.46
OUT_06166,132.21
OUT_06167,292.81
OUT_06168,890.98
OUT_06169,99.48
OUT_06170,986.2
OUT_06171,107.32
OUT_06172,2208.95
OUT_06173,141.58
OUT_06174,244.62
OUT_06175,158.86
OUT_06176,303.94
OUT_06177,122.96
OUT_06178,126.48
OUT_06179,128.25
OUT_06180,93.4
OUT_06181,274.88
OUT_06182,1195.69
OUT_06183,131.06
OUT_06184,97.87
OUT_06185,266.89
OUT_06186,915.69
OUT_06187,140.4
OUT_06188,126.82
OUT_06189,2223.81
OUT_06190,108.81
OUT_06191,117.99
OUT_06192,291.51
OUT_06193,219.72
OUT_06194,142.94
OUT_06195,121.61
OUT_06196,127.23
OUT_06197,315.88
OUT_06198,100.07
OUT_06199,133.11
OUT_06200,268.51
OUT_06201,138.99
OUT_06202,152.16
OUT_06203,1113.9
OUT_06204,124.38
OUT_06205,2027.74
OUT_06206,241.06
OUT_06207,97.3
OUT_06208,120.81
OUT_06209,235.46
OUT_06210,2214.77
OUT_06211,121.17
OUT_06212,250.76
OUT_06213,129.59
OUT_06214,281.05
OUT_06215,1002.38
OUT_06216,120.24
OUT_06217,308.1
OUT_06218,353.26
OUT_06219,119.05
OUT_06220,133.15
OUT_06221,110.34
OUT_06222,150.53
OUT_06223,112.27
OUT_06224,308.34
OUT_06225,123.75
OUT_06226,94.16
OUT_06227,299.89
OUT_06228,1169.38
OUT_06229,291.17
OUT_06230,133.89
OUT_06231,132.07
OUT_06232,840.01
OUT_06233,329.69
OUT_06234,152.93
OUT_06235,120.49
OUT_06236,231.19
OUT_06237,252.36
OUT_06238,294.79
OUT_06239,110.75
OUT_06240,123.23
OUT_06241,145.39
OUT_06242,1012.67
OUT_06243,139.89
OUT_06244,274.79
OUT_06245,116.59
OUT_06246,937.79
OUT_06247,122.78
OUT_06248,139.12
OUT_06249,127.18
OUT_06250,296.2
OUT_06251,268.5
OUT_06252,875.64
OUT_06253,121.94
OUT_06254,138.1
OUT_06255,995.45
OUT_06256,132.63
OUT_06257,931.71
OUT_06258,108.62
OUT_06259,264.7
OUT_06260,128.81
OUT_06261,217.99
OUT_06262,989.75
OUT_06263,144.56
OUT_06264,2067.47
OUT_06265,84.62
OUT_06266,246.48
OUT_06267,136.59
OUT_06268,135.49
OUT_06269,119.56
OUT_06270,136.63
OUT_06271,1136.33
OUT_06272,275.69
OUT_06273,120.53
OUT_06274,131.39
OUT_06275,238.49
OUT_06276,293.64
OUT_06277,288.32
OUT_06278,2180.54
OUT_06279,968.44
OUT_06280,277.94
OUT_06281,286.34
OUT_06282,134.56
OUT_06283,111.59
OUT_06284,1064.42
OUT_06285,135.46
OUT_06286,116.51
OUT_06287,157.54
OUT_06288,130.1
OUT_06289,827.31
OUT_06290,147.69
OUT_06291,156.92
OUT_06292,120.2
OUT_06293,242.22
OUT_06294,133.72
OUT_06295,171.47
OUT_06296,251.62
OUT_06297,95.55
OUT_06298,111.41
OUT_06299,394.01
OUT_06300,244.89
OUT_06301,241.31
OUT_06302,134.61
OUT_06303,125.98
OUT_06304,2258.52
OUT_06305,142.82
OUT_06306,104.3
OUT_06307,149.76
OUT_06308,280.63
OUT_06309,116.22
OUT_06310,137.44
OUT_06311,254.24
OUT_06312,158.46
OUT_06313,101.66
OUT_06314,107.02
OUT_06315,850.54
OUT_06316,296.18
OUT_06317,106.95
OUT_06318,95.1
OUT_06319,298.1
OUT_06320,216.94
OUT_06321,2215.54
OUT_06322,139.89
OUT_06323,814.33
OUT_06324,143.19
OUT_06325,120.81
OUT_06326,278.88
OUT_06327,937.77
OUT_06328,243.96
OUT_06329,117.3
OUT_06330,110.81
OUT_06331,227.45
OUT_06332,1060.57
OUT_06333,133.05
OUT_06334,97.58
OUT_06335,117.71
OUT_06336,1031.08
OUT_06337,148.01
OUT_06338,143.67
OUT_06339,241.32
OUT_06340,937.22
OUT_06341,201.77
OUT_06342,250.58
OUT_06343,128.41
OUT_06344,129.62
OUT_06345,139.12
OUT_06346,110.0
OUT_06347,251.79
OUT_06348,273.11
OUT_06349,224.7
OUT_06350,247.25
OUT_06351,298.3
OUT_06352,303.44
OUT_06353,235.88
OUT_06354,144.12
OUT_06355,133.42
OUT_06356,2039.43
OUT_06357,120.33
OUT_06358,2276.53
OUT_06359,242.77
OUT_06360,145.09
OUT_06361,908.48
OUT_06362,142.56
OUT_06363,113.38
OUT_06364,119.14
OUT_06365,310.69
OUT_06366,113.58
OUT_06367,986.33
OUT_06368,212.46
OUT_06369,287.16
OUT_06370,862.49
OUT_06371,133.18
OUT_06372,346.69
OUT_06373,2039.98
OUT_06374,119.51
OUT_06375,996.9
OUT_06376,309.21
OUT_06377,251.94
OUT_06378,113.32
OUT_06379,254.53
OUT_06380,115.42
OUT_06381,2182.02
OUT_06382,245.44
OUT_06383,133.43
OUT_06384,159.05
OUT_06385,141.9
OUT_06386,907.12
OUT_06387,2085.88
OUT_06388,100.7
OUT_06389,91.93
OUT_06390,264.6
OUT_06391,127.89
OUT_06392,2117.25
OUT_06393,98.56
OUT_06394,143.16
OUT_06395,136.51
OUT_06396,141.83
OUT_06397,140.19
OUT_06398,117.76
OUT_06399,232.36
OUT_06400,265.24
OUT_06401,166.08
OUT_06402,902.06
OUT_06403,967.28
OUT_06404,902.85
OUT_06405,315.32
OUT_06406,997.75
OUT_06407,160.87
OUT_06408,114.48
OUT_06409,158.87
OUT_06410,2064.02
OUT_06411,96.71
OUT_06412,126.55
OUT_06413,258.15
OUT_06414,2128.87
OUT_06415,377.75
OUT_06416,312.56
OUT_06417,2197.1
OUT_06418,146.66
OUT_06419,133.19
OUT_06420,2102.54
OUT_06421,136.92
OUT_06422,145.06
OUT_06423,133.88
OUT_06424,278.36
OUT_06425,130.85
OUT_06426,140.31
OUT_06427,1110.81
OUT_06428,111.39
OUT_06429,121.21
OUT_06430,274.01
OUT_06431,312.66
OUT_06432,966.05
OUT_06433,282.31
OUT_06434,260.46
OUT_06435,121.88
OUT_06436,1012.49
OUT_06437,127.9
OUT_06438,140.82
OUT_06439,2201.67
OUT_06440,286.7
OUT_06441,472.32
OUT_06442,205.03
OUT_06443,138.21
OUT_06444,136.82
OUT_06445,280.37
OUT_06446,120.29
OUT_06447,127.66
OUT_06448,140.48
OUT_06449,145.78
OUT_06450,128.47
OUT_06451,110.11
OUT_06452,127.56
OUT_06453,148.24
OUT_06454,251.99
OUT_06455,112.5
OUT_06456,125.37
OUT_06457,112.7
OUT_06458,142.46
OUT_06459,89.27
OUT_06460,275.93
OUT_06461,145.42
OUT_06462,1052.79
OUT_06463,147.12
OUT_06464,141.17
OUT_06465,267.78
OUT_06466,1049.01
OUT_06467,241.12
OUT_06468,124.52
OUT_06469,121.53
OUT_06470,124.2
OUT_06471,272.36
OUT_06472,998.24
OUT_06473,233.47
OUT_06474,165.54
OUT_06475,339.57
OUT_06476,292.61
OUT_06477,113.59
OUT_06478,114.54
OUT_06479,103.2
OUT_06480,315.26
OUT_06481,268.23
OUT_06482,116.35
OUT_06483,107.22
OUT_06484,142.36
OUT_06485,119.71
OUT_06486,115.84
OUT_06487,234.89
OUT_06488,150.69
OUT_06489,119.44
OUT_06490,960.0
OUT_06491,142.99
OUT_06492,288.21
OUT_06493,296.14
OUT_06494,152.07
OUT_06495,111.85
OUT_06496,310.3
OUT_06497,156.4
OUT_06498,143.79
OUT_06499,2169.9
OUT_06500,146.92
OUT_06501,837.6
OUT_06502,1025.31
OUT_06503,136.02
OUT_06504,147.26
OUT_06505,124.9
OUT_06506,136.62
OUT_06507,889.39
OUT_06508,91.48
OUT_06509,277.18
OUT_06510,137.82
OUT_06511,134.59
OUT_06512,273.13
OUT_06513,114.43
OUT_06514,229.67
OUT_06515,289.69
OUT_06516,113.61
OUT_06517,146.78
OUT_06518,966.51
OUT_06519,335.96
OUT_06520,123.76
OUT_06521,121.66
OUT_06522,292.42
OUT_06523,290.3
OUT_06524,152.48
OUT_06525,135.28
OUT_06526,291.0
OUT_06527,100.42
OUT_06528,149.6
OUT_06529,861.46
OUT_06530,150.56
OUT_06531,285.16
OUT_06532,278.8
OUT_06533,142.13
OUT_06534,265.31
OUT_06535,884.93
OUT_06536,277.62
OUT_06537,123.9
OUT_06538,925.55
OUT_06539,125.16
OUT_06540,905.74
OUT_06541,124.9
OUT_06542,145.12
OUT_06543,222.9
OUT_06544,164.48
OUT_06545,835.67
OUT_06546,123.33
OUT_06547,119.44
OUT_06548,150.63
OUT_06549,102.18
OUT_06550,249.56
OUT_06551,265.92
OUT_06552,257.37
OUT_06553,335.84
OUT_06554,134.79
OUT_06555,275.3
OUT_06556,2097.85
OUT_06557,286.3
OUT_06558,263.58
OUT_06559,1147.37
OUT_06560,107.04
OUT_06561,258.59
OUT_06562,134.56
OUT_06563,147.31
OUT_06564,101.31
OUT_06565,841.69
OUT_06566,128.36
OUT_06567,133.06
OUT_06568,285.08
OUT_06569,158.6
OUT_06570,108.48
OUT_06571,248.29
OUT_06572,162.1
OUT_06573,120.65
OUT_06574,917.04
OUT_06575,285.72
OUT_06576,139.21
OUT_06577,121.25
OUT_06578,140.04
OUT_06579,1046.25
OUT_06580,128.36
OUT_06581,129.57
OUT_06582,125.27
OUT_06583,120.93
OUT_06584,110.41
OUT_06585,107.17
OUT_06586,223.65
OUT_06587,867.89
OUT_06588,172.72
OUT_06589,2215.2
OUT_06590,1008.2
OUT_06591,145.6
OUT_06592,168.1
OUT_06593,272.09
OUT_06594,120.34
OUT_06595,163.42
OUT_06596,244.28
OUT_06597,118.7
OUT_06598,110.31
OUT_06599,970.2
OUT_06600,307.4
OUT_06601,114.9
OUT_06602,128.88
OUT_06603,270.12
OUT_06604,291.23
OUT_06605,151.65
OUT_06606,140.2
OUT_06607,167.51
OUT_06608,926.27
OUT_06609,288.38
OUT_06610,155.73
OUT_06611,125.34
OUT_06612,324.87
OUT_06613,1017.78
OUT_06614,99.16
OUT_06615,986.66
OUT_06616,290.08
OUT_06617,281.79
OUT_06618,148.77
OUT_06619,158.55
OUT_06620,157.98
OUT_06621,163.21
OUT_06622,146.58
OUT_06623,105.89
OUT_06624,297.93
OUT_06625,2240.94
OUT_06626,281.37
OUT_06627,107.94
OUT_06628,256.09
OUT_06629,1101.78
OUT_06630,273.93
OUT_06631,962.41
OUT_06632,145.46
OUT_06633,135.36
OUT_06634,295.88
OUT_06635,137.61
OUT_06636,146.61
OUT_06637,267.97
OUT_06638,137.51
OUT_06639,150.78
OUT_06640,109.24
OUT_06641,125.9
OUT_06642,152.45
OUT_06643,146.82
OUT_06644,133.98
OUT_06645,944.39
OUT_06646,289.73
OUT_06647,284.46
OUT_06648,813.95
OUT_06649,232.03
OUT_06650,152.71
OUT_06651,230.86
OUT_06652,175.76
OUT_06653,94.07
OUT_06654,112.93
OUT_06655,949.15
OUT_06656,140.87
OUT_06657,318.31
OUT_06658,2250.33
OUT_06659,134.06
OUT_06660,2194.68
OUT_06661,98.37
OUT_06662,279.52
OUT_06663,2021.37
OUT_06664,284.07
OUT_06665,127.26
OUT_06666,286.79
OUT_06667,136.85
OUT_06668,256.42
OUT_06669,121.16
OUT_06670,129.36
OUT_06671,138.37
OUT_06672,132.96
OUT_06673,144.65
OUT_06674,117.93
OUT_06675,144.17
OUT_06676,80.85
OUT_06677,880.85
OUT_06678,230.29
OUT_06679,296.79
OUT_06680,131.18
OUT_06681,122.81
OUT_06682,1143.71
OUT_06683,139.34
OUT_06684,233.97
OUT_06685,121.13
OUT_06686,295.05
OUT_06687,142.76
OUT_06688,120.5
OUT_06689,144.63
OUT_06690,288.52
OUT_06691,121.61
OUT_06692,280.12
OUT_06693,106.43
OUT_06694,281.29
OUT_06695,331.19
OUT_06696,1139.81
OUT_06697,139.22
OUT_06698,1025.96
OUT_06699,2105.39
OUT_06700,132.51
OUT_06701,249.1
OUT_06702,321.15
OUT_06703,282.93
OUT_06704,325.81
OUT_06705,121.87
OUT_06706,285.65
OUT_06707,271.43
OUT_06708,110.42
OUT_06709,150.28
OUT_06710,228.14
OUT_06711,967.72
OUT_06712,113.06
OUT_06713,141.39
OUT_06714,127.09
OUT_06715,106.64
OUT_06716,126.47
OUT_06717,266.1
OUT_06718,893.8
OUT_06719,103.32
OUT_06720,992.19
OUT_06721,255.25
OUT_06722,110.42
OUT_06723,121.15
OUT_06724,971.49
OUT_06725,882.93
OUT_06726,244.89
OUT_06727,270.32
OUT_06728,134.59
OUT_06729,124.24
OUT_06730,141.25
OUT_06731,150.36
OUT_06732,116.85
OUT_06733,2022.09
OUT_06734,260.63
OUT_06735,129.97
OUT_06736,866.36
OUT_06737,128.8
OUT_06738,116.53
OUT_06739,267.62
OUT_06740,117.11
OUT_06741,260.85
OUT_06742,153.61
OUT_06743,138.83
OUT_06744,995.71
OUT_06745,260.69
OUT_06746,275.08
OUT_06747,843.69
OUT_06748,126.83
OUT_06749,331.48
OUT_06750,129.31
OUT_06751,276.53
OUT_06752,141.08
OUT_06753,311.94
OUT_06754,129.7
OUT_06755,115.52
OUT_06756,119.85
OUT_06757,129.11
OUT_06758,345.75
OUT_06759,139.29
OUT_06760,891.03
OUT_06761,146.05
OUT_06762,149.19
OUT_06763,967.62
OUT_06764,1151.36
OUT_06765,276.82
OUT_06766,259.17
OUT_06767,319.44
OUT_06768,151.03
OUT_06769,116.25
OUT_06770,147.6
OUT_06771,143.35
OUT_06772,143.47
OUT_06773,262.28
OUT_06774,297.61
OUT_06775,319.09
OUT_06776,122.17
OUT_06777,991.41
OUT_06778,135.11
OUT_06779,166.89
OUT_06780,131.89
OUT_06781,118.22
OUT_06782,117.26
OUT_06783,155.01
OUT_06784,273.88
OUT_06785,321.1
OUT_06786,155.09
OUT_06787,139.56
OUT_06788,121.0
OUT_06789,147.83
OUT_06790,264.49
OUT_06791,132.89
OUT_06792,242.52
OUT_06793,289.85
OUT_06794,113.2
OUT_06795,247.62
OUT_06796,132.33
OUT_06797,1018.21
OUT_06798,913.33
OUT_06799,113.84
OUT_06800,241.11
OUT_06801,144.13
OUT_06802,279.17
OUT_06803,339.23
OUT_06804,133.33
OUT_06805,154.82
OUT_06806,157.01
OUT_06807,107.6
OUT_06808,288.0
OUT_06809,132.92
OUT_06810,2055.05
OUT_06811,170.96
OUT_06812,132.87
OUT_06813,152.92
OUT_06814,115.95
OUT_06815,945.73
OUT_06816,274.43
OUT_06817,922.9
OUT_06818,2072.95
OUT_06819,256.62
OUT_06820,152.93
OUT_06821,221.22
OUT_06822,95.47
OUT_06823,329.69
OUT_06824,144.26
OUT_06825,265.92
OUT_06826,931.73
OUT_06827,134.26
OUT_06828,81.03
OUT_06829,115.11
OUT_06830,1012.09
OUT_06831,243.4
OUT_06832,268.74
OUT_06833,240.08
OUT_06834,269.23
OUT_06835,133.91
OUT_06836,137.93
OUT_06837,223.66
OUT_06838,142.24
OUT_06839,857.64
OUT_06840,251.01
OUT_06841,302.26
OUT_06842,157.95
OUT_06843,1064.41
OUT_06844,113.36
OUT_06845,253.06
OUT_06846,108.64
OUT_06847,121.94
OUT_06848,145.97
OUT_06849,308.07
OUT_06850,160.82
OUT_06851,260.13
OUT_06852,125.02
OUT_06853,105.89
OUT_06854,149.41
OUT_06855,267.47
OUT_06856,233.92
OUT_06857,125.68
OUT_06858,113.54
OUT_06859,103.73
OUT_06860,980.25
OUT_06861,131.17
OUT_06862,151.58
OUT_06863,973.63
OUT_06864,141.46
OUT_06865,334.78
OUT_06866,284.29
OUT_06867,858.94
OUT_06868,128.96
OUT_06869,134.7
OUT_06870,143.29
OUT_06871,171.34
OUT_06872,114.88
OUT_06873,143.44
OUT_06874,116.12
OUT_06875,113.74
OUT_06876,104.08
OUT_06877,120.63
OUT_06878,159.84
OUT_06879,867.01
OUT_06880,926.25
OUT_06881,1276.95
OUT_06882,971.3
OUT_06883,142.06
OUT_06884,249.41
OUT_06885,90.69
OUT_06886,224.43
OUT_06887,97.71
OUT_06888,943.1
OUT_06889,122.36
OUT_06890,108.86
OUT_06891,269.97
OUT_06892,109.52
OUT_06893,250.01
OUT_06894,319.14
OUT_06895,134.83
OUT_06896,162.93
OUT_06897,238.86
OUT_06898,118.26
OUT_06899,115.48
OUT_06900,123.44
OUT_06901,253.15
OUT_06902,120.11
OUT_06903,125.74
OUT_06904,267.18
OUT_06905,277.62
OUT_06906,1004.26
OUT_06907,101.89
OUT_06908,124.6
OUT_06909,136.44
OUT_06910,343.99
OUT_06911,129.43
OUT_06912,87.22
OUT_06913,132.76
OUT_06914,278.29
OUT_06915,922.1
OUT_06916,155.45
OUT_06917,163.3
OUT_06918,111.81
OUT_06919,141.73
OUT_06920,172.44
OUT_06921,111.2
OUT_06922,882.95
OUT_06923,132.42
OUT_06924,149.0
OUT_06925,111.95
OUT_06926,146.64
OUT_06927,147.32
OUT_06928,131.56
OUT_06929,142.91
OUT_06930,371.93
OUT_06931,111.08
OUT_06932,285.98
OUT_06933,250.49
OUT_06934,124.11
OUT_06935,140.91
OUT_06936,306.17
OUT_06937,144.27
OUT_06938,1070.47
OUT_06939,327.95
OUT_06940,2287.52
OUT_06941,274.32
OUT_06942,299.24
OUT_06943,300.5
OUT_06944,133.19
OUT_06945,145.47
OUT_06946,194.75
OUT_06947,241.32
OUT_06948,908.19
OUT_06949,262.97
OUT_06950,117.24
OUT_06951,137.14
OUT_06952,1027.15
OUT_06953,132.97
OUT_06954,144.31
OUT_06955,133.79
OUT_06956,255.34
OUT_06957,155.36
OUT_06958,134.68
OUT_06959,135.06
OUT_06960,152.2
OUT_06961,158.04
OUT_06962,120.76
OUT_06963,233.6
OUT_06964,134.3
OUT_06965,163.18
OUT_06966,104.87
OUT_06967,275.24
OUT_06968,129.03
OUT_06969,159.15
OUT_06970,73.69
OUT_06971,129.94
OUT_06972,112.97
OUT_06973,100.69
OUT_06974,283.71
OUT_06975,88.28
OUT_06976,952.6
OUT_06977,300.35
OUT_06978,138.67
OUT_06979,121.38
OUT_06980,113.76
OUT_06981,2184.67
OUT_06982,130.28
OUT_06983,116.23
OUT_06984,267.2
OUT_06985,2241.56
OUT_06986,125.09
OUT_06987,119.53
OUT_06988,265.87
OUT_06989,225.09
OUT_06990,966.91
OUT_06991,128.0
OUT_06992,136.48
OUT_06993,119.11
OUT_06994,114.71
OUT_06995,118.33
OUT_06996,914.78
OUT_06997,269.83
OUT_06998,121.04
OUT_06999,315.14
OUT_07000,1044.47
OUT_07001,297.16
OUT_07002,908.24
OUT_07003,270.51
OUT_07004,144.53
OUT_07005,170.0
OUT_07006,109.07
OUT_07007,283.97
OUT_07008,2153.95
OUT_07009,295.17
OUT_07010,299.57
OUT_07011,138.19
OUT_07012,1133.79
OUT_07013,2095.24
OUT_07014,298.52
OUT_07015,112.84
OUT_07016,2127.06
OUT_07017,124.24
OUT_07018,247.83
OUT_07019,124.45
OUT_07020,876.78
OUT_07021,288.05
OUT_07022,145.85
OUT_07023,146.65
OUT_07024,286.53
OUT_07025,156.62
OUT_07026,2119.36
OUT_07027,2241.1
OUT_07028,151.01
OUT_07029,874.26
OUT_07030,107.17
OUT_07031,1002.76
OUT_07032,228.14
OUT_07033,334.0
OUT_07034,115.51
OUT_07035,141.17
OUT_07036,107.58
OUT_07037,243.98
OUT_07038,137.01
OUT_07039,134.78
OUT_07040,309.1
OUT_07041,126.68
OUT_07042,282.08
OUT_07043,158.45
OUT_07044,238.37
OUT_07045,293.25
OUT_07046,316.05
OUT_07047,163.02
OUT_07048,1112.52
OUT_07049,116.04
OUT_07050,251.98
OUT_07051,303.46
OUT_07052,146.37
OUT_07053,147.21
OUT_07054,272.41
OUT_07055,123.37
OUT_07056,1145.6
OUT_07057,863.55
OUT_07058,234.91
OUT_07059,139.58
OUT_07060,149.06
OUT_07061,889.57
OUT_07062,265.21
OUT_07063,126.63
OUT_07064,295.19
OUT_07065,1051.84
OUT_07066,129.13
OUT_07067,276.41
OUT_07068,2163.29
OUT_07069,135.16
OUT_07070,288.12
OUT_07071,120.54
OUT_07072,132.88
OUT_07073,111.35
OUT_07074,143.13
OUT_07075,125.39
OUT_07076,155.8
OUT_07077,74.08
OUT_07078,241.63
OUT_07079,125.52
OUT_07080,2125.06
OUT_07081,471.28
OUT_07082,130.65
OUT_07083,130.04
OUT_07084,125.45
OUT_07085,391.48
OUT_07086,137.57
OUT_07087,109.3
OUT_07088,236.25
OUT_07089,2108.11
OUT_07090,312.37
OUT_07091,225.74
OUT_07092,148.01
OUT_07093,1030.01
OUT_07094,240.04
OUT_07095,103.63
OUT_07096,252.13
OUT_07097,244.98
OUT_07098,175.54
OUT_07099,301.53
OUT_07100,153.16
OUT_07101,1029.77
OUT_07102,135.4
OUT_07103,139.49
OUT_07104,122.82
OUT_07105,246.18
OUT_07106,136.82
OUT_07107,140.13
OUT_07108,975.4
OUT_07109,162.54
OUT_07110,111.3
OUT_07111,300.84
OUT_07112,254.97
OUT_07113,264.85
OUT_07114,309.86
OUT_07115,330.97
OUT_07116,138.63
OUT_07117,106.83
OUT_07118,120.6
OUT_07119,242.95
OUT_07120,287.37
OUT_07121,1154.45
OUT_07122,816.58
OUT_07123,136.64
OUT_07124,1031.57
OUT_07125,146.54
OUT_07126,267.65
OUT_07127,124.9
OUT_07128,91.13
OUT_07129,306.9
OUT_07130,136.12
OUT_07131,104.95
OUT_07132,302.79
OUT_07133,129.25
OUT_07134,124.41
OUT_07135,2127.69
OUT_07136,113.85
OUT_07137,126.93
OUT_07138,947.04
OUT_07139,128.28
OUT_07140,144.45
OUT_07141,962.56
OUT_07142,139.18
OUT_07143,136.77
OUT_07144,945.48
OUT_07145,169.71
OUT_07146,126.96
OUT_07147,927.12
OUT_07148,1041.59
OUT_07149,327.72
OUT_07150,877.17
OUT_07151,150.49
OUT_07152,138.93
OUT_07153,134.35
OUT_07154,128.97
OUT_07155,294.08
OUT_07156,1003.47
OUT_07157,263.21
OUT_07158,144.79
OUT_07159,140.62
OUT_07160,166.02
OUT_07161,2268.02
OUT_07162,127.21
OUT_07163,139.46
OUT_07164,113.28
OUT_07165,152.38
OUT_07166,292.27
OUT_07167,156.14
OUT_07168,85.39
OUT_07169,291.75
OUT_07170,133.83
OUT_07171,89.49
OUT_07172,144.29
OUT_07173,145.67
OUT_07174,127.43
OUT_07175,135.11
OUT_07176,156.55
OUT_07177,2079.35
OUT_07178,241.08
OUT_07179,122.37
OUT_07180,87.95
OUT_07181,296.14
OUT_07182,100.07
OUT_07183,1095.85
OUT_07184,273.8
OUT_07185,153.46
OUT_07186,178.94
OUT_07187,931.33
OUT_07188,117.04
OUT_07189,130.92
OUT_07190,117.24
OUT_07191,103.95
OUT_07192,132.03
OUT_07193,338.67
OUT_07194,944.49
OUT_07195,934.2
OUT_07196,223.98
OUT_07197,151.45
OUT_07198,120.21
OUT_07199,273.91
OUT_07200,128.36
OUT_07201,287.89
OUT_07202,122.16
OUT_07203,308.91
OUT_07204,153.22
OUT_07205,125.47
OUT_07206,84.94
OUT_07207,262.13
OUT_07208,149.89
OUT_07209,290.4
OUT_07210,129.32
OUT_07211,129.41
OUT_07212,282.91
OUT_07213,127.56
OUT_07214,1069.57
OUT_07215,2198.49
OUT_07216,104.64
OUT_07217,133.43
OUT_07218,263.27
OUT_07219,983.88
OUT_07220,127.98
OUT_07221,113.35
OUT_07222,125.29
OUT_07223,149.85
OUT_07224,159.02
OUT_07225,2269.53
OUT_07226,119.2
OUT_07227,944.3
OUT_07228,138.05
OUT_07229,157.75
OUT_07230,124.45
OUT_07231,128.76
OUT_07232,275.1
OUT_07233,2206.96
OUT_07234,92.81
OUT_07235,291.16
OUT_07236,149.98
OUT_07237,131.12
OUT_07238,117.98
OUT_07239,233.52
OUT_07240,103.84
OUT_07241,154.26
OUT_07242,124.51
OUT_07243,332.88
OUT_07244,138.57
OUT_07245,287.65
OUT_07246,158.62
OUT_07247,296.89
OUT_07248,129.89
OUT_07249,144.53
OUT_07250,2102.87
OUT_07251,241.39
OUT_07252,284.43
OUT_07253,115.13
OUT_07254,145.99
OUT_07255,119.54
OUT_07256,232.22
OUT_07257,244.36
OUT_07258,831.43
OUT_07259,941.67
OUT_07260,129.04
OUT_07261,153.49
OUT_07262,303.69
OUT_07263,960.18
OUT_07264,133.0
OUT_07265,91.23
OUT_07266,908.56
OUT_07267,93.93
OUT_07268,253.94
OUT_07269,275.73
OUT_07270,131.42
OUT_07271,125.93
OUT_07272,289.08
OUT_07273,1153.28
OUT_07274,911.73
OUT_07275,105.46
OUT_07276,2155.22
OUT_07277,119.79
OUT_07278,115.02
OUT_07279,133.91
OUT_07280,280.41
OUT_07281,1055.12
OUT_07282,272.87
OUT_07283,148.26
OUT_07284,247.85
OUT_07285,2277.43
OUT_07286,250.85
OUT_07287,131.48
OUT_07288,123.91
OUT_07289,922.36
OUT_07290,86.28
OUT_07291,150.69
OUT_07292,179.36
OUT_07293,155.22
OUT_07294,160.96
OUT_07295,131.64
OUT_07296,321.07
OUT_07297,136.53
OUT_07298,938.08
OUT_07299,104.2
OUT_07300,959.49
OUT_07301,107.48
OUT_07302,296.32
OUT_07303,145.22
OUT_07304,72.05
OUT_07305,950.38
OUT_07306,155.16
OUT_07307,1028.49
OUT_07308,139.82
OUT_07309,140.22
OUT_07310,143.93
OUT_07311,305.69
OUT_07312,130.74
OUT_07313,147.56
OUT_07314,890.51
OUT_07315,258.91
OUT_07316,2156.05
OUT_07317,1049.38
OUT_07318,267.42
OUT_07319,114.68
OUT_07320,154.63
OUT_07321,2160.33
OUT_07322,281.59
OUT_07323,111.32
OUT_07324,976.05
OUT_07325,144.16
OUT_07326,106.5
OUT_07327,1036.76
OUT_07328,262.7
OUT_07329,273.05
OUT_07330,298.89
OUT_07331,926.3
OUT_07332,126.55
OUT_07333,279.71
OUT_07334,275.41
OUT_07335,974.5
OUT_07336,111.84
OUT_07337,150.74
OUT_07338,124.55
OUT_07339,122.39
OUT_07340,167.22
OUT_07341,1102.79
OUT_07342,152.3
OUT_07343,326.03
OUT_07344,119.59
OUT_07345,139.41
OUT_07346,120.18
OUT_07347,280.3
OUT_07348,247.51
OUT_07349,1041.02
OUT_07350,130.8
OUT_07351,253.53
OUT_07352,132.61
OUT_07353,109.96
OUT_07354,963.44
OUT_07355,117.94
OUT_07356,217.78
OUT_07357,264.32
OUT_07358,164.65
OUT_07359,124.89
OUT_07360,136.06
OUT_07361,142.77
OUT_07362,439.88
OUT_07363,142.23
OUT_07364,262.97
OUT_07365,140.37
OUT_07366,109.08
OUT_07367,983.54
OUT_07368,974.45
OUT_07369,122.37
OUT_07370,126.96
OUT_07371,249.25
OUT_07372,169.21
OUT_07373,124.15
OUT_07374,913.93
OUT_07375,138.61
OUT_07376,326.29
OUT_07377,96.4
OUT_07378,926.96
OUT_07379,165.32
OUT_07380,878.48
OUT_07381,141.98
OUT_07382,256.7
OUT_07383,239.5
OUT_07384,140.85
OUT_07385,107.63
OUT_07386,982.59
OUT_07387,132.71
OUT_07388,2196.91
OUT_07389,154.13
OUT_07390,874.12
OUT_07391,2097.42
OUT_07392,116.51
OUT_07393,950.6
OUT_07394,113.29
OUT_07395,139.83
OUT_07396,269.28
OUT_07397,147.93
OUT_07398,151.05
OUT_07399,132.13
OUT_07400,324.85
OUT_07401,140.91
OUT_07402,274.44
OUT_07403,132.91
OUT_07404,127.32
OUT_07405,90.41
OUT_07406,148.34
OUT_07407,135.45
OUT_07408,2142.97
OUT_07409,126.37
OUT_07410,244.27
OUT_07411,124.15
OUT_07412,111.2
OUT_07413,315.67
OUT_07414,288.91
OUT_07415,248.12
OUT_07416,336.36
OUT_07417,2203.85
OUT_07418,973.57
OUT_07419,135.2
OUT_07420,304.26
OUT_07421,144.29
OUT_07422,997.53
OUT_07423,293.5
OUT_07424,120.59
OUT_07425,235.71
OUT_07426,325.28
OUT_07427,126.17
OUT_07428,275.9
OUT_07429,257.61
OUT_07430,117.53
OUT_07431,139.61
OUT_07432,977.65
OUT_07433,113.31
OUT_07434,110.26
OUT_07435,145.36
OUT_07436,137.97
OUT_07437,153.39
OUT_07438,165.71
OUT_07439,69.85
OUT_07440,459.97
OUT_07441,129.78
OUT_07442,118.43
OUT_07443,1006.93
OUT_07444,245.08
OUT_07445,88.46
OUT_07446,141.3
OUT_07447,336.96
OUT_07448,247.18
OUT_07449,121.28
OUT_07450,134.83
OUT_07451,884.93
OUT_07452,239.04
OUT_07453,229.18
OUT_07454,107.88
OUT_07455,222.92
OUT_07456,1011.63
OUT_07457,105.14
OUT_07458,309.43
OUT_07459,103.32
OUT_07460,159.34
OUT_07461,118.39
OUT_07462,262.43
OUT_07463,284.03
OUT_07464,271.01
OUT_07465,143.01
OUT_07466,908.73
OUT_07467,320.93
OUT_07468,146.9
OUT_07469,897.78
OUT_07470,136.86
OUT_07471,264.13
OUT_07472,1026.27
OUT_07473,128.42
OUT_07474,2188.48
OUT_07475,277.98
OUT_07476,120.15
OUT_07477,137.71
OUT_07478,102.1
OUT_07479,152.96
OUT_07480,992.82
OUT_07481,276.1
OUT_07482,147.02
OUT_07483,892.16
OUT_07484,304.77
OUT_07485,221.9
OUT_07486,320.27
OUT_07487,245.01
OUT_07488,325.91
OUT_07489,265.15
OUT_07490,972.0
OUT_07491,307.73
OUT_07492,2230.95
OUT_07493,266.75
OUT_07494,263.0
OUT_07495,295.87
OUT_07496,125.2
OUT_07497,255.17
OUT_07498,308.95
OUT_07499,283.59
OUT_07500,83.15
OUT_07501,245.65
OUT_07502,141.31
OUT_07503,266.75
OUT_07504,2050.92
OUT_07505,918.46
OUT_07506,126.18
OUT_07507,107.2
OUT_07508,115.82
OUT_07509,156.26
OUT_07510,142.67
OUT_07511,132.21
OUT_07512,280.61
OUT_07513,312.17
OUT_07514,97.26
OUT_07515,992.9
OUT_07516,119.14
OUT_07517,105.3
OUT_07518,126.22
OUT_07519,2313.21
OUT_07520,316.33
OUT_07521,118.39
OUT_07522,265.7
OUT_07523,146.98
OUT_07524,293.07
OUT_07525,148.54
OUT_07526,105.33
OUT_07527,155.8
OUT_07528,111.71
OUT_07529,139.42
OUT_07530,256.95
OUT_07531,156.39
OUT_07532,284.81
OUT_07533,256.23
OUT_07534,100.36
OUT_07535,271.88
OUT_07536,870.33
OUT_07537,123.64
OUT_07538,155.17
OUT_07539,241.43
OUT_07540,124.97
OUT_07541,113.38
OUT_07542,134.81
OUT_07543,177.52
OUT_07544,100.33
OUT_07545,284.56
OUT_07546,2150.53
OUT_07547,279.6
OUT_07548,98.66
OUT_07549,118.29
OUT_07550,149.04
OUT_07551,152.66
OUT_07552,289.37
OUT_07553,2170.79
OUT_07554,117.63
OUT_07555,132.92
OUT_07556,151.29
OUT_07557,887.93
OUT_07558,119.93
OUT_07559,122.25
OUT_07560,140.32
OUT_07561,251.0
OUT_07562,118.47
OUT_07563,292.3
OUT_07564,133.08
OUT_07565,145.21
OUT_07566,145.1
OUT_07567,126.5
OUT_07568,157.56
OUT_07569,115.36
OUT_07570,158.18
OUT_07571,274.74
OUT_07572,188.72
OUT_07573,125.2
OUT_07574,1076.35
OUT_07575,98.17
OUT_07576,288.53
OUT_07577,146.64
OUT_07578,838.06
OUT_07579,104.93
OUT_07580,130.4
OUT_07581,1031.12
OUT_07582,151.08
OUT_07583,103.84
OUT_07584,133.36
OUT_07585,121.07
OUT_07586,243.19
OUT_07587,786.24
OUT_07588,132.19
OUT_07589,128.53
OUT_07590,977.82
OUT_07591,1142.79
OUT_07592,122.24
OUT_07593,280.75
OUT_07594,121.23
OUT_07595,108.25
OUT_07596,113.35
OUT_07597,142.83
OUT_07598,312.15
OUT_07599,144.34
OUT_07600,1025.28
OUT_07601,136.53
OUT_07602,136.37
OUT_07603,135.58
OUT_07604,2323.13
OUT_07605,929.31
OUT_07606,132.72
OUT_07607,96.69
OUT_07608,123.8
OUT_07609,300.33
OUT_07610,125.82
OUT_07611,251.72
OUT_07612,172.37
OUT_07613,147.83
OUT_07614,110.91
OUT_07615,241.92
OUT_07616,139.28
OUT_07617,959.92
OUT_07618,115.0
OUT_07619,260.36
OUT_07620,294.74
OUT_07621,299.45
OUT_07622,315.16
OUT_07623,106.6
OUT_07624,129.55
OUT_07625,975.75
OUT_07626,117.39
OUT_07627,948.27
OUT_07628,101.46
OUT_07629,832.33
OUT_07630,129.39
OUT_07631,158.33
OUT_07632,134.51
OUT_07633,1006.13
OUT_07634,134.12
OUT_07635,999.25
OUT_07636,1021.18
OUT_07637,103.16
OUT_07638,282.8
OUT_07639,2170.91
OUT_07640,107.82
OUT_07641,226.53
OUT_07642,163.41
OUT_07643,320.98
OUT_07644,163.12
OUT_07645,154.36
OUT_07646,298.27
OUT_07647,175.38
OUT_07648,135.09
OUT_07649,247.97
OUT_07650,294.55
OUT_07651,116.85
OUT_07652,132.75
OUT_07653,123.78
OUT_07654,266.85
OUT_07655,2206.86
OUT_07656,108.77
OUT_07657,125.13
OUT_07658,2145.83
OUT_07659,275.99
OUT_07660,120.67
OUT_07661,300.43
OUT_07662,262.06
OUT_07663,137.7
OUT_07664,266.44
OUT_07665,151.48
OUT_07666,144.44
OUT_07667,289.52
OUT_07668,141.94
OUT_07669,93.68
OUT_07670,131.98
OUT_07671,1006.41
OUT_07672,119.25
OUT_07673,130.93
OUT_07674,878.79
OUT_07675,139.88
OUT_07676,111.53
OUT_07677,815.24
OUT_07678,909.65
OUT_07679,931.62
OUT_07680,133.4
OUT_07681,309.16
OUT_07682,988.12
OUT_07683,119.91
OUT_07684,330.48
OUT_07685,938.54
OUT_07686,137.09
OUT_07687,2309.9
OUT_07688,2124.38
OUT_07689,217.07
OUT_07690,111.45
OUT_07691,136.3
OUT_07692,95.29
OUT_07693,279.55
OUT_07694,148.63
OUT_07695,150.8
OUT_07696,128.04
OUT_07697,155.4
OUT_07698,168.64
OUT_07699,149.63
OUT_07700,126.76
OUT_07701,84.1
OUT_07702,914.03
OUT_07703,2239.71
OUT_07704,897.52
OUT_07705,312.93
OUT_07706,229.17
OUT_07707,141.04
OUT_07708,249.15
OUT_07709,248.37
OUT_07710,157.26
OUT_07711,149.38
OUT_07712,312.25
OUT_07713,294.95
OUT_07714,215.01
OUT_07715,271.81
OUT_07716,159.83
OUT_07717,104.88
OUT_07718,233.76
OUT_07719,111.75
OUT_07720,2061.87
OUT_07721,317.0
OUT_07722,1050.24
OUT_07723,100.64
OUT_07724,242.98
OUT_07725,266.59
OUT_07726,106.13
OUT_07727,167.11
OUT_07728,133.75
OUT_07729,137.23
OUT_07730,241.26
OUT_07731,153.7
OUT_07732,291.51
OUT_07733,94.12
OUT_07734,932.07
OUT_07735,134.61
OUT_07736,1955.61
OUT_07737,129.47
OUT_07738,139.48
OUT_07739,346.44
OUT_07740,234.72
OUT_07741,145.14
OUT_07742,874.15
OUT_07743,122.27
OUT_07744,128.43
OUT_07745,130.44
OUT_07746,970.41
OUT_07747,271.48
OUT_07748,145.2
OUT_07749,249.59
OUT_07750,260.32
OUT_07751,146.23
OUT_07752,147.6
OUT_07753,292.7
OUT_07754,179.29
OUT_07755,308.98
OUT_07756,136.3
OUT_07757,114.9
OUT_07758,128.68
OUT_07759,161.08
OUT_07760,278.22
OUT_07761,139.76
OUT_07762,2175.18
OUT_07763,322.15
OUT_07764,133.98
OUT_07765,2227.18
OUT_07766,119.36
OUT_07767,143.52
OUT_07768,142.49
OUT_07769,824.11
OUT_07770,141.18
OUT_07771,329.44
OUT_07772,983.21
OUT_07773,229.38
OUT_07774,241.28
OUT_07775,964.75
OUT_07776,130.94
OUT_07777,136.89
OUT_07778,112.67
OUT_07779,144.87
OUT_07780,140.29
OUT_07781,353.6
OUT_07782,290.63
OUT_07783,150.65
OUT_07784,228.43
OUT_07785,302.41
OUT_07786,1113.77
OUT_07787,990.6
OUT_07788,114.29
OUT_07789,133.72
OUT_07790,336.67
OUT_07791,1041.0
OUT_07792,1022.9
OUT_07793,908.87
OUT_07794,123.36
OUT_07795,1020.02
OUT_07796,2242.67
OUT_07797,166.23
OUT_07798,307.71
OUT_07799,142.06
OUT_07800,110.87
OUT_07801,950.23
OUT_07802,142.5
OUT_07803,151.84
OUT_07804,162.23
OUT_07805,112.74
OUT_07806,248.34
OUT_07807,132.53
OUT_07808,114.16
OUT_07809,270.39
OUT_07810,2061.4
OUT_07811,129.4
OUT_07812,149.92
OUT_07813,138.45
OUT_07814,110.47
OUT_07815,2051.37
OUT_07816,150.01
OUT_07817,923.33
OUT_07818,128.47
OUT_07819,249.45
OUT_07820,143.38
OUT_07821,134.97
OUT_07822,88.44
OUT_07823,920.54
OUT_07824,114.93
OUT_07825,285.44
OUT_07826,140.36
OUT_07827,262.1
OUT_07828,124.26
OUT_07829,106.37
OUT_07830,898.04
OUT_07831,303.32
OUT_07832,1004.9
OUT_07833,227.5
OUT_07834,316.59
OUT_07835,129.35
OUT_07836,270.56
OUT_07837,2221.78
OUT_07838,294.78
OUT_07839,115.98
OUT_07840,302.97
OUT_07841,131.45
OUT_07842,143.9
OUT_07843,109.88
OUT_07844,129.05
OUT_07845,959.88
OUT_07846,263.2
OUT_07847,277.65
OUT_07848,131.86
OUT_07849,111.33
OUT_07850,99.62
OUT_07851,106.87
OUT_07852,165.08
OUT_07853,118.57
OUT_07854,109.26
OUT_07855,287.42
OUT_07856,267.32
OUT_07857,250.06
OUT_07858,991.11
OUT_07859,897.32
OUT_07860,319.66
OUT_07861,273.44
OUT_07862,131.72
OUT_07863,221.37
OUT_07864,248.71
OUT_07865,139.11
OUT_07866,155.51
OUT_07867,972.97
OUT_07868,131.0
OUT_07869,277.75
OUT_07870,247.59
OUT_07871,145.6
OUT_07872,129.76
OUT_07873,127.0
OUT_07874,136.73
OUT_07875,1020.24
OUT_07876,2116.01
OUT_07877,2223.15
OUT_07878,127.77
OUT_07879,805.57
OUT_07880,2214.73
OUT_07881,115.83
OUT_07882,104.21
OUT_07883,981.24
OUT_07884,263.78
OUT_07885,119.76
OUT_07886,308.59
OUT_07887,142.97
OUT_07888,255.93
OUT_07889,137.15
OUT_07890,137.31
OUT_07891,152.43
OUT_07892,172.01
OUT_07893,887.72
OUT_07894,154.09
OUT_07895,134.08
OUT_07896,2042.67
OUT_07897,917.1
OUT_07898,272.8
OUT_07899,271.79
OUT_07900,158.51
OUT_07901,806.49
OUT_07902,151.75
OUT_07903,120.78
OUT_07904,112.94
OUT_07905,100.03
OUT_07906,134.34
OUT_07907,92.55
OUT_07908,882.2
OUT_07909,251.26
OUT_07910,261.6
OUT_07911,1084.58
OUT_07912,123.14
OUT_07913,140.87
OUT_07914,140.82
OUT_07915,264.51
OUT_07916,2111.75
OUT_07917,153.12
OUT_07918,161.84
OUT_07919,129.41
OUT_07920,291.47
OUT_07921,145.77
OUT_07922,129.48
OUT_07923,2090.63
OUT_07924,856.82
OUT_07925,2086.06
OUT_07926,113.9
OUT_07927,161.13
OUT_07928,131.43
OUT_07929,92.26
OUT_07930,932.68
OUT_07931,132.43
OUT_07932,237.42
OUT_07933,126.18
OUT_07934,157.86
OUT_07935,1016.5
OUT_07936,123.08
OUT_07937,127.76
OUT_07938,1003.81
OUT_07939,237.96
OUT_07940,175.32
OUT_07941,253.19
OUT_07942,148.0
OUT_07943,251.78
OUT_07944,134.16
OUT_07945,251.99
OUT_07946,161.57
OUT_07947,238.83
OUT_07948,232.35
OUT_07949,1195.93
OUT_07950,149.69
OUT_07951,139.62
OUT_07952,109.13
OUT_07953,117.64
OUT_07954,279.49
OUT_07955,254.43
OUT_07956,207.84
OUT_07957,274.22
OUT_07958,95.0
OUT_07959,156.69
OUT_07960,116.15
OUT_07961,138.89
OUT_07962,237.27
OUT_07963,111.38
OUT_07964,86.77
OUT_07965,266.1
OUT_07966,242.24
OUT_07967,908.33
OUT_07968,152.39
OUT_07969,245.77
OUT_07970,833.53
OUT_07971,1020.15
OUT_07972,271.23
OUT_07973,166.62
OUT_07974,231.04
OUT_07975,157.21
OUT_07976,149.56
OUT_07977,124.34
OUT_07978,300.52
OUT_07979,108.69
OUT_07980,2092.24
OUT_07981,128.79
OUT_07982,127.91
OUT_07983,146.74
OUT_07984,124.04
OUT_07985,965.08
OUT_07986,145.79
OUT_07987,147.51
OUT_07988,175.03
OUT_07989,146.85
OUT_07990,154.71
OUT_07991,975.28
OUT_07992,152.27
OUT_07993,910.88
OUT_07994,101.49
OUT_07995,124.21
OUT_07996,126.45
OUT_07997,359.38
OUT_07998,106.87
OUT_07999,176.1
OUT_08000,126.89
OUT_08001,1017.28
OUT_08002,240.7
OUT_08003,114.16
OUT_08004,170.69
OUT_08005,125.98
OUT_08006,127.64
OUT_08007,142.13
OUT_08008,289.59
OUT_08009,126.49
OUT_08010,210.91
OUT_08011,164.26
OUT_08012,121.92
OUT_08013,238.21
OUT_08014,242.15
OUT_08015,862.12
OUT_08016,124.96
OUT_08017,102.84
OUT_08018,128.29
OUT_08019,263.1
OUT_08020,162.32
OUT_08021,98.27
OUT_08022,280.25
OUT_08023,279.9
OUT_08024,135.8
OUT_08025,861.81
OUT_08026,311.38
OUT_08027,162.04
OUT_08028,115.69
OUT_08029,1041.63
OUT_08030,863.64
OUT_08031,137.18
OUT_08032,2194.96
OUT_08033,2041.02
OUT_08034,115.24
OUT_08035,259.69
OUT_08036,143.85
OUT_08037,1098.89
OUT_08038,332.97
OUT_08039,996.0
OUT_08040,109.41
OUT_08041,918.63
OUT_08042,248.54
OUT_08043,157.26
OUT_08044,157.27
OUT_08045,2100.74
OUT_08046,130.35
OUT_08047,2055.24
OUT_08048,158.06
OUT_08049,151.02
OUT_08050,960.85
OUT_08051,163.53
OUT_08052,305.49
OUT_08053,112.27
OUT_08054,138.1
OUT_08055,850.63
OUT_08056,137.04
OUT_08057,233.57
OUT_08058,255.51
OUT_08059,846.15
OUT_08060,103.5
OUT_08061,165.0
OUT_08062,938.73
OUT_08063,277.48
OUT_08064,94.99
OUT_08065,265.57
OUT_08066,965.02
OUT_08067,1311.86
OUT_08068,109.33
OUT_08069,263.11
OUT_08070,304.99
OUT_08071,134.99
OUT_08072,281.51
OUT_08073,132.15
OUT_08074,131.13
OUT_08075,215.76
OUT_08076,253.92
OUT_08077,143.27
OUT_08078,237.38
OUT_08079,2056.67
OUT_08080,294.01
OUT_08081,141.31
OUT_08082,231.99
OUT_08083,978.66
OUT_08084,123.02
OUT_08085,123.89
OUT_08086,96.62
OUT_08087,118.21
OUT_08088,258.73
OUT_08089,145.35
OUT_08090,2087.59
OUT_08091,316.74
OUT_08092,158.5
OUT_08093,237.31
OUT_08094,124.95
OUT_08095,128.09
OUT_08096,156.96
OUT_08097,918.03
OUT_08098,276.91
OUT_08099,1009.43
OUT_08100,2083.04
OUT_08101,137.67
OUT_08102,304.19
OUT_08103,129.95
OUT_08104,119.77
OUT_08105,254.25
OUT_08106,155.22
OUT_08107,236.71
OUT_08108,136.53
OUT_08109,2188.57
OUT_08110,115.9
OUT_08111,246.44
OUT_08112,791.18
OUT_08113,137.97
OUT_08114,956.89
OUT_08115,128.31
OUT_08116,271.1
OUT_08117,152.74
OUT_08118,1011.32
OUT_08119,154.01
OUT_08120,865.66
OUT_08121,133.11
OUT_08122,107.5
OUT_08123,256.28
OUT_08124,89.21
OUT_08125,290.84
OUT_08126,961.11
OUT_08127,815.62
OUT_08128,921.01
OUT_08129,814.88
OUT_08130,115.93
OUT_08131,838.77
OUT_08132,118.72
OUT_08133,102.48
OUT_08134,246.14
OUT_08135,281.33
OUT_08136,112.62
OUT_08137,242.18
OUT_08138,813.22
OUT_08139,272.8
OUT_08140,1019.51
OUT_08141,135.17
OUT_08142,143.98
OUT_08143,280.78
OUT_08144,148.45
OUT_08145,888.81
OUT_08146,146.38
OUT_08147,106.45
OUT_08148,281.23
OUT_08149,77.68
OUT_08150,149.4
OUT_08151,231.76
OUT_08152,104.21
OUT_08153,264.71
OUT_08154,218.43
OUT_08155,131.63
OUT_08156,148.27
OUT_08157,101.53
OUT_08158,1005.83
OUT_08159,2136.55
OUT_08160,950.11
OUT_08161,125.19
OUT_08162,140.9
OUT_08163,126.21
OUT_08164,146.9
OUT_08165,275.04
OUT_08166,151.15
OUT_08167,287.09
OUT_08168,108.95
OUT_08169,162.95
OUT_08170,141.31
OUT_08171,125.73
OUT_08172,307.28
OUT_08173,249.33
OUT_08174,143.27
OUT_08175,1015.19
OUT_08176,119.85
OUT_08177,991.57
OUT_08178,308.34
OUT_08179,935.12
OUT_08180,151.91
OUT_08181,253.62
OUT_08182,275.02
OUT_08183,154.81
OUT_08184,142.19
OUT_08185,139.19
OUT_08186,922.58
OUT_08187,943.03
OUT_08188,269.13
OUT_08189,112.34
OUT_08190,309.51
OUT_08191,92.63
OUT_08192,244.13
OUT_08193,121.96
OUT_08194,137.54
OUT_08195,953.4
OUT_08196,216.72
OUT_08197,138.77
OUT_08198,235.04
OUT_08199,278.33
OUT_08200,90.56
OUT_08201,2217.27
OUT_08202,129.06
OUT_08203,99.03
OUT_08204,190.75
OUT_08205,107.76
OUT_08206,1025.82
OUT_08207,134.33
OUT_08208,255.05
OUT_08209,284.78
OUT_08210,91.55
OUT_08211,175.13
OUT_08212,158.02
OUT_08213,134.4
OUT_08214,113.02
OUT_08215,316.81
OUT_08216,902.56
OUT_08217,863.32
OUT_08218,2013.13
OUT_08219,237.69
OUT_08220,169.17
OUT_08221,947.7
OUT_08222,1016.9
OUT_08223,139.56
OUT_08224,146.7
OUT_08225,1002.84
OUT_08226,2200.49
OUT_08227,877.68
OUT_08228,966.13
OUT_08229,159.81
OUT_08230,296.16
OUT_08231,2115.89
OUT_08232,115.2
OUT_08233,901.5
OUT_08234,929.31
OUT_08235,121.37
OUT_08236,158.48
OUT_08237,914.7
OUT_08238,312.68
OUT_08239,266.88
OUT_08240,139.66
OUT_08241,838.6
OUT_08242,130.27
OUT_08243,1154.34
OUT_08244,126.67
OUT_08245,124.73
OUT_08246,99.34
OUT_08247,397.15
OUT_08248,151.57
OUT_08249,146.72
OUT_08250,130.69
OUT_08251,302.51
OUT_08252,147.57
OUT_08253,138.56
OUT_08254,260.29
OUT_08255,282.75
OUT_08256,154.62
OUT_08257,296.45
OUT_08258,298.75
OUT_08259,234.43
OUT_08260,1024.51
OUT_08261,989.49
OUT_08262,273.13
OUT_08263,124.37
OUT_08264,252.0
OUT_08265,133.77
OUT_08266,80.82
OUT_08267,292.72
OUT_08268,153.22
OUT_08269,141.62
OUT_08270,252.33
OUT_08271,933.07
OUT_08272,310.68
OUT_08273,1002.01
OUT_08274,127.43
OUT_08275,972.01
OUT_08276,124.96
OUT_08277,227.06
OUT_08278,2220.03
OUT_08279,282.36
OUT_08280,960.63
OUT_08281,917.68
OUT_08282,122.27
OUT_08283,113.77
OUT_08284,112.92
OUT_08285,152.04
OUT_08286,274.86
OUT_08287,267.73
OUT_08288,299.03
OUT_08289,154.7
OUT_08290,155.28
OUT_08291,119.82
OUT_08292,1056.15
OUT_08293,106.09
OUT_08294,246.02
OUT_08295,124.59
OUT_08296,2277.03
OUT_08297,138.54
OUT_08298,2269.4
OUT_08299,100.47
OUT_08300,314.49
OUT_08301,152.64
OUT_08302,126.93
OUT_08303,286.82
OUT_08304,2117.6
OUT_08305,828.38
OUT_08306,141.1
OUT_08307,991.74
OUT_08308,282.37
OUT_08309,314.84
OUT_08310,288.75
OUT_08311,124.93
OUT_08312,143.78
OUT_08313,1017.78
OUT_08314,133.65
OUT_08315,136.16
OUT_08316,157.41
OUT_08317,160.82
OUT_08318,123.99
OUT_08319,281.49
OUT_08320,300.7
OUT_08321,287.98
OUT_08322,156.99
OUT_08323,282.18
OUT_08324,103.35
OUT_08325,266.46
OUT_08326,314.86
OUT_08327,982.54
OUT_08328,288.14
OUT_08329,290.76
OUT_08330,981.34
OUT_08331,930.38
OUT_08332,967.51
OUT_08333,121.01
OUT_08334,151.26
OUT_08335,256.46
OUT_08336,170.16
OUT_08337,101.89
OUT_08338,253.73
OUT_08339,153.53
OUT_08340,279.39
OUT_08341,123.26
OUT_08342,350.98
OUT_08343,156.25
OUT_08344,136.34
OUT_08345,85.72
OUT_08346,254.16
OUT_08347,855.86
OUT_08348,927.97
OUT_08349,111.26
OUT_08350,111.82
OUT_08351,219.04
OUT_08352,158.31
OUT_08353,92.21
OUT_08354,150.12
OUT_08355,863.11
OUT_08356,354.48
OUT_08357,273.25
OUT_08358,288.02
OUT_08359,107.9
OUT_08360,969.97
OUT_08361,329.13
OUT_08362,958.83
OUT_08363,142.43
OUT_08364,112.0
OUT_08365,109.8
OUT_08366,154.05
OUT_08367,109.26
OUT_08368,127.23
OUT_08369,132.85
OUT_08370,110.11
OUT_08371,281.94
OUT_08372,111.83
OUT_08373,118.63
OUT_08374,157.24
OUT_08375,131.06
OUT_08376,147.1
OUT_08377,253.02
OUT_08378,275.15
OUT_08379,125.19
OUT_08380,307.82
OUT_08381,134.61
OUT_08382,990.33
OUT_08383,114.74
OUT_08384,125.88
OUT_08385,153.31
OUT_08386,249.88
OUT_08387,340.75
OUT_08388,266.62
OUT_08389,114.22
OUT_08390,242.07
OUT_08391,123.23
OUT_08392,136.13
OUT_08393,101.41
OUT_08394,91.13
OUT_08395,112.29
OUT_08396,302.27
OUT_08397,100.13
OUT_08398,241.07
OUT_08399,120.43
OUT_08400,1024.24
OUT_08401,134.51
OUT_08402,2062.99
OUT_08403,141.37
OUT_08404,124.56
OUT_08405,157.81
OUT_08406,336.4
OUT_08407,159.82
OUT_08408,905.46
OUT_08409,111.29
OUT_08410,133.74
OUT_08411,291.47
OUT_08412,120.9
OUT_08413,261.76
OUT_08414,251.22
OUT_08415,136.86
OUT_08416,76.89
OUT_08417,116.31
OUT_08418,122.37
OUT_08419,143.69
OUT_08420,153.33
OUT_08421,224.33
OUT_08422,224.73
OUT_08423,99.04
OUT_08424,134.68
OUT_08425,152.32
OUT_08426,133.82
OUT_08427,894.18
OUT_08428,154.44
OUT_08429,166.74
OUT_08430,153.71
OUT_08431,137.9
OUT_08432,2097.23
OUT_08433,140.49
OUT_08434,105.42
OUT_08435,119.29
OUT_08436,319.86
OUT_08437,940.23
OUT_08438,1028.22
OUT_08439,163.48
OUT_08440,158.83
OUT_08441,109.37
OUT_08442,2072.88
OUT_08443,303.01
OUT_08444,231.22
OUT_08445,135.59
OUT_08446,285.91
OUT_08447,120.88
OUT_08448,310.1
OUT_08449,906.31
OUT_08450,111.71
OUT_08451,284.74
OUT_08452,2229.9
OUT_08453,148.54
OUT_08454,126.32
OUT_08455,1007.67
OUT_08456,132.74
OUT_08457,1101.88
OUT_08458,1166.71
OUT_08459,238.71
OUT_08460,114.26
OUT_08461,291.52
OUT_08462,123.33
OUT_08463,262.04
OUT_08464,862.92
OUT_08465,242.97
OUT_08466,283.58
OUT_08467,145.04
OUT_08468,278.83
OUT_08469,291.02
OUT_08470,315.52
OUT_08471,128.18
OUT_08472,272.01
OUT_08473,299.8
OUT_08474,1121.2
OUT_08475,123.52
OUT_08476,170.57
OUT_08477,978.48
OUT_08478,146.77
OUT_08479,226.83
OUT_08480,214.43
OUT_08481,117.64
OUT_08482,300.19
OUT_08483,134.04
OUT_08484,2221.32
OUT_08485,2125.0
OUT_08486,136.54
OUT_08487,131.1
OUT_08488,121.84
OUT_08489,1105.69
OUT_08490,281.46
OUT_08491,285.37
OUT_08492,289.92
OUT_08493,870.74
OUT_08494,136.87
OUT_08495,119.48
OUT_08496,1033.26
OUT_08497,148.33
OUT_08498,122.19
OUT_08499,134.47
OUT_08500,121.98
OUT_08501,153.27
OUT_08502,857.13
OUT_08503,131.95
OUT_08504,289.15
OUT_08505,153.3
OUT_08506,922.55
OUT_08507,165.64
OUT_08508,292.81
OUT_08509,140.6
OUT_08510,134.27
OUT_08511,104.57
OUT_08512,1082.2
OUT_08513,160.55
OUT_08514,163.61
OUT_08515,290.85
OUT_08516,127.53
OUT_08517,817.92
OUT_08518,263.86
OUT_08519,98.76
OUT_08520,142.62
OUT_08521,107.39
OUT_08522,112.41
OUT_08523,315.67
OUT_08524,286.94
OUT_08525,297.32
OUT_08526,2162.2
OUT_08527,164.24
OUT_08528,100.57
OUT_08529,140.67
OUT_08530,382.66
OUT_08531,132.47
OUT_08532,283.3
OUT_08533,143.49
OUT_08534,127.38
OUT_08535,122.68
OUT_08536,138.7
OUT_08537,914.14
OUT_08538,125.79
OUT_08539,256.66
OUT_08540,1090.21
OUT_08541,483.95
OUT_08542,128.67
OUT_08543,250.68
OUT_08544,937.41
OUT_08545,150.27
OUT_08546,135.44
OUT_08547,154.8
OUT_08548,118.35
OUT_08549,2074.72
OUT_08550,929.84
OUT_08551,132.85
OUT_08552,862.39
OUT_08553,259.0
OUT_08554,110.05
OUT_08555,920.29
OUT_08556,311.55
OUT_08557,121.13
OUT_08558,134.97
OUT_08559,830.66
OUT_08560,253.98
OUT_08561,239.42
OUT_08562,134.12
OUT_08563,308.84
OUT_08564,825.61
OUT_08565,1012.84
OUT_08566,281.74
OUT_08567,128.42
OUT_08568,934.89
OUT_08569,131.99
OUT_08570,132.19
OUT_08571,160.96
OUT_08572,112.35
OUT_08573,300.13
OUT_08574,228.03
OUT_08575,236.39
OUT_08576,131.44
OUT_08577,235.04
OUT_08578,399.76
OUT_08579,143.62
OUT_08580,141.56
OUT_08581,333.63
OUT_08582,304.57
OUT_08583,2163.62
OUT_08584,138.28
OUT_08585,134.03
OUT_08586,172.87
OUT_08587,161.02
OUT_08588,283.04
OUT_08589,135.12
OUT_08590,245.53
OUT_08591,164.27
OUT_08592,272.71
OUT_08593,129.11
OUT_08594,124.19
OUT_08595,304.03
OUT_08596,305.86
OUT_08597,79.94
OUT_08598,110.67
OUT_08599,139.85
OUT_08600,120.96
OUT_08601,138.96
OUT_08602,296.41
OUT_08603,793.56
OUT_08604,143.78
OUT_08605,133.33
OUT_08606,940.61
OUT_08607,133.99
OUT_08608,290.57
OUT_08609,119.49
OUT_08610,118.49
OUT_08611,256.91
OUT_08612,135.77
OUT_08613,315.68
OUT_08614,2231.47
OUT_08615,100.64
OUT_08616,162.11
OUT_08617,144.23
OUT_08618,241.09
OUT_08619,1035.5
OUT_08620,162.2
OUT_08621,151.58
OUT_08622,126.49
OUT_08623,250.92
OUT_08624,132.0
OUT_08625,2081.88
OUT_08626,222.95
OUT_08627,137.97
OUT_08628,140.63
OUT_08629,143.9
OUT_08630,923.04
OUT_08631,942.0
OUT_08632,126.0
OUT_08633,160.51
OUT_08634,139.96
OUT_08635,110.39
OUT_08636,2023.2
OUT_08637,165.74
OUT_08638,273.53
OUT_08639,141.25
OUT_08640,251.64
OUT_08641,310.69
OUT_08642,970.54
OUT_08643,251.92
OUT_08644,107.12
OUT_08645,110.59
OUT_08646,149.68
OUT_08647,929.75
OUT_08648,259.33
OUT_08649,130.49
OUT_08650,244.39
OUT_08651,2174.33
OUT_08652,952.45
OUT_08653,1041.97
OUT_08654,135.2
OUT_08655,293.84
OUT_08656,264.17
OUT_08657,251.99
OUT_08658,962.96
OUT_08659,130.61
OUT_08660,2185.69
OUT_08661,135.28
OUT_08662,131.21
OUT_08663,100.52
OUT_08664,99.32
OUT_08665,1247.2
OUT_08666,2202.13
OUT_08667,131.64
OUT_08668,160.85
OUT_08669,125.06
OUT_08670,987.44
OUT_08671,134.95
OUT_08672,126.55
OUT_08673,952.17
OUT_08674,324.37
OUT_08675,96.85
OUT_08676,2085.45
OUT_08677,110.45
OUT_08678,142.83
OUT_08679,269.47
OUT_08680,300.17
OUT_08681,121.15
OUT_08682,902.49
OUT_08683,141.8
OUT_08684,137.83
OUT_08685,145.18
OUT_08686,304.06
OUT_08687,161.42
OUT_08688,134.47
OUT_08689,107.73
OUT_08690,126.83
OUT_08691,270.35
OUT_08692,269.72
OUT_08693,251.93
OUT_08694,314.37
OUT_08695,982.37
OUT_08696,138.16
OUT_08697,122.45
OUT_08698,271.67
OUT_08699,292.59
OUT_08700,357.87
OUT_08701,278.29
OUT_08702,251.3
OUT_08703,100.18
OUT_08704,1002.0
OUT_08705,241.8
OUT_08706,153.98
OUT_08707,103.68
OUT_08708,957.22
OUT_08709,123.4
OUT_08710,121.75
OUT_08711,167.2
OUT_08712,135.47
OUT_08713,129.23
OUT_08714,247.27
OUT_08715,96.21
OUT_08716,2075.36
OUT_08717,299.18
OUT_08718,134.04
OUT_08719,257.76
OUT_08720,131.53
OUT_08721,974.4
OUT_08722,263.74
OUT_08723,333.89
OUT_08724,122.21
OUT_08725,85.57
OUT_08726,133.86
OUT_08727,132.98
OUT_08728,328.28
OUT_08729,169.1
OUT_08730,144.4
OUT_08731,119.69
OUT_08732,149.1
OUT_08733,137.64
OUT_08734,159.64
OUT_08735,307.19
OUT_08736,888.51
OUT_08737,116.46
OUT_08738,260.74
OUT_08739,2098.53
OUT_08740,137.6
OUT_08741,112.05
OUT_08742,111.85
OUT_08743,135.51
OUT_08744,151.34
OUT_08745,266.41
OUT_08746,144.25
OUT_08747,141.16
OUT_08748,124.44
OUT_08749,307.75
OUT_08750,284.18
OUT_08751,260.42
OUT_08752,150.42
OUT_08753,969.08
OUT_08754,117.9
OUT_08755,88.65
OUT_08756,1088.4
OUT_08757,116.97
OUT_08758,123.66
OUT_08759,1132.49
OUT_08760,129.59
OUT_08761,991.32
OUT_08762,101.3
OUT_08763,295.35
OUT_08764,868.72
OUT_08765,119.51
OUT_08766,147.93
OUT_08767,909.78
OUT_08768,133.83
OUT_08769,122.87
OUT_08770,257.71
OUT_08771,235.86
OUT_08772,220.57
OUT_08773,126.0
OUT_08774,105.63
OUT_08775,250.63
OUT_08776,919.35
OUT_08777,142.7
OUT_08778,122.88
OUT_08779,147.62
OUT_08780,861.61
OUT_08781,306.57
OUT_08782,276.32
OUT_08783,1001.73
OUT_08784,241.74
OUT_08785,1021.18
OUT_08786,121.22
OUT_08787,246.75
OUT_08788,117.7
OUT_08789,1019.44
OUT_08790,132.79
OUT_08791,283.9
OUT_08792,111.23
OUT_08793,136.8
OUT_08794,289.61
OUT_08795,140.44
OUT_08796,171.06
OUT_08797,123.13
OUT_08798,98.97
OUT_08799,142.85
OUT_08800,158.06
OUT_08801,245.89
OUT_08802,141.82
OUT_08803,247.33
OUT_08804,143.68
OUT_08805,2140.61
OUT_08806,87.66
OUT_08807,272.34
OUT_08808,244.11
OUT_08809,118.3
OUT_08810,121.82
OUT_08811,143.12
OUT_08812,151.36
OUT_08813,120.1
OUT_08814,142.07
OUT_08815,897.79
OUT_08816,110.09
OUT_08817,241.86
OUT_08818,265.71
OUT_08819,240.46
OUT_08820,118.09
OUT_08821,250.83
OUT_08822,247.77
OUT_08823,251.49
OUT_08824,138.94
OUT_08825,110.56
OUT_08826,952.4
OUT_08827,2259.02
OUT_08828,131.58
OUT_08829,115.78
OUT_08830,123.78
OUT_08831,2170.43
OUT_08832,153.21
OUT_08833,116.58
OUT_08834,153.71
OUT_08835,2197.53
OUT_08836,99.01
OUT_08837,265.7
OUT_08838,275.61
OUT_08839,134.48
OUT_08840,952.7
OUT_08841,1238.24
OUT_08842,150.83
OUT_08843,995.07
OUT_08844,245.01
OUT_08845,236.54
OUT_08846,370.54
OUT_08847,281.92
OUT_08848,287.72
OUT_08849,304.25
OUT_08850,995.48
OUT_08851,152.16
OUT_08852,154.32
OUT_08853,892.67
OUT_08854,122.66
OUT_08855,976.48
OUT_08856,140.11
OUT_08857,255.09
OUT_08858,280.4
OUT_08859,124.88
OUT_08860,816.22
OUT_08861,125.69
OUT_08862,143.31
OUT_08863,110.27
OUT_08864,187.89
OUT_08865,251.1
OUT_08866,130.82
OUT_08867,117.97
OUT_08868,142.71
OUT_08869,300.38
OUT_08870,158.76
OUT_08871,1015.94
OUT_08872,2029.45
OUT_08873,111.75
OUT_08874,151.38
OUT_08875,311.32
OUT_08876,147.97
OUT_08877,929.39
OUT_08878,283.16
OUT_08879,273.82
OUT_08880,149.17
OUT_08881,133.24
OUT_08882,136.45
OUT_08883,867.23
OUT_08884,916.76
OUT_08885,137.76
OUT_08886,949.27
OUT_08887,248.61
OUT_08888,98.65
OUT_08889,135.99
OUT_08890,158.5
OUT_08891,977.28
OUT_08892,303.14
OUT_08893,289.64
OUT_08894,165.0
OUT_08895,996.64
OUT_08896,128.28
OUT_08897,297.85
OUT_08898,1058.46
OUT_08899,237.8
OUT_08900,129.37
OUT_08901,155.83
OUT_08902,294.35
OUT_08903,96.45
OUT_08904,161.89
OUT_08905,127.35
OUT_08906,292.43
OUT_08907,288.65
OUT_08908,146.46
OUT_08909,105.48
OUT_08910,894.26
OUT_08911,94.33
OUT_08912,231.9
OUT_08913,962.79
OUT_08914,884.9
OUT_08915,114.87
OUT_08916,150.61
OUT_08917,113.29
OUT_08918,264.95
OUT_08919,157.08
OUT_08920,138.23
OUT_08921,996.3
OUT_08922,277.53
OUT_08923,123.06
OUT_08924,290.25
OUT_08925,1053.92
OUT_08926,164.65
OUT_08927,277.93
OUT_08928,850.46
OUT_08929,2136.62
OUT_08930,142.27
OUT_08931,115.81
OUT_08932,95.7
OUT_08933,243.88
OUT_08934,248.67
OUT_08935,257.51
OUT_08936,106.71
OUT_08937,170.45
OUT_08938,892.16
OUT_08939,111.04
OUT_08940,127.68
OUT_08941,137.07
OUT_08942,119.5
OUT_08943,159.95
OUT_08944,761.62
OUT_08945,141.16
OUT_08946,975.7
OUT_08947,1079.5
OUT_08948,151.94
OUT_08949,236.76
OUT_08950,259.73
OUT_08951,95.78
OUT_08952,101.68
OUT_08953,107.07
OUT_08954,143.0
OUT_08955,103.72
OUT_08956,157.56
OUT_08957,129.27
OUT_08958,988.16
OUT_08959,242.15
OUT_08960,114.48
OUT_08961,141.5
OUT_08962,130.52
OUT_08963,108.89
OUT_08964,858.39
OUT_08965,935.81
OUT_08966,271.88
OUT_08967,141.76
OUT_08968,330.07
OUT_08969,1125.2
OUT_08970,304.25
OUT_08971,140.99
OUT_08972,86.25
OUT_08973,149.33
OUT_08974,240.28
OUT_08975,119.16
OUT_08976,150.12
OUT_08977,119.45
OUT_08978,935.25
OUT_08979,942.6
OUT_08980,142.56
OUT_08981,114.04
OUT_08982,172.78
OUT_08983,260.54
OUT_08984,149.91
OUT_08985,121.97
OUT_08986,931.16
OUT_08987,225.27
OUT_08988,128.37
OUT_08989,128.4
OUT_08990,124.26
OUT_08991,276.56
OUT_08992,934.08
OUT_08993,100.03
OUT_08994,282.5
OUT_08995,2237.39
OUT_08996,95.59
OUT_08997,264.6
OUT_08998,307.36
OUT_08999,261.32
OUT_09000,112.7
OUT_09001,149.44
OUT_09002,171.33
OUT_09003,120.02
OUT_09004,124.27
OUT_09005,117.22
OUT_09006,2107.38
OUT_09007,2280.55
OUT_09008,112.95
OUT_09009,131.43
OUT_09010,1036.0
OUT_09011,1048.85
OUT_09012,2124.71
OUT_09013,115.67
OUT_09014,1087.02
OUT_09015,2250.09
OUT_09016,120.82
OUT_09017,137.9
OUT_09018,127.04
OUT_09019,122.41
OUT_09020,144.62
OUT_09021,138.57
OUT_09022,361.72
OUT_09023,136.33
OUT_09024,2088.28
OUT_09025,325.79
OUT_09026,138.65
OUT_09027,148.29
OUT_09028,323.83
OUT_09029,157.62
OUT_09030,124.37
OUT_09031,126.77
OUT_09032,288.61
OUT_09033,139.62
OUT_09034,350.43
OUT_09035,280.01
OUT_09036,2176.76
OUT_09037,126.54
OUT_09038,297.79
OUT_09039,1085.97
OUT_09040,146.25
OUT_09041,285.62
OUT_09042,975.9
OUT_09043,1044.48
OUT_09044,334.54
OUT_09045,280.23
OUT_09046,117.8
OUT_09047,1102.17
OUT_09048,954.05
OUT_09049,128.56
OUT_09050,972.43
OUT_09051,959.32
OUT_09052,139.05
OUT_09053,332.04
OUT_09054,312.01
OUT_09055,152.6
OUT_09056,262.4
OUT_09057,295.51
OUT_09058,903.25
OUT_09059,149.66
OUT_09060,111.56
OUT_09061,155.42
OUT_09062,148.38
OUT_09063,143.17
OUT_09064,999.24
OUT_09065,251.66
OUT_09066,140.94
OUT_09067,145.99
OUT_09068,1029.78
OUT_09069,298.25
OUT_09070,1023.06
OUT_09071,953.64
OUT_09072,2159.79
OUT_09073,310.1
OUT_09074,1003.97
OUT_09075,157.71
OUT_09076,308.4
OUT_09077,138.2
OUT_09078,326.06
OUT_09079,275.04
OUT_09080,125.44
OUT_09081,965.68
OUT_09082,163.77
OUT_09083,272.6
OUT_09084,159.81
OUT_09085,145.35
OUT_09086,114.04
OUT_09087,124.01
OUT_09088,146.73
OUT_09089,957.17
OUT_09090,305.31
OUT_09091,305.54
OUT_09092,91.18
OUT_09093,1029.38
OUT_09094,282.89
OUT_09095,325.0
OUT_09096,292.04
OUT_09097,1123.69
OUT_09098,139.73
OUT_09099,293.73
OUT_09100,281.43
OUT_09101,275.45
OUT_09102,278.92
OUT_09103,125.49
OUT_09104,1030.91
OUT_09105,162.32
OUT_09106,259.15
OUT_09107,114.63
OUT_09108,306.34
OUT_09109,147.49
OUT_09110,855.53
OUT_09111,2260.8
OUT_09112,366.27
OUT_09113,170.48
OUT_09114,294.42
OUT_09115,151.28
OUT_09116,161.92
OUT_09117,293.12
OUT_09118,172.01
OUT_09119,242.81
OUT_09120,966.6
OUT_09121,137.55
OUT_09122,993.15
OUT_09123,278.13
OUT_09124,106.15
OUT_09125,110.65
OUT_09126,122.74
OUT_09127,103.01
OUT_09128,330.29
OUT_09129,118.47
OUT_09130,140.78
OUT_09131,269.86
OUT_09132,103.31
OUT_09133,117.7
OUT_09134,1050.58
OUT_09135,137.12
OUT_09136,125.46
OUT_09137,100.29
OUT_09138,150.09
OUT_09139,281.52
OUT_09140,133.34
OUT_09141,116.73
OUT_09142,340.21
OUT_09143,308.52
OUT_09144,147.19
OUT_09145,133.24
OUT_09146,298.22
OUT_09147,138.7
OUT_09148,141.47
OUT_09149,84.36
OUT_09150,117.87
OUT_09151,994.67
OUT_09152,113.1
OUT_09153,118.32
OUT_09154,324.99
OUT_09155,111.45
OUT_09156,171.48
OUT_09157,198.18
OUT_09158,256.7
OUT_09159,268.42
OUT_09160,139.32
OUT_09161,144.95
OUT_09162,146.73
OUT_09163,135.99
OUT_09164,315.11
OUT_09165,271.73
OUT_09166,155.27
OUT_09167,302.1
OUT_09168,136.14
OUT_09169,131.39
OUT_09170,929.92
OUT_09171,129.85
OUT_09172,311.89
OUT_09173,111.22
OUT_09174,329.05
OUT_09175,260.52
OUT_09176,112.93
OUT_09177,130.81
OUT_09178,144.29
OUT_09179,150.24
OUT_09180,272.39
OUT_09181,278.42
OUT_09182,314.98
OUT_09183,883.67
OUT_09184,114.42
OUT_09185,906.91
OUT_09186,1044.59
OUT_09187,261.37
OUT_09188,277.57
OUT_09189,126.05
OUT_09190,300.13
OUT_09191,961.64
OUT_09192,351.58
OUT_09193,86.9
OUT_09194,146.5
OUT_09195,136.79
OUT_09196,109.82
OUT_09197,258.36
OUT_09198,991.75
OUT_09199,153.81
OUT_09200,922.37
OUT_09201,272.12
OUT_09202,179.34
OUT_09203,129.88
OUT_09204,270.36
OUT_09205,139.42
OUT_09206,126.62
OUT_09207,1040.4
OUT_09208,143.97
OUT_09209,100.19
OUT_09210,329.6
OUT_09211,364.8
OUT_09212,145.1
OUT_09213,277.91
OUT_09214,2126.27
OUT_09215,946.89
OUT_09216,2284.21
OUT_09217,1040.46
OUT_09218,121.37
OUT_09219,238.81
OUT_09220,266.62
OUT_09221,2221.04
OUT_09222,135.53
OUT_09223,151.71
OUT_09224,274.88
OUT_09225,115.97
OUT_09226,150.95
OUT_09227,102.71
OUT_09228,106.85
OUT_09229,288.29
OUT_09230,134.28
OUT_09231,132.31
OUT_09232,974.58
OUT_09233,987.99
OUT_09234,124.17
OUT_09235,121.72
OUT_09236,1051.21
OUT_09237,148.89
OUT_09238,314.21
OUT_09239,137.25
OUT_09240,119.22
OUT_09241,287.86
OUT_09242,149.72
OUT_09243,974.38
OUT_09244,262.29
OUT_09245,139.34
OUT_09246,157.43
OUT_09247,161.35
OUT_09248,147.07
OUT_09249,138.33
OUT_09250,250.32
OUT_09251,118.54
OUT_09252,124.79
OUT_09253,278.6
OUT_09254,126.48
OUT_09255,281.6
OUT_09256,249.24
OUT_09257,2222.03
OUT_09258,142.1
OUT_09259,958.95
OUT_09260,145.5
OUT_09261,128.23
OUT_09262,1007.38
OUT_09263,1001.67
OUT_09264,121.72
OUT_09265,1085.2
OUT_09266,135.03
OUT_09267,286.27
OUT_09268,126.17
OUT_09269,189.23
OUT_09270,134.48
OUT_09271,277.47
OUT_09272,249.01
OUT_09273,161.68
OUT_09274,2244.02
OUT_09275,2320.69
OUT_09276,100.61
OUT_09277,292.85
OUT_09278,150.18
OUT_09279,150.86
OUT_09280,122.74
OUT_09281,156.13
OUT_09282,158.71
OUT_09283,289.05
OUT_09284,315.65
OUT_09285,103.68
OUT_09286,285.34
OUT_09287,145.67
OUT_09288,1018.83
OUT_09289,160.43
OUT_09290,140.21
OUT_09291,304.62
OUT_09292,104.87
OUT_09293,306.59
OUT_09294,276.16
OUT_09295,153.98
OUT_09296,128.17
OUT_09297,929.53
OUT_09298,146.21
OUT_09299,148.63
OUT_09300,125.1
OUT_09301,247.15
OUT_09302,294.51
OUT_09303,2103.01
OUT_09304,1076.61
OUT_09305,155.85
OUT_09306,117.94
OUT_09307,1150.39
OUT_09308,150.75
OUT_09309,143.83
OUT_09310,2172.94
OUT_09311,157.81
OUT_09312,121.44
OUT_09313,112.0
OUT_09314,342.01
OUT_09315,246.41
OUT_09316,324.27
OUT_09317,1266.04
OUT_09318,914.57
OUT_09319,304.46
OUT_09320,964.41
OUT_09321,164.58
OUT_09322,146.23
OUT_09323,2105.41
OUT_09324,272.4
OUT_09325,138.1
OUT_09326,144.88
OUT_09327,144.54
OUT_09328,116.22
OUT_09329,126.95
OUT_09330,142.86
OUT_09331,323.24
OUT_09332,979.8
OUT_09333,124.23
OUT_09334,151.87
OUT_09335,105.07
OUT_09336,1194.41
OUT_09337,134.5
OUT_09338,164.4
OUT_09339,125.36
OUT_09340,970.16
OUT_09341,150.13
OUT_09342,972.11
OUT_09343,336.36
OUT_09344,164.16
OUT_09345,155.66
OUT_09346,131.88
OUT_09347,321.62
OUT_09348,154.47
OUT_09349,250.75
OUT_09350,131.3
OUT_09351,251.27
OUT_09352,120.69
OUT_09353,134.06
OUT_09354,956.56
OUT_09355,279.47
OUT_09356,147.88
OUT_09357,879.99
OUT_09358,143.25
OUT_09359,124.42
OUT_09360,149.05
OUT_09361,133.27
OUT_09362,163.1
OUT_09363,129.84
OUT_09364,110.77
OUT_09365,939.39
OUT_09366,155.21
OUT_09367,150.99
OUT_09368,141.4
OUT_09369,2143.58
OUT_09370,280.33
OUT_09371,169.78
OUT_09372,319.29
OUT_09373,242.91
OUT_09374,163.72
OUT_09375,150.4
OUT_09376,182.25
OUT_09377,964.34
OUT_09378,149.6
OUT_09379,265.61
OUT_09380,315.85
OUT_09381,134.64
OUT_09382,246.73
OUT_09383,279.92
OUT_09384,71.39
OUT_09385,301.15
OUT_09386,322.33
OUT_09387,165.56
OUT_09388,291.75
OUT_09389,121.77
OUT_09390,2246.5
OUT_09391,283.71
OUT_09392,127.19
OUT_09393,119.64
OUT_09394,311.44
OUT_09395,158.73
OUT_09396,375.25
OUT_09397,274.91
OUT_09398,282.44
OUT_09399,296.53
OUT_09400,1254.89
OUT_09401,302.27
OUT_09402,129.25
OUT_09403,166.93
OUT_09404,274.96
OUT_09405,322.8
OUT_09406,142.93
OUT_09407,1005.51
OUT_09408,142.75
OUT_09409,154.79
OUT_09410,1061.65
OUT_09411,350.87
OUT_09412,119.31
OUT_09413,139.47
OUT_09414,298.32
OUT_09415,140.19
OUT_09416,167.42
OUT_09417,285.52
OUT_09418,290.79
OUT_09419,121.62
OUT_09420,130.43
OUT_09421,181.14
OUT_09422,2191.14
OUT_09423,231.25
OUT_09424,314.11
OUT_09425,260.07
OUT_09426,130.15
OUT_09427,297.49
OUT_09428,162.98
OUT_09429,283.47
OUT_09430,315.85
OUT_09431,139.64
OUT_09432,136.68
OUT_09433,129.01
OUT_09434,148.68
OUT_09435,111.33
OUT_09436,332.97
OUT_09437,151.46
OUT_09438,142.49
OUT_09439,205.97
OUT_09440,109.93
OUT_09441,131.98
OUT_09442,321.86
OUT_09443,134.09
OUT_09444,134.67
OUT_09445,2197.71
OUT_09446,256.39
OUT_09447,293.43
OUT_09448,991.92
OUT_09449,166.55
OUT_09450,983.75
OUT_09451,139.04
OUT_09452,165.62
OUT_09453,157.19
OUT_09454,126.8
OUT_09455,334.37
OUT_09456,133.14
OUT_09457,152.47
OUT_09458,355.28
OUT_09459,93.36
OUT_09460,139.37
OUT_09461,241.21
OUT_09462,116.15
OUT_09463,988.37
OUT_09464,162.18
OUT_09465,150.11
OUT_09466,259.36
OUT_09467,151.95
OUT_09468,141.2
OUT_09469,916.68
OUT_09470,309.43
OUT_09471,351.83
OUT_09472,160.69
OUT_09473,156.51
OUT_09474,160.22
OUT_09475,130.92
OUT_09476,943.69
OUT_09477,932.41
OUT_09478,102.56
OUT_09479,315.8
OUT_09480,262.89
OUT_09481,309.76
OUT_09482,2111.08
OUT_09483,133.23
OUT_09484,883.19
OUT_09485,158.97
OUT_09486,168.17
OUT_09487,1010.76
OUT_09488,130.9
OUT_09489,133.32
OUT_09490,88.98
OUT_09491,970.47
OUT_09492,292.11
OUT_09493,123.06
OUT_09494,125.62
OUT_09495,267.17
OUT_09496,150.0
OUT_09497,107.49
OUT_09498,246.43
OUT_09499,97.86
OUT_09500,151.07
OUT_09501,2277.28
OUT_09502,143.79
OUT_09503,114.72
OUT_09504,151.53
OUT_09505,314.58
OUT_09506,128.59
OUT_09507,313.01
OUT_09508,304.63
OUT_09509,1287.51
OUT_09510,257.95
OUT_09511,158.72
OUT_09512,92.94
OUT_09513,136.41
OUT_09514,122.98
OUT_09515,1018.2
OUT_09516,140.32
OUT_09517,166.29
OUT_09518,243.72
OUT_09519,892.63
OUT_09520,241.44
OUT_09521,124.37
OUT_09522,136.17
OUT_09523,2115.95
OUT_09524,323.46
OUT_09525,324.57
OUT_09526,123.21
OUT_09527,124.84
OUT_09528,146.48
OUT_09529,267.58
OUT_09530,156.12
OUT_09531,157.57
OUT_09532,162.82
OUT_09533,2244.89
OUT_09534,142.19
OUT_09535,154.35
OUT_09536,123.84
OUT_09537,265.19
OUT_09538,168.08
OUT_09539,150.52
OUT_09540,966.24
OUT_09541,290.68
OUT_09542,266.97
OUT_09543,285.28
OUT_09544,115.09
OUT_09545,304.21
OUT_09546,149.46
OUT_09547,300.33
OUT_09548,1015.25
OUT_09549,115.74
OUT_09550,271.96
OUT_09551,325.89
OUT_09552,1008.05
OUT_09553,295.88
OUT_09554,153.43
OUT_09555,141.93
OUT_09556,130.97
OUT_09557,113.56
OUT_09558,136.58
OUT_09559,331.36
OUT_09560,119.33
OUT_09561,196.64
OUT_09562,141.28
OUT_09563,149.0
OUT_09564,127.91
OUT_09565,130.26
OUT_09566,169.28
OUT_09567,314.53
OUT_09568,985.78
OUT_09569,364.05
OUT_09570,970.63
OUT_09571,170.17
OUT_09572,260.83
OUT_09573,323.07
OUT_09574,157.81
OUT_09575,116.57
OUT_09576,1014.45
OUT_09577,104.58
OUT_09578,269.83
OUT_09579,1046.91
OUT_09580,117.28
OUT_09581,1012.98
OUT_09582,2187.97
OUT_09583,892.3
OUT_09584,139.21
OUT_09585,936.53
OUT_09586,2137.55
OUT_09587,114.22
OUT_09588,277.1
OUT_09589,272.19
OUT_09590,312.68
OUT_09591,279.8
OUT_09592,2135.88
OUT_09593,138.13
OUT_09594,266.67
OUT_09595,303.26
OUT_09596,153.83
OUT_09597,288.28
OUT_09598,156.11
OUT_09599,133.73
OUT_09600,992.95
OUT_09601,147.87
OUT_09602,130.16
OUT_09603,970.88
OUT_09604,184.5
OUT_09605,305.12
OUT_09606,342.19
OUT_09607,938.62
OUT_09608,2088.87
OUT_09609,159.94
OUT_09610,281.97
OUT_09611,141.81
OUT_09612,136.85
OUT_09613,142.22
OUT_09614,1081.2
OUT_09615,272.18
OUT_09616,117.51
OUT_09617,126.6
OUT_09618,250.98
OUT_09619,151.54
OUT_09620,294.09
OUT_09621,119.64
OUT_09622,326.94
OUT_09623,139.89
OUT_09624,137.08
OUT_09625,139.73
OUT_09626,278.28
OUT_09627,289.33
OUT_09628,187.48
OUT_09629,268.61
OUT_09630,127.77
OUT_09631,333.83
OUT_09632,154.64
OUT_09633,290.01
OUT_09634,2022.02
OUT_09635,249.45
OUT_09636,1010.68
OUT_09637,1105.3
OUT_09638,119.06
OUT_09639,149.54
OUT_09640,140.57
OUT_09641,136.83
OUT_09642,117.26
OUT_09643,310.26
OUT_09644,126.99
OUT_09645,130.25
OUT_09646,104.02
OUT_09647,280.55
OUT_09648,945.45
OUT_09649,274.49
OUT_09650,131.64
OUT_09651,86.13
OUT_09652,147.8
OUT_09653,250.05
OUT_09654,315.62
OUT_09655,115.57
OUT_09656,999.19
OUT_09657,155.8
OUT_09658,108.37
OUT_09659,139.86
OUT_09660,299.44
OUT_09661,259.82
OUT_09662,148.08
OUT_09663,149.42
OUT_09664,144.91
OUT_09665,270.6
OUT_09666,127.04
OUT_09667,285.44
OUT_09668,299.75
OUT_09669,134.64
OUT_09670,292.0
OUT_09671,265.96
OUT_09672,118.22
OUT_09673,253.81
OUT_09674,148.94
OUT_09675,135.24
OUT_09676,333.83
OUT_09677,153.63
OUT_09678,127.88
OUT_09679,162.46
OUT_09680,329.1
OUT_09681,87.4
OUT_09682,944.38
OUT_09683,299.17
OUT_09684,153.84
OUT_09685,159.83
OUT_09686,133.85
OUT_09687,159.77
OUT_09688,303.93
OUT_09689,147.18
OUT_09690,147.94
OUT_09691,128.51
OUT_09692,139.6
OUT_09693,310.24
OUT_09694,951.4
OUT_09695,283.22
OUT_09696,159.31
OUT_09697,256.62
OUT_09698,258.76
OUT_09699,149.98
OUT_09700,114.86
OUT_09701,152.32
OUT_09702,130.71
OUT_09703,138.92
OUT_09704,165.04
OUT_09705,257.94
OUT_09706,106.68
OUT_09707,2250.03
OUT_09708,131.52
OUT_09709,176.21
OUT_09710,2139.34
OUT_09711,279.81
OUT_09712,289.22
OUT_09713,153.51
OUT_09714,100.8
OUT_09715,2096.25
OUT_09716,950.75
OUT_09717,928.52
OUT_09718,843.72
OUT_09719,953.16
OUT_09720,125.04
OUT_09721,263.64
OUT_09722,134.57
OUT_09723,331.88
OUT_09724,124.24
OUT_09725,142.44
OUT_09726,110.31
OUT_09727,2122.12
OUT_09728,116.06
OUT_09729,136.36
OUT_09730,150.39
OUT_09731,2191.75
OUT_09732,132.25
OUT_09733,107.62
OUT_09734,140.17
OUT_09735,155.19
OUT_09736,281.48
OUT_09737,123.93
OUT_09738,117.79
OUT_09739,149.02
OUT_09740,105.18
OUT_09741,123.84
OUT_09742,279.45
OUT_09743,165.45
OUT_09744,116.52
OUT_09745,150.59
OUT_09746,162.83
OUT_09747,131.21
OUT_09748,944.49
OUT_09749,148.05
OUT_09750,2275.64
OUT_09751,162.17
OUT_09752,151.46
OUT_09753,156.8
OUT_09754,296.65
OUT_09755,1047.93
OUT_09756,285.15
OUT_09757,161.49
OUT_09758,357.63
OUT_09759,172.06
OUT_09760,112.47
OUT_09761,147.73
OUT_09762,982.33
OUT_09763,1002.05
OUT_09764,340.24
OUT_09765,135.94
OUT_09766,248.6
OUT_09767,151.84
OUT_09768,1128.34
OUT_09769,137.11
OUT_09770,241.12
OUT_09771,166.37
OUT_09772,948.33
OUT_09773,260.95
OUT_09774,997.64
OUT_09775,118.9
OUT_09776,157.06
OUT_09777,260.85
OUT_09778,2073.08
OUT_09779,336.07
OUT_09780,2298.68
OUT_09781,138.76
OUT_09782,276.49
OUT_09783,1072.49
OUT_09784,316.95
OUT_09785,110.78
OUT_09786,331.41
OUT_09787,1024.75
OUT_09788,973.7
OUT_09789,127.65
OUT_09790,161.75
OUT_09791,142.08
OUT_09792,1028.96
OUT_09793,165.31
OUT_09794,159.33
OUT_09795,997.99
OUT_09796,135.05
OUT_09797,147.9
OUT_09798,339.7
OUT_09799,292.25
OUT_09800,132.45
OUT_09801,129.91
OUT_09802,286.03
OUT_09803,156.84
OUT_09804,138.22
OUT_09805,138.37
OUT_09806,817.43
OUT_09807,347.09
OUT_09808,967.64
OUT_09809,163.39
OUT_09810,144.69
OUT_09811,941.28
OUT_09812,2180.49
OUT_09813,895.67
OUT_09814,140.33
OUT_09815,298.37
OUT_09816,153.97
OUT_09817,2068.07
OUT_09818,115.13
OUT_09819,131.18
OUT_09820,137.39
OUT_09821,104.35
OUT_09822,120.32
OUT_09823,296.27
OUT_09824,131.44
OUT_09825,129.79
OUT_09826,162.41
OUT_09827,303.46
OUT_09828,305.85
OUT_09829,877.76
OUT_09830,270.5
OUT_09831,174.19
OUT_09832,125.37
OUT_09833,136.34
OUT_09834,125.16
OUT_09835,276.25
OUT_09836,152.1
OUT_09837,2179.97
OUT_09838,129.77
OUT_09839,164.28
OUT_09840,987.27
OUT_09841,126.39
OUT_09842,147.14
OUT_09843,126.15
OUT_09844,164.88
OUT_09845,153.48
OUT_09846,132.15
OUT_09847,303.51
OUT_09848,328.38
OUT_09849,149.24
OUT_09850,135.15
OUT_09851,269.39
OUT_09852,286.32
OUT_09853,147.29
OUT_09854,136.97
OUT_09855,132.95
OUT_09856,158.95
OUT_09857,323.89
OUT_09858,156.34
OUT_09859,1005.01
OUT_09860,143.15
OUT_09861,952.12
OUT_09862,383.44
OUT_09863,260.48
OUT_09864,162.51
OUT_09865,159.52
OUT_09866,127.93
OUT_09867,288.64
OUT_09868,1009.94
OUT_09869,113.75
OUT_09870,248.78
OUT_09871,282.79
OUT_09872,140.27
OUT_09873,104.64
OUT_09874,993.56
OUT_09875,125.21
OUT_09876,285.97
OUT_09877,1172.93
OUT_09878,132.88
OUT_09879,172.27
OUT_09880,140.71
OUT_09881,309.73
OUT_09882,334.83
OUT_09883,230.09
OUT_09884,116.31
OUT_09885,154.97
OUT_09886,137.69
OUT_09887,310.82
OUT_09888,142.61
OUT_09889,130.39
OUT_09890,284.7
OUT_09891,158.47
OUT_09892,84.99
OUT_09893,252.32
OUT_09894,124.53
OUT_09895,140.76
OUT_09896,281.13
OUT_09897,124.53
OUT_09898,135.57
OUT_09899,141.09
OUT_09900,314.02
OUT_09901,82.76
OUT_09902,144.91
OUT_09903,2083.46
OUT_09904,116.21
OUT_09905,136.52
OUT_09906,177.01
OUT_09907,295.25
OUT_09908,243.39
OUT_09909,121.45
OUT_09910,129.04
OUT_09911,924.7
OUT_09912,1009.37
OUT_09913,306.48
OUT_09914,1124.5
OUT_09915,277.92
OUT_09916,283.37
OUT_09917,237.33
OUT_09918,161.41
OUT_09919,149.56
OUT_09920,156.48
OUT_09921,141.67
OUT_09922,2138.14
OUT_09923,121.83
OUT_09924,279.83
OUT_09925,310.21
OUT_09926,123.64
OUT_09927,315.31
OUT_09928,140.35
OUT_09929,238.42
OUT_09930,331.4
OUT_09931,141.43
OUT_09932,301.08
OUT_09933,2236.73
OUT_09934,910.16
OUT_09935,981.0
OUT_09936,156.05
OUT_09937,974.4
OUT_09938,102.52
OUT_09939,280.52
OUT_09940,122.45
OUT_09941,155.29
OUT_09942,126.69
OUT_09943,306.53
OUT_09944,127.59
OUT_09945,88.45
OUT_09946,965.86
OUT_09947,279.49
OUT_09948,146.12
OUT_09949,145.77
OUT_09950,116.7
OUT_09951,154.3
OUT_09952,921.21
OUT_09953,300.81
OUT_09954,129.07
OUT_09955,134.36
OUT_09956,305.46
OUT_09957,278.6
OUT_09958,123.38
OUT_09959,289.76
OUT_09960,106.4
OUT_09961,1030.41
OUT_09962,144.27
OUT_09963,929.16
OUT_09964,310.33
OUT_09965,113.4
OUT_09966,1018.51
OUT_09967,123.02
OUT_09968,296.6
OUT_09969,165.88
OUT_09970,139.17
OUT_09971,150.85
OUT_09972,340.29
OUT_09973,127.18
OUT_09974,166.08
OUT_09975,150.88
OUT_09976,104.41
OUT_09977,1001.5
OUT_09978,263.27
OUT_09979,1062.02
OUT_09980,116.44
OUT_09981,132.68
OUT_09982,2232.04
OUT_09983,116.34
OUT_09984,298.64
OUT_09985,342.53
OUT_09986,262.7
OUT_09987,978.99
OUT_09988,286.04
OUT_09989,949.13
OUT_09990,273.38
OUT_09991,119.6
OUT_09992,155.42
OUT_09993,134.77
OUT_09994,143.06
OUT_09995,130.78
OUT_09996,275.1
OUT_09997,242.42
OUT_09998,332.5
OUT_09999,155.32
OUT_10000,304.34
OUT_10001,134.83
OUT_10002,314.12
OUT_10003,298.09
OUT_10004,127.26
OUT_10005,150.52
OUT_10006,899.4
OUT_10007,2240.45
OUT_10008,158.28
OUT_10009,292.24
OUT_10010,131.18
OUT_10011,910.35
OUT_10012,132.92
OUT_10013,172.37
OUT_10014,144.57
OUT_10015,176.12
OUT_10016,127.55
OUT_10017,319.4
OUT_10018,163.64
OUT_10019,307.97
OUT_10020,109.18
OUT_10021,283.77
OUT_10022,274.15
OUT_10023,2426.45
OUT_10024,167.39
OUT_10025,280.36
OUT_10026,325.36
OUT_10027,137.05
OUT_10028,155.76
OUT_10029,146.24
OUT_10030,250.82
OUT_10031,113.5
OUT_10032,143.77
OUT_10033,146.28
OUT_10034,1107.89
OUT_10035,109.83
OUT_10036,325.67
OUT_10037,300.13
OUT_10038,308.16
OUT_10039,157.83
OUT_10040,340.42
OUT_10041,1063.63
OUT_10042,1010.31
OUT_10043,269.92
OUT_10044,134.24
OUT_10045,129.88
OUT_10046,339.57
OUT_10047,148.03
OUT_10048,1179.24
OUT_10049,138.27
OUT_10050,132.89
OUT_10051,2245.04
OUT_10052,143.97
OUT_10053,146.21
OUT_10054,125.47
OUT_10055,1006.03
OUT_10056,111.49
OUT_10057,328.85
OUT_10058,893.36
OUT_10059,93.89
OUT_10060,949.33
OUT_10061,169.4
OUT_10062,149.68
OUT_10063,344.08
OUT_10064,350.11
OUT_10065,153.52
OUT_10066,145.27
OUT_10067,279.0
OUT_10068,328.39
OUT_10069,280.33
OUT_10070,98.95
OUT_10071,143.67
OUT_10072,136.4
OUT_10073,131.07
OUT_10074,295.72
OUT_10075,109.0
OUT_10076,977.4
OUT_10077,104.3
OUT_10078,284.61
OUT_10079,91.03
OUT_10080,121.16
OUT_10081,141.18
OUT_10082,309.02
OUT_10083,284.65
OUT_10084,121.91
OUT_10085,139.0
OUT_10086,288.91
OUT_10087,103.61
OUT_10088,984.12
OUT_10089,304.08
OUT_10090,889.99
OUT_10091,284.27
OUT_10092,154.14
OUT_10093,168.51
OUT_10094,163.58
OUT_10095,254.67
OUT_10096,951.26
OUT_10097,158.1
OUT_10098,100.98
OUT_10099,107.07
OUT_10100,158.02
OUT_10101,312.45
OUT_10102,129.85
OUT_10103,238.97
OUT_10104,1036.75
OUT_10105,1984.76
OUT_10106,147.74
OUT_10107,1019.81
OUT_10108,972.41
OUT_10109,137.91
OUT_10110,275.29
OUT_10111,291.93
OUT_10112,165.34
OUT_10113,96.67
OUT_10114,359.92
OUT_10115,143.34
OUT_10116,2178.11
OUT_10117,151.11
OUT_10118,124.78
OUT_10119,227.38
OUT_10120,276.77
OUT_10121,341.52
OUT_10122,129.13
OUT_10123,236.24
OUT_10124,926.85
OUT_10125,147.31
OUT_10126,140.15
OUT_10127,299.56
OUT_10128,311.39
OUT_10129,208.06
OUT_10130,1002.41
OUT_10131,2097.62
OUT_10132,334.81
OUT_10133,271.17
OUT_10134,987.49
OUT_10135,158.01
OUT_10136,148.8
OUT_10137,135.35
OUT_10138,149.18
OUT_10139,246.19
OUT_10140,986.24
OUT_10141,267.12
OUT_10142,2241.26
OUT_10143,95.48
OUT_10144,293.05
OUT_10145,239.38
OUT_10146,251.03
OUT_10147,127.32
OUT_10148,275.94
OUT_10149,327.2
OUT_10150,124.02
OUT_10151,111.73
OUT_10152,111.24
OUT_10153,251.12
OUT_10154,309.49
OUT_10155,301.69
OUT_10156,137.48
OUT_10157,914.11
OUT_10158,162.59
OUT_10159,1026.43
OUT_10160,282.89
OUT_10161,247.17
OUT_10162,107.17
OUT_10163,290.0
OUT_10164,965.53
OUT_10165,897.67
OUT_10166,139.53
OUT_10167,1036.18
OUT_10168,933.09
OUT_10169,135.52
OUT_10170,130.07
OUT_10171,292.78
OUT_10172,126.31
OUT_10173,244.86
OUT_10174,2231.47
OUT_10175,242.37
OUT_10176,111.78
OUT_10177,382.71
OUT_10178,917.01
OUT_10179,165.89
OUT_10180,295.74
OUT_10181,957.78
OUT_10182,315.78
OUT_10183,945.49
OUT_10184,940.2
OUT_10185,1229.19
OUT_10186,129.06
OUT_10187,325.62
OUT_10188,330.68
OUT_10189,149.8
OUT_10190,1032.92
OUT_10191,88.1
OUT_10192,278.27
OUT_10193,1079.73
OUT_10194,132.99
OUT_10195,280.44
OUT_10196,1033.54
OUT_10197,145.66
OUT_10198,148.76
OUT_10199,312.1
OUT_10200,136.63
OUT_10201,152.55
OUT_10202,289.35
OUT_10203,124.89
OUT_10204,267.7
OUT_10205,131.17
OUT_10206,1035.74
OUT_10207,314.45
OUT_10208,1114.55
OUT_10209,256.79
OUT_10210,309.85
OUT_10211,258.78
OUT_10212,293.67
OUT_10213,2111.62
OUT_10214,290.64
OUT_10215,2203.48
OUT_10216,134.17
OUT_10217,327.3
OUT_10218,1035.99
OUT_10219,128.14
OUT_10220,162.41
OUT_10221,134.8
OUT_10222,331.54
OUT_10223,141.33
OUT_10224,137.1
OUT_10225,162.94
OUT_10226,243.78
OUT_10227,983.41
OUT_10228,133.47
OUT_10229,969.16
OUT_10230,129.47
OUT_10231,901.48
OUT_10232,111.12
OUT_10233,248.48
OUT_10234,273.0
OUT_10235,993.19
OUT_10236,148.25
OUT_10237,316.78
OUT_10238,319.13
OUT_10239,323.78
OUT_10240,112.3
OUT_10241,109.41
OUT_10242,285.87
OUT_10243,964.65
OUT_10244,2236.88
OUT_10245,134.12
OUT_10246,237.57
OUT_10247,301.61
OUT_10248,1164.79
OUT_10249,284.11
OUT_10250,1009.93
OUT_10251,128.35
OUT_10252,156.71
OUT_10253,290.68
OUT_10254,1150.87
OUT_10255,129.83
OUT_10256,288.36
OUT_10257,115.87
OUT_10258,117.6
OUT_10259,992.22
OUT_10260,1067.37
OUT_10261,154.21
OUT_10262,997.25
OUT_10263,312.34
OUT_10264,133.08
OUT_10265,323.05
OUT_10266,253.98
OUT_10267,341.67
OUT_10268,1129.3
OUT_10269,171.63
OUT_10270,121.73
OUT_10271,118.96
OUT_10272,111.24
OUT_10273,125.56
OUT_10274,1012.24
OUT_10275,266.47
OUT_10276,162.8
OUT_10277,114.65
OUT_10278,133.45
OUT_10279,268.7
OUT_10280,133.37
OUT_10281,158.43
OUT_10282,1022.31
OUT_10283,1043.63
OUT_10284,287.92
OUT_10285,118.77
OUT_10286,286.45
OUT_10287,133.04
OUT_10288,285.93
OUT_10289,122.18
OUT_10290,120.17
OUT_10291,985.08
OUT_10292,285.97
OUT_10293,155.68
OUT_10294,2178.13
OUT_10295,91.34
OUT_10296,275.39
OUT_10297,314.81
OUT_10298,297.68
OUT_10299,2206.94
OUT_10300,108.75
OUT_10301,306.67
OUT_10302,936.65
OUT_10303,966.18
OUT_10304,326.43
OUT_10305,142.31
OUT_10306,125.15
OUT_10307,122.76
OUT_10308,1176.42
OUT_10309,145.06
OUT_10310,976.05
OUT_10311,257.98
OUT_10312,345.53
OUT_10313,136.36
OUT_10314,249.61
OUT_10315,144.69
OUT_10316,956.4
OUT_10317,267.43
OUT_10318,286.7
OUT_10319,267.22
OUT_10320,135.84
OUT_10321,143.25
OUT_10322,114.86
OUT_10323,232.3
OUT_10324,101.83
OUT_10325,295.06
OUT_10326,143.86
OUT_10327,972.29
OUT_10328,289.04
OUT_10329,158.96
OUT_10330,136.89
OUT_10331,163.2
OUT_10332,124.96
OUT_10333,101.99
OUT_10334,1119.33
OUT_10335,899.9
OUT_10336,285.3
OUT_10337,148.62
OUT_10338,127.36
OUT_10339,139.03
OUT_10340,384.69
OUT_10341,138.34
OUT_10342,246.51
OUT_10343,2306.84
OUT_10344,96.51
OUT_10345,303.49
OUT_10346,975.74
OUT_10347,157.44
OUT_10348,117.85
OUT_10349,1196.08
OUT_10350,965.58
OUT_10351,168.48
OUT_10352,896.71
OUT_10353,121.84
OUT_10354,132.95
OUT_10355,1000.37
OUT_10356,155.48
OUT_10357,142.7
OUT_10358,246.44
OUT_10359,153.16
OUT_10360,270.74
OUT_10361,278.98
OUT_10362,321.13
OUT_10363,252.59
OUT_10364,317.58
OUT_10365,292.06
OUT_10366,291.68
OUT_10367,138.15
OUT_10368,146.25
OUT_10369,118.8
OUT_10370,309.43
OUT_10371,115.39
OUT_10372,1025.77
OUT_10373,167.21
OUT_10374,984.17
OUT_10375,1065.62
OUT_10376,136.12
OUT_10377,149.23
OUT_10378,102.14
OUT_10379,125.09
OUT_10380,323.79
OUT_10381,991.08
OUT_10382,915.42
OUT_10383,151.96
OUT_10384,147.5
OUT_10385,246.38
OUT_10386,125.86
OUT_10387,290.63
OUT_10388,274.0
OUT_10389,133.99
OUT_10390,313.0
OUT_10391,2260.23
OUT_10392,134.28
OUT_10393,161.62
OUT_10394,268.14
OUT_10395,165.84
OUT_10396,960.4
OUT_10397,2258.95
OUT_10398,166.84
OUT_10399,958.35
OUT_10400,290.77
OUT_10401,342.31
OUT_10402,288.91
OUT_10403,341.65
OUT_10404,164.45
OUT_10405,120.87
OUT_10406,156.21
OUT_10407,928.04
OUT_10408,164.68
OUT_10409,157.14
OUT_10410,168.25
OUT_10411,151.47
OUT_10412,1000.3
OUT_10413,138.17
OUT_10414,140.35
OUT_10415,277.51
OUT_10416,136.2
OUT_10417,139.98
OUT_10418,289.69
OUT_10419,144.19
OUT_10420,107.52
OUT_10421,142.18
OUT_10422,88.37
OUT_10423,982.28
OUT_10424,168.6
OUT_10425,160.81
OUT_10426,129.42
OUT_10427,138.38
OUT_10428,924.94
OUT_10429,247.0
OUT_10430,130.81
OUT_10431,926.14
OUT_10432,1250.05
OUT_10433,1151.6
OUT_10434,1147.15
OUT_10435,141.84
OUT_10436,164.82
OUT_10437,146.18
OUT_10438,996.82
OUT_10439,116.75
OUT_10440,312.54
OUT_10441,269.08
OUT_10442,140.17
OUT_10443,131.39
OUT_10444,314.8
OUT_10445,274.47
OUT_10446,314.95
OUT_10447,331.68
OUT_10448,971.71
OUT_10449,274.38
OUT_10450,296.42
OUT_10451,158.15
OUT_10452,102.09
OUT_10453,122.16
OUT_10454,123.49
OUT_10455,114.39
OUT_10456,1104.27
OUT_10457,1015.76
OUT_10458,282.24
OUT_10459,992.11
OUT_10460,312.34
OUT_10461,172.25
OUT_10462,180.25
OUT_10463,120.21
OUT_10464,164.32
OUT_10465,131.83
OUT_10466,141.96
OUT_10467,311.89
OUT_10468,324.85
OUT_10469,304.96
OUT_10470,153.0
OUT_10471,146.91
OUT_10472,309.84
OUT_10473,321.6
OUT_10474,155.09
OUT_10475,114.53
OUT_10476,277.4
OUT_10477,133.82
OUT_10478,146.91
OUT_10479,1003.39
OUT_10480,123.95
OUT_10481,113.65
OUT_10482,987.7
OUT_10483,282.57
OUT_10484,285.37
OUT_10485,134.35
OUT_10486,145.11
OUT_10487,142.86
OUT_10488,142.67
OUT_10489,949.17
OUT_10490,331.89
OUT_10491,125.29
OUT_10492,133.7
OUT_10493,1038.41
OUT_10494,988.35
OUT_10495,120.31
OUT_10496,315.0
OUT_10497,137.54
OUT_10498,322.49
OUT_10499,147.25
OUT_10500,110.13
OUT_10501,1018.93
OUT_10502,127.3
OUT_10503,1020.43
OUT_10504,2278.99
OUT_10505,998.27
OUT_10506,141.13
OUT_10507,2259.52
OUT_10508,2203.75
OUT_10509,278.55
OUT_10510,988.37
OUT_10511,125.66
OUT_10512,162.49
OUT_10513,117.79
OUT_10514,293.8
OUT_10515,111.44
OUT_10516,842.8
OUT_10517,144.62
OUT_10518,98.06
OUT_10519,102.55
OUT_10520,1016.23
OUT_10521,1174.82
OUT_10522,1016.95
OUT_10523,130.93
OUT_10524,321.05
OUT_10525,275.14
OUT_10526,130.86
OUT_10527,152.29
OUT_10528,339.09
OUT_10529,282.96
OUT_10530,946.72
OUT_10531,108.8
OUT_10532,143.31
OUT_10533,975.76
OUT_10534,113.79
OUT_10535,335.43
OUT_10536,112.7
OUT_10537,297.16
OUT_10538,105.05
OUT_10539,150.71
OUT_10540,114.3
OUT_10541,1017.71
OUT_10542,259.73
OUT_10543,328.27
OUT_10544,246.92
OUT_10545,2282.48
OUT_10546,112.35
OUT_10547,291.14
OUT_10548,106.69
OUT_10549,286.1
OUT_10550,961.09
OUT_10551,109.14
OUT_10552,136.61
OUT_10553,224.84
OUT_10554,275.01
OUT_10555,135.42
OUT_10556,113.85
OUT_10557,322.97
OUT_10558,127.95
OUT_10559,136.14
OUT_10560,125.41
OUT_10561,132.89
OUT_10562,124.64
OUT_10563,121.34
OUT_10564,943.16
OUT_10565,345.8
OUT_10566,320.35
OUT_10567,353.18
OUT_10568,143.19
OUT_10569,1184.35
OUT_10570,260.89
OUT_10571,251.51
OUT_10572,248.49
OUT_10573,163.41
OUT_10574,297.02
OUT_10575,143.52
OUT_10576,293.37
OUT_10577,153.86
OUT_10578,173.15
OUT_10579,235.42
OUT_10580,289.66
OUT_10581,308.33
OUT_10582,102.53
OUT_10583,958.31
OUT_10584,109.28
OUT_10585,145.18
OUT_10586,326.69
OUT_10587,318.45
OUT_10588,151.71
OUT_10589,314.44
OUT_10590,136.88
OUT_10591,150.22
OUT_10592,307.5
OUT_10593,1002.38
OUT_10594,334.33
OUT_10595,153.52
OUT_10596,129.23
OUT_10597,360.61
OUT_10598,995.87
OUT_10599,164.32
OUT_10600,945.53
OUT_10601,282.97
OUT_10602,137.03
OUT_10603,159.93
OUT_10604,276.49
OUT_10605,139.27
OUT_10606,147.53
OUT_10607,161.1
OUT_10608,245.63
OUT_10609,122.97
OUT_10610,290.15
OUT_10611,263.36
OUT_10612,147.74
OUT_10613,278.13
OUT_10614,305.69
OUT_10615,127.31
OUT_10616,290.99
OUT_10617,879.99
OUT_10618,178.29
OUT_10619,125.4
OUT_10620,121.86
OUT_10621,265.71
OUT_10622,332.82
OUT_10623,111.02
OUT_10624,292.13
OUT_10625,135.84
OUT_10626,306.23
OUT_10627,180.55
OUT_10628,136.25
OUT_10629,145.03
OUT_10630,1003.39
OUT_10631,133.58
OUT_10632,1007.36
OUT_10633,894.1
OUT_10634,140.51
OUT_10635,143.7
OUT_10636,983.09
OUT_10637,147.74
OUT_10638,132.22
OUT_10639,241.67
OUT_10640,186.63
OUT_10641,279.13
OUT_10642,2183.42
OUT_10643,136.61
OUT_10644,1185.83
OUT_10645,332.41
OUT_10646,143.66
OUT_10647,138.61
OUT_10648,278.05
OUT_10649,124.01
OUT_10650,175.43
OUT_10651,114.31
OUT_10652,272.93
OUT_10653,2100.44
OUT_10654,161.63
OUT_10655,112.68
OUT_10656,124.59
OUT_10657,2278.34
OUT_10658,152.63
OUT_10659,229.74
OUT_10660,2316.66
OUT_10661,106.59
OUT_10662,135.75
OUT_10663,252.82
OUT_10664,341.22
OUT_10665,249.67
OUT_10666,299.22
OUT_10667,337.02
OUT_10668,123.87
OUT_10669,2117.85
OUT_10670,1030.06
OUT_10671,268.26
OUT_10672,287.06
OUT_10673,109.68
OUT_10674,282.96
OUT_10675,131.82
OUT_10676,322.1
OUT_10677,164.15
OUT_10678,120.15
OUT_10679,289.32
OUT_10680,98.81
OUT_10681,145.35
OUT_10682,169.58
OUT_10683,994.84
OUT_10684,120.45
OUT_10685,258.02
OUT_10686,272.95
OUT_10687,148.19
OUT_10688,293.76
OUT_10689,368.65
OUT_10690,134.61
OUT_10691,297.28
OUT_10692,254.24
OUT_10693,151.76
OUT_10694,277.25
OUT_10695,181.52
OUT_10696,1002.48
OUT_10697,85.76
OUT_10698,122.99
OUT_10699,2118.24
OUT_10700,142.65
OUT_10701,141.28
OUT_10702,133.97
OUT_10703,171.91
OUT_10704,178.12
OUT_10705,2190.58
OUT_10706,159.11
OUT_10707,129.21
OUT_10708,2161.71
OUT_10709,292.98
OUT_10710,2108.97
OUT_10711,973.56
OUT_10712,150.63
OUT_10713,145.41
OUT_10714,340.76
OUT_10715,314.14
OUT_10716,329.13
OUT_10717,981.66
OUT_10718,159.12
OUT_10719,2176.6
OUT_10720,278.24
OUT_10721,278.83
OUT_10722,324.17
OUT_10723,301.43
OUT_10724,155.87
OUT_10725,164.18
OUT_10726,128.63
OUT_10727,246.45
OUT_10728,2210.58
OUT_10729,109.43
OUT_10730,2226.58
OUT_10731,156.92
OUT_10732,164.13
OUT_10733,154.42
OUT_10734,351.9
OUT_10735,293.75
OUT_10736,147.33
OUT_10737,290.21
OUT_10738,141.51
OUT_10739,106.76
OUT_10740,122.21
OUT_10741,106.68
OUT_10742,156.44
OUT_10743,167.55
OUT_10744,137.91
OUT_10745,144.91
OUT_10746,140.35
OUT_10747,985.04
OUT_10748,149.03
OUT_10749,113.29
OUT_10750,150.63
OUT_10751,137.16
OUT_10752,279.85
OUT_10753,154.69
OUT_10754,138.41
OUT_10755,155.19
OUT_10756,130.63
OUT_10757,139.84
OUT_10758,2186.58
OUT_10759,165.23
OUT_10760,1000.83
OUT_10761,258.9
OUT_10762,261.29
OUT_10763,304.55
OUT_10764,280.58
OUT_10765,141.21
OUT_10766,109.0
OUT_10767,118.78
OUT_10768,247.19
OUT_10769,132.58
OUT_10770,1105.11
OUT_10771,120.37
OUT_10772,162.14
OUT_10773,287.4
OUT_10774,106.41
OUT_10775,269.08
OUT_10776,994.09
OUT_10777,140.27
OUT_10778,140.6
OUT_10779,947.25
OUT_10780,297.96
OUT_10781,2276.1
OUT_10782,308.14
OUT_10783,381.36
OUT_10784,120.27
OUT_10785,107.24
OUT_10786,134.99
OUT_10787,136.03
OUT_10788,914.84
OUT_10789,112.34
OUT_10790,286.63
OUT_10791,158.35
OUT_10792,265.91
OUT_10793,947.03
OUT_10794,2299.51
OUT_10795,155.09
OUT_10796,280.98
OUT_10797,141.43
OUT_10798,2176.81
OUT_10799,147.85
OUT_10800,155.71
OUT_10801,1040.96
OUT_10802,118.48
OUT_10803,913.05
OUT_10804,2151.96
OUT_10805,943.21
OUT_10806,168.45
OUT_10807,139.56
OUT_10808,126.88
OUT_10809,106.64
OUT_10810,305.26
OUT_10811,134.24
OUT_10812,168.1
OUT_10813,120.82
OUT_10814,155.36
OUT_10815,316.5
OUT_10816,317.2
OUT_10817,274.47
OUT_10818,2262.27
OUT_10819,250.35
OUT_10820,111.36
OUT_10821,320.79
OUT_10822,130.89
OUT_10823,176.89
OUT_10824,135.8
OUT_10825,271.72
OUT_10826,1071.44
OUT_10827,961.15
OUT_10828,2124.35
OUT_10829,143.82
OUT_10830,101.49
OUT_10831,128.35
OUT_10832,140.43
OUT_10833,316.1
OUT_10834,2135.07
OUT_10835,135.16
OUT_10836,135.32
OUT_10837,107.16
OUT_10838,252.16
OUT_10839,259.02
OUT_10840,155.07
OUT_10841,1048.94
OUT_10842,355.87
OUT_10843,125.92
OUT_10844,322.39
OUT_10845,997.14
OUT_10846,128.77
OUT_10847,148.23
OUT_10848,116.32
OUT_10849,2142.3
OUT_10850,118.25
OUT_10851,106.67
OUT_10852,274.44
OUT_10853,102.52
OUT_10854,1065.56
OUT_10855,124.04
OUT_10856,126.88
OUT_10857,249.13
OUT_10858,114.39
OUT_10859,1041.06
OUT_10860,144.32
OUT_10861,341.6
OUT_10862,138.49
OUT_10863,137.43
OUT_10864,254.72
OUT_10865,340.63
OUT_10866,128.92
OUT_10867,281.37
OUT_10868,143.97
OUT_10869,161.98
OUT_10870,142.4
OUT_10871,279.39
OUT_10872,1191.47
OUT_10873,148.32
OUT_10874,100.72
OUT_10875,1087.02
OUT_10876,1090.42
OUT_10877,287.65
OUT_10878,149.3
OUT_10879,299.65
OUT_10880,309.53
OUT_10881,119.11
OUT_10882,1121.12
OUT_10883,1023.22
OUT_10884,145.42
OUT_10885,137.35
OUT_10886,119.63
OUT_10887,1119.98
OUT_10888,92.77
OUT_10889,139.8
OUT_10890,282.65
OUT_10891,950.98
OUT_10892,101.2
OUT_10893,118.8
OUT_10894,956.61
OUT_10895,149.68
OUT_10896,142.04
OUT_10897,154.0
OUT_10898,129.5
OUT_10899,152.7
OUT_10900,122.29
OUT_10901,143.46
OUT_10902,865.02
OUT_10903,1049.1
OUT_10904,159.6
OUT_10905,158.72
OUT_10906,129.99
OUT_10907,141.91
OUT_10908,99.4
OUT_10909,144.0
OUT_10910,869.18
OUT_10911,154.92
OUT_10912,158.86
OUT_10913,313.42
OUT_10914,942.55
OUT_10915,140.56
OUT_10916,359.83
OUT_10917,265.16
OUT_10918,169.05
OUT_10919,141.05
OUT_10920,125.88
OUT_10921,1067.25
OUT_10922,315.61
OUT_10923,1007.59
OUT_10924,1143.42
OUT_10925,2046.28
OUT_10926,162.73
OUT_10927,142.4
OUT_10928,118.51
OUT_10929,919.1
OUT_10930,998.24
OUT_10931,154.7
OUT_10932,931.78
OUT_10933,293.32
OUT_10934,156.76
OUT_10935,1002.87
OUT_10936,127.79
OUT_10937,125.07
OUT_10938,995.03
OUT_10939,224.02
OUT_10940,1041.41
OUT_10941,988.47
OUT_10942,121.84
OUT_10943,910.53
OUT_10944,158.0
OUT_10945,120.09
OUT_10946,91.99
OUT_10947,168.98
OUT_10948,106.84
OUT_10949,116.38
OUT_10950,149.27
OUT_10951,159.86
OUT_10952,981.72
OUT_10953,263.36
OUT_10954,2148.91
OUT_10955,111.92
OUT_10956,134.72
OUT_10957,1086.64
OUT_10958,156.39
OUT_10959,1101.05
OUT_10960,266.74
OUT_10961,156.37
OUT_10962,2317.67
OUT_10963,2067.35
OUT_10964,2139.71
OUT_10965,131.46
OUT_10966,2137.22
OUT_10967,908.92
OUT_10968,987.24
OUT_10969,126.92
OUT_10970,292.65
OUT_10971,140.96
OUT_10972,154.63
OUT_10973,132.71
OUT_10974,254.79
OUT_10975,338.66
OUT_10976,162.78
OUT_10977,129.96
OUT_10978,125.61
OUT_10979,91.0
OUT_10980,975.2
OUT_10981,143.76
OUT_10982,283.33
OUT_10983,301.36
OUT_10984,122.17
OUT_10985,265.12
OUT_10986,138.13
OUT_10987,280.41
OUT_10988,302.96
OUT_10989,968.44
OUT_10990,1081.34
OUT_10991,170.03
OUT_10992,154.3
OUT_10993,1027.02
OUT_10994,151.31
OUT_10995,135.55
OUT_10996,2111.0
OUT_10997,2210.67
OUT_10998,145.84
OUT_10999,950.15
OUT_11000,111.19
OUT_11001,322.53
OUT_11002,168.43
OUT_11003,2175.6
OUT_11004,133.76
OUT_11005,292.73
OUT_11006,312.61
OUT_11007,122.43
OUT_11008,1165.61
OUT_11009,279.1
OUT_11010,294.53
OUT_11011,195.59
OUT_11012,144.16
OUT_11013,256.3
OUT_11014,127.87
OUT_11015,987.22
OUT_11016,100.55
OUT_11017,1035.15
OUT_11018,146.96
OUT_11019,91.77
OUT_11020,128.98
OUT_11021,1261.07
OUT_11022,143.21
OUT_11023,169.0
OUT_11024,151.49
OUT_11025,285.06
OUT_11026,132.73
OUT_11027,264.27
OUT_11028,284.91
OUT_11029,2127.17
OUT_11030,140.9
OUT_11031,152.22
OUT_11032,149.98
OUT_11033,249.41
OUT_11034,262.13
OUT_11035,149.22
OUT_11036,276.4
OUT_11037,103.48
OUT_11038,231.49
OUT_11039,851.75
OUT_11040,154.05
OUT_11041,122.67
OUT_11042,307.51
OUT_11043,1001.92
OUT_11044,170.41
OUT_11045,307.85
OUT_11046,253.89
OUT_11047,119.03
OUT_11048,279.99
OUT_11049,281.04
OUT_11050,272.68
OUT_11051,359.36
OUT_11052,1010.64
OUT_11053,138.85
OUT_11054,347.91
OUT_11055,285.06
OUT_11056,2187.69
OUT_11057,247.81
OUT_11058,149.74
OUT_11059,131.41
OUT_11060,304.66
OUT_11061,166.43
OUT_11062,134.77
OUT_11063,966.68
OUT_11064,277.29
OUT_11065,131.93
OUT_11066,152.03
OUT_11067,144.05
OUT_11068,935.55
OUT_11069,1086.54
OUT_11070,249.44
OUT_11071,145.8
OUT_11072,94.52
OUT_11073,172.24
OUT_11074,136.43
OUT_11075,178.77
OUT_11076,322.28
OUT_11077,1007.92
OUT_11078,134.23
OUT_11079,170.59
OUT_11080,146.92
OUT_11081,320.66
OUT_11082,160.78
OUT_11083,276.02
OUT_11084,276.97
OUT_11085,131.78
OUT_11086,158.01
OUT_11087,134.57
OUT_11088,141.09
OUT_11089,295.97
OUT_11090,1016.48
OUT_11091,141.82
OUT_11092,302.12
OUT_11093,118.36
OUT_11094,2224.93
OUT_11095,147.03
OUT_11096,102.41
OUT_11097,296.16
OUT_11098,916.97
OUT_11099,125.05
OUT_11100,111.13
OUT_11101,1091.11
OUT_11102,124.68
OUT_11103,156.76
OUT_11104,132.09
OUT_11105,937.86
OUT_11106,963.16
OUT_11107,316.82
OUT_11108,2310.84
OUT_11109,255.63
OUT_11110,275.97
OUT_11111,122.6
OUT_11112,969.44
OUT_11113,317.85
OUT_11114,296.12
OUT_11115,83.86
OUT_11116,168.55
OUT_11117,354.0
OUT_11118,121.86
OUT_11119,294.59
OUT_11120,897.93
OUT_11121,126.46
OUT_11122,143.48
OUT_11123,872.4
OUT_11124,994.51
OUT_11125,274.9
OUT_11126,154.98
OUT_11127,136.4
OUT_11128,2163.98
OUT_11129,149.52
OUT_11130,137.35
OUT_11131,1055.57
OUT_11132,244.71
OUT_11133,269.63
OUT_11134,131.83
OUT_11135,163.74
OUT_11136,139.42
OUT_11137,111.65
OUT_11138,294.59
OUT_11139,304.71
OUT_11140,1115.05
OUT_11141,282.73
OUT_11142,151.64
OUT_11143,2111.78
OUT_11144,118.53
OUT_11145,314.78
OUT_11146,145.06
OUT_11147,154.78
OUT_11148,154.51
OUT_11149,131.83
OUT_11150,1007.06
OUT_11151,291.3
OUT_11152,958.65
OUT_11153,284.93
OUT_11154,118.44
OUT_11155,174.16
OUT_11156,125.03
OUT_11157,263.47
OUT_11158,350.14
OUT_11159,145.08
OUT_11160,312.01
OUT_11161,125.02
OUT_11162,153.54
OUT_11163,274.88
OUT_11164,135.87
OUT_11165,2153.17
OUT_11166,127.35
OUT_11167,347.85
OUT_11168,2187.29
OUT_11169,166.32
OUT_11170,154.17
OUT_11171,117.98
OUT_11172,285.61
OUT_11173,161.56
OUT_11174,112.26
OUT_11175,259.12
OUT_11176,266.46
OUT_11177,1001.07
OUT_11178,132.15
OUT_11179,228.75
OUT_11180,151.45
OUT_11181,152.89
OUT_11182,959.85
OUT_11183,317.56
OUT_11184,151.92
OUT_11185,123.8
OUT_11186,254.56
OUT_11187,1001.93
OUT_11188,144.86
OUT_11189,273.0
OUT_11190,145.0
OUT_11191,128.99
OUT_11192,387.29
OUT_11193,145.97
OUT_11194,117.26
OUT_11195,302.6
OUT_11196,99.74
OUT_11197,252.83
OUT_11198,294.77
OUT_11199,893.62
OUT_11200,142.31
OUT_11201,326.05
OUT_11202,115.09
OUT_11203,99.16
OUT_11204,2165.06
OUT_11205,125.43
OUT_11206,149.21
OUT_11207,148.11
OUT_11208,983.5
OUT_11209,115.55
OUT_11210,168.95
OUT_11211,140.35
OUT_11212,382.96
OUT_11213,294.23
OUT_11214,2285.47
OUT_11215,147.3
OUT_11216,148.17
OUT_11217,2310.54
OUT_11218,261.79
OUT_11219,992.09
OUT_11220,134.07
OUT_11221,107.23
OUT_11222,2162.08
OUT_11223,153.55
OUT_11224,142.72
OUT_11225,2199.99
OUT_11226,168.08
OUT_11227,125.56
OUT_11228,132.5
OUT_11229,262.81
OUT_11230,110.41
OUT_11231,270.95
OUT_11232,2065.38
OUT_11233,976.37
OUT_11234,129.87
OUT_11235,100.4
OUT_11236,261.98
OUT_11237,133.33
OUT_11238,140.06
OUT_11239,960.05
OUT_11240,317.79
OUT_11241,126.5
OUT_11242,143.98
OUT_11243,164.43
OUT_11244,143.59
OUT_11245,268.71
OUT_11246,140.6
OUT_11247,142.76
OUT_11248,103.21
OUT_11249,336.59
OUT_11250,326.07
OUT_11251,2174.94
OUT_11252,126.88
OUT_11253,1021.71
OUT_11254,336.61
OUT_11255,280.68
OUT_11256,242.79
OUT_11257,141.75
OUT_11258,146.99
OUT_11259,174.88
OUT_11260,1112.7
OUT_11261,2093.09
OUT_11262,173.4
OUT_11263,141.84
OUT_11264,150.57
OUT_11265,968.34
OUT_11266,139.93
OUT_11267,163.24
OUT_11268,309.48
OUT_11269,2204.29
OUT_11270,125.09
OUT_11271,123.54
OUT_11272,122.76
OUT_11273,293.17
OUT_11274,121.0
OUT_11275,150.98
OUT_11276,321.22
OUT_11277,185.55
OUT_11278,103.4
OUT_11279,146.01
OUT_11280,1113.79
OUT_11281,168.27
OUT_11282,163.18
OUT_11283,161.81
OUT_11284,163.81
OUT_11285,170.44
OUT_11286,292.09
OUT_11287,120.07
OUT_11288,960.65
OUT_11289,121.38
OUT_11290,267.63
OUT_11291,1297.95
OUT_11292,103.18
OUT_11293,271.73
OUT_11294,154.21
OUT_11295,131.04
OUT_11296,1005.83
OUT_11297,286.82
OUT_11298,433.53
OUT_11299,155.39
OUT_11300,139.98
OUT_11301,132.1
OUT_11302,136.84
OUT_11303,1033.67
OUT_11304,122.18
OUT_11305,2166.29
OUT_11306,252.69
OUT_11307,2203.01
OUT_11308,242.06
OUT_11309,1092.08
OUT_11310,311.04
OUT_11311,184.08
OUT_11312,126.75
OUT_11313,138.52
OUT_11314,878.45
OUT_11315,351.89
OUT_11316,2166.33
OUT_11317,1024.97
OUT_11318,1040.17
OUT_11319,135.98
OUT_11320,112.76
OUT_11321,229.22
OUT_11322,960.16
OUT_11323,293.27
OUT_11324,153.98
OUT_11325,155.66
OUT_11326,292.24
OUT_11327,136.91
OUT_11328,866.18
OUT_11329,134.26
OUT_11330,1146.63
OUT_11331,288.05
OUT_11332,163.42
OUT_11333,279.82
OUT_11334,180.46
OUT_11335,112.54
OUT_11336,322.01
OUT_11337,252.46
OUT_11338,285.89
OUT_11339,149.42
OUT_11340,324.69
OUT_11341,146.64
OUT_11342,291.2
OUT_11343,142.44
OUT_11344,121.23
OUT_11345,135.72
OUT_11346,268.6
OUT_11347,288.17
OUT_11348,100.76
OUT_11349,141.42
OUT_11350,328.38
OUT_11351,110.4
OUT_11352,280.67
OUT_11353,156.3
OUT_11354,928.7
OUT_11355,141.14
OUT_11356,154.86
OUT_11357,255.78
OUT_11358,158.1
OUT_11359,2204.16
OUT_11360,231.23
OUT_11361,250.94
OUT_11362,254.14
OUT_11363,120.42
OUT_11364,133.38
OUT_11365,333.78
OUT_11366,152.49
OUT_11367,166.87
OUT_11368,2311.68
OUT_11369,139.24
OUT_11370,157.57
OUT_11371,274.75
OUT_11372,985.13
OUT_11373,291.78
OUT_11374,140.34
OUT_11375,299.88
OUT_11376,257.75
OUT_11377,131.43
OUT_11378,298.66
OUT_11379,128.71
OUT_11380,154.46
OUT_11381,310.32
OUT_11382,154.76
OUT_11383,298.47
OUT_11384,265.4
OUT_11385,298.21
OUT_11386,320.37
OUT_11387,149.73
OUT_11388,299.72
OUT_11389,116.47
OUT_11390,118.63
OUT_11391,129.28
OUT_11392,1017.53
OUT_11393,117.33
OUT_11394,969.78
OUT_11395,323.72
OUT_11396,282.64
OUT_11397,997.3
OUT_11398,288.7
OUT_11399,143.76
OUT_11400,145.07
OUT_11401,297.05
OUT_11402,152.05
OUT_11403,2182.79
OUT_11404,135.96
OUT_11405,126.87
OUT_11406,991.69
OUT_11407,127.93
OUT_11408,162.12
OUT_11409,270.5
OUT_11410,311.93
OUT_11411,133.78
OUT_11412,107.51
OUT_11413,959.98
OUT_11414,146.15
OUT_11415,141.78
OUT_11416,1004.79
OUT_11417,149.52
OUT_11418,130.45
OUT_11419,100.55
OUT_11420,281.65
OUT_11421,999.77
OUT_11422,338.39
OUT_11423,349.69
OUT_11424,260.14
OUT_11425,135.95
OUT_11426,2187.45
OUT_11427,350.46
OUT_11428,295.09
OUT_11429,153.4
OUT_11430,99.29
OUT_11431,278.02
OUT_11432,331.74
OUT_11433,151.85
OUT_11434,961.02
OUT_11435,135.95
OUT_11436,160.06
OUT_11437,1024.24
OUT_11438,941.63
OUT_11439,294.64
OUT_11440,90.65
OUT_11441,151.54
OUT_11442,105.4
OUT_11443,159.21
OUT_11444,80.4
OUT_11445,139.11
OUT_11446,317.44
OUT_11447,940.52
OUT_11448,108.32
OUT_11449,275.26
OUT_11450,78.37
OUT_11451,141.77
OUT_11452,168.61
OUT_11453,271.08
OUT_11454,343.76
OUT_11455,276.51
OUT_11456,155.33
OUT_11457,304.04
OUT_11458,2172.69
OUT_11459,145.85
OUT_11460,2246.09
OUT_11461,153.56
OUT_11462,155.55
OUT_11463,117.24
OUT_11464,286.34
OUT_11465,2210.44
OUT_11466,148.73
OUT_11467,155.51
OUT_11468,256.99
OUT_11469,171.55
OUT_11470,112.85
OUT_11471,321.59
OUT_11472,155.66
OUT_11473,290.22
OUT_11474,101.96
OUT_11475,988.75
OUT_11476,106.87
OUT_11477,111.42
OUT_11478,146.27
OUT_11479,225.72
OUT_11480,150.86
OUT_11481,134.72
OUT_11482,252.81
OUT_11483,269.63
OUT_11484,297.99
OUT_11485,137.02
OUT_11486,349.3
OUT_11487,278.86
OUT_11488,311.33
OUT_11489,321.35
OUT_11490,253.14
OUT_11491,283.13
OUT_11492,267.07
OUT_11493,337.22
OUT_11494,114.98
OUT_11495,257.93
OUT_11496,122.32
OUT_11497,2251.26
OUT_11498,106.17
OUT_11499,121.61
OUT_11500,951.57
OUT_11501,102.63
OUT_11502,1059.36
OUT_11503,290.41
OUT_11504,1040.25
OUT_11505,146.28
OUT_11506,313.66
OUT_11507,98.34
OUT_11508,297.16
OUT_11509,119.8
OUT_11510,292.55
OUT_11511,315.19
OUT_11512,1058.94
OUT_11513,235.21
OUT_11514,120.58
OUT_11515,1000.15
OUT_11516,142.87
OUT_11517,339.94
OUT_11518,155.22
OUT_11519,62.13
OUT_11520,270.68
OUT_11521,135.57
OUT_11522,318.35
OUT_11523,2286.41
OUT_11524,135.8
OUT_11525,134.3
OUT_11526,101.39
OUT_11527,145.29
OUT_11528,138.74
OUT_11529,128.96
OUT_11530,140.52
OUT_11531,237.22
OUT_11532,1029.91
OUT_11533,110.62
OUT_11534,1051.32
OUT_11535,290.06
OUT_11536,282.58
OUT_11537,96.11
OUT_11538,145.43
OUT_11539,287.66
OUT_11540,970.46
OUT_11541,305.8
OUT_11542,115.78
OUT_11543,123.97
OUT_11544,144.83
OUT_11545,986.02
OUT_11546,157.41
OUT_11547,1090.01
OUT_11548,154.33
OUT_11549,334.25
OUT_11550,169.17
OUT_11551,131.03
OUT_11552,161.63
OUT_11553,139.83
OUT_11554,186.05
OUT_11555,105.76
OUT_11556,117.84
OUT_11557,281.66
OUT_11558,128.95
OUT_11559,999.47
OUT_11560,274.43
OUT_11561,120.85
OUT_11562,141.18
OUT_11563,1141.62
OUT_11564,115.63
OUT_11565,280.01
OUT_11566,148.91
OUT_11567,986.6
OUT_11568,146.85
OUT_11569,1213.69
OUT_11570,121.08
OUT_11571,310.17
OUT_11572,137.03
OUT_11573,265.68
OUT_11574,307.57
OUT_11575,108.66
OUT_11576,320.89
OUT_11577,131.67
OUT_11578,286.37
OUT_11579,123.09
OUT_11580,120.44
OUT_11581,103.47
OUT_11582,158.45
OUT_11583,313.01
OUT_11584,1157.87
OUT_11585,321.7
OUT_11586,162.29
OUT_11587,274.0
OUT_11588,2205.49
OUT_11589,319.33
OUT_11590,2022.05
OUT_11591,121.43
OUT_11592,119.15
OUT_11593,162.59
OUT_11594,101.72
OUT_11595,111.24
OUT_11596,151.49
OUT_11597,147.67
OUT_11598,329.79
OUT_11599,883.13
OUT_11600,104.17
OUT_11601,2159.92
OUT_11602,140.33
OUT_11603,123.88
OUT_11604,124.21
OUT_11605,2123.55
OUT_11606,278.83
OUT_11607,351.3
OUT_11608,142.83
OUT_11609,146.28
OUT_11610,120.12
OUT_11611,1040.11
OUT_11612,137.9
OUT_11613,890.03
OUT_11614,131.56
OUT_11615,234.68
OUT_11616,335.83
OUT_11617,281.92
OUT_11618,277.74
OUT_11619,2284.47
OUT_11620,140.3
OUT_11621,139.34
OUT_11622,1067.89
OUT_11623,135.95
OUT_11624,133.45
OUT_11625,124.08
OUT_11626,111.99
OUT_11627,160.47
OUT_11628,284.71
OUT_11629,124.75
OUT_11630,932.52
OUT_11631,284.24
OUT_11632,328.21
OUT_11633,973.38
OUT_11634,117.94
OUT_11635,132.74
OUT_11636,2118.86
OUT_11637,974.06
OUT_11638,147.89
OUT_11639,150.34
OUT_11640,300.39
OUT_11641,131.43
OUT_11642,993.86
OUT_11643,2152.44
OUT_11644,2129.81
OUT_11645,147.48
OUT_11646,997.25
OUT_11647,137.14
OUT_11648,274.11
OUT_11649,148.09
OUT_11650,161.17
OUT_11651,133.51
OUT_11652,1018.04
OUT_11653,132.73
OUT_11654,148.45
OUT_11655,117.0
OUT_11656,124.44
OUT_11657,142.2
OUT_11658,137.78
OUT_11659,118.84
OUT_11660,144.75
OUT_11661,136.38
OUT_11662,997.92
OUT_11663,113.45
OUT_11664,148.64
OUT_11665,2094.48
OUT_11666,948.88
OUT_11667,267.92
OUT_11668,284.34
OUT_11669,152.93
OUT_11670,122.05
OUT_11671,140.36
OUT_11672,1038.75
OUT_11673,245.26
OUT_11674,1124.68
OUT_11675,139.97
OUT_11676,290.53
OUT_11677,131.81
OUT_11678,118.65
OUT_11679,123.22
OUT_11680,1077.59
OUT_11681,238.19
OUT_11682,137.29
OUT_11683,914.31
OUT_11684,134.53
OUT_11685,124.95
OUT_11686,937.43
OUT_11687,153.04
OUT_11688,1058.82
OUT_11689,257.03
OUT_11690,154.94
OUT_11691,185.05
OUT_11692,1041.08
OUT_11693,307.11
OUT_11694,124.21
OUT_11695,164.1
OUT_11696,943.82
OUT_11697,2240.38
OUT_11698,121.34
OUT_11699,290.37
OUT_11700,130.58
OUT_11701,152.26
OUT_11702,324.38
OUT_11703,144.7
OUT_11704,1147.01
OUT_11705,144.19
OUT_11706,136.03
OUT_11707,261.33
OUT_11708,138.06
OUT_11709,131.02
OUT_11710,141.92
OUT_11711,275.11
OUT_11712,167.2
OUT_11713,309.99
OUT_11714,111.63
OUT_11715,320.31
OUT_11716,298.19
OUT_11717,848.36
OUT_11718,279.36
OUT_11719,287.56
OUT_11720,2126.65
OUT_11721,250.93
OUT_11722,130.19
OUT_11723,140.43
OUT_11724,136.67
OUT_11725,127.87
OUT_11726,107.9
OUT_11727,283.45
OUT_11728,139.84
OUT_11729,151.33
OUT_11730,151.43
OUT_11731,141.51
OUT_11732,102.92
OUT_11733,1033.69
OUT_11734,142.83
OUT_11735,131.76
OUT_11736,113.84
OUT_11737,142.72
OUT_11738,142.33
OUT_11739,108.44
OUT_11740,157.35
OUT_11741,131.0
OUT_11742,296.51
OUT_11743,259.4
OUT_11744,140.07
OUT_11745,160.23
OUT_11746,998.33
OUT_11747,244.14
OUT_11748,167.19
OUT_11749,291.34
OUT_11750,247.65
OUT_11751,112.13
OUT_11752,149.66
OUT_11753,264.95
OUT_11754,145.81
OUT_11755,991.04
OUT_11756,135.57
OUT_11757,1147.07
OUT_11758,103.11
OUT_11759,117.32
OUT_11760,120.33
OUT_11761,302.9
OUT_11762,943.91
OUT_11763,290.61
OUT_11764,301.94
OUT_11765,106.55
OUT_11766,144.96
OUT_11767,2160.85
OUT_11768,111.51
OUT_11769,935.61
OUT_11770,2130.26
OUT_11771,315.37
OUT_11772,340.14
OUT_11773,133.63
OUT_11774,110.08
OUT_11775,291.51
OUT_11776,137.76
OUT_11777,159.07
OUT_11778,169.42
OUT_11779,143.33
OUT_11780,1143.15
OUT_11781,111.39
OUT_11782,138.25
OUT_11783,271.26
OUT_11784,307.56
OUT_11785,125.17
OUT_11786,122.73
OUT_11787,123.83
OUT_11788,2069.8
OUT_11789,1004.48
OUT_11790,273.59
OUT_11791,989.37
OUT_11792,305.15
OUT_11793,157.32
OUT_11794,132.99
OUT_11795,164.54
OUT_11796,290.8
OUT_11797,983.96
OUT_11798,309.15
OUT_11799,279.18
OUT_11800,242.28
OUT_11801,220.43
OUT_11802,138.62
OUT_11803,107.48
OUT_11804,2185.98
OUT_11805,156.3
OUT_11806,123.31
OUT_11807,273.5
OUT_11808,287.98
OUT_11809,172.87
OUT_11810,112.22
OUT_11811,156.41
OUT_11812,163.14
OUT_11813,338.65
OUT_11814,263.67
OUT_11815,118.1
OUT_11816,1015.62
OUT_11817,273.27
OUT_11818,114.72
OUT_11819,934.11
OUT_11820,1071.05
OUT_11821,134.06
OUT_11822,144.99
OUT_11823,1009.11
OUT_11824,331.01
OUT_11825,317.73
OUT_11826,162.71
OUT_11827,151.09
OUT_11828,151.73
OUT_11829,137.18
OUT_11830,93.68
OUT_11831,155.35
OUT_11832,117.27
OUT_11833,318.8
OUT_11834,320.45
OUT_11835,94.59
OUT_11836,130.88
OUT_11837,324.39
OUT_11838,289.84
OUT_11839,142.92
OUT_11840,127.28
OUT_11841,129.31
OUT_11842,315.76
OUT_11843,2070.24
OUT_11844,134.61
OUT_11845,1012.09
OUT_11846,146.1
OUT_11847,257.97
OUT_11848,1011.83
OUT_11849,135.79
OUT_11850,132.01
OUT_11851,141.31
OUT_11852,985.28
OUT_11853,2294.01
OUT_11854,142.51
OUT_11855,282.24
OUT_11856,269.24
OUT_11857,1073.81
OUT_11858,270.8
OUT_11859,1002.45
OUT_11860,117.71
OUT_11861,284.67
OUT_11862,275.38
OUT_11863,143.85
OUT_11864,148.42
OUT_11865,169.87
OUT_11866,273.7
OUT_11867,149.04
OUT_11868,1017.93
OUT_11869,140.04
OUT_11870,317.11
OUT_11871,125.17
OUT_11872,279.05
OUT_11873,133.1
OUT_11874,123.66
OUT_11875,297.55
OUT_11876,283.17
OUT_11877,122.53
OUT_11878,108.96
OUT_11879,277.32
OUT_11880,172.87
OUT_11881,289.85
OUT_11882,249.59
OUT_11883,995.32
OUT_11884,149.51
OUT_11885,281.58
OUT_11886,318.88
OUT_11887,130.99
OUT_11888,122.93
OUT_11889,277.15
OUT_11890,126.45
OUT_11891,177.24
OUT_11892,153.23
OUT_11893,139.48
OUT_11894,997.29
OUT_11895,153.98
OUT_11896,95.44
OUT_11897,987.3
OUT_11898,1006.71
OUT_11899,143.53
OUT_11900,899.47
OUT_11901,105.31
OUT_11902,127.91
OUT_11903,154.48
OUT_11904,152.06
OUT_11905,158.15
OUT_11906,127.34
OUT_11907,134.22
OUT_11908,169.92
OUT_11909,907.24
OUT_11910,309.21
OUT_11911,1004.01
OUT_11912,283.59
OUT_11913,168.64
OUT_11914,285.48
OUT_11915,143.46
OUT_11916,108.27
OUT_11917,141.92
OUT_11918,124.26
OUT_11919,144.69
OUT_11920,1014.27
OUT_11921,143.91
OUT_11922,984.03
OUT_11923,113.93
OUT_11924,166.92
OUT_11925,105.88
OUT_11926,132.92
OUT_11927,137.61
OUT_11928,146.97
OUT_11929,1029.64
OUT_11930,158.17
OUT_11931,116.38
OUT_11932,132.24
OUT_11933,153.53
OUT_11934,333.64
OUT_11935,132.38
OUT_11936,116.98
OUT_11937,89.96
OUT_11938,135.76
OUT_11939,248.07
OUT_11940,334.57
OUT_11941,148.26
OUT_11942,340.33
OUT_11943,984.53
OUT_11944,891.57
OUT_11945,166.54
OUT_11946,89.74
OUT_11947,257.69
OUT_11948,94.83
OUT_11949,2271.26
OUT_11950,2205.86
OUT_11951,986.72
OUT_11952,114.14
OUT_11953,143.66
OUT_11954,232.74
OUT_11955,160.81
OUT_11956,143.66
OUT_11957,138.4
OUT_11958,1012.07
OUT_11959,104.76
OUT_11960,912.08
OUT_11961,1037.29
OUT_11962,289.38
OUT_11963,1169.64
OUT_11964,161.01
OUT_11965,269.73
OUT_11966,123.39
OUT_11967,162.45
OUT_11968,923.8
OUT_11969,977.89
OUT_11970,969.7
OUT_11971,130.19
OUT_11972,275.93
OUT_11973,141.52
OUT_11974,170.52
OUT_11975,248.01
OUT_11976,1036.64
OUT_11977,172.67
OUT_11978,277.48
OUT_11979,146.43
OUT_11980,118.42
OUT_11981,2154.89
OUT_11982,174.4
OUT_11983,287.7
OUT_11984,135.3
OUT_11985,157.11
OUT_11986,271.12
OUT_11987,249.71
OUT_11988,293.74
OUT_11989,307.06
OUT_11990,119.09
OUT_11991,283.72
OUT_11992,286.48
OUT_11993,266.45
OUT_11994,125.14
OUT_11995,312.16
OUT_11996,280.08
OUT_11997,154.38
OUT_11998,458.45
OUT_11999,124.14
OUT_12000,310.87
OUT_12001,146.73
OUT_12002,310.34
OUT_12003,281.18
OUT_12004,2201.81
OUT_12005,135.63
OUT_12006,271.22
OUT_12007,331.77
OUT_12008,964.95
OUT_12009,119.79
OUT_12010,190.58
OUT_12011,158.28
OUT_12012,1072.78
OUT_12013,289.24
OUT_12014,135.19
OUT_12015,2208.81
OUT_12016,114.06
OUT_12017,150.07
OUT_12018,147.25
OUT_12019,119.93
OUT_12020,151.27
OUT_12021,248.7
OUT_12022,326.38
OUT_12023,88.4
OUT_12024,127.1
OUT_12025,121.79
OUT_12026,2109.36
OUT_12027,124.16
OUT_12028,325.64
OUT_12029,134.12
OUT_12030,1173.46
OUT_12031,148.48
OUT_12032,294.06
OUT_12033,270.76
OUT_12034,141.54
OUT_12035,334.27
OUT_12036,1100.21
OUT_12037,150.59
OUT_12038,132.46
OUT_12039,142.85
OUT_12040,156.16
OUT_12041,329.9
OUT_12042,257.24
OUT_12043,262.89
OUT_12044,140.37
OUT_12045,301.04
OUT_12046,157.45
OUT_12047,144.23
OUT_12048,152.22
OUT_12049,962.73
OUT_12050,156.11
OUT_12051,129.75
OUT_12052,133.73
OUT_12053,107.84
OUT_12054,297.76
OUT_12055,1312.09
OUT_12056,139.91
OUT_12057,124.07
OUT_12058,1010.05
OUT_12059,90.14
OUT_12060,2214.27
OUT_12061,161.25
OUT_12062,304.55
OUT_12063,279.74
OUT_12064,260.03
OUT_12065,109.69
OUT_12066,119.06
OUT_12067,122.94
OUT_12068,141.77
OUT_12069,133.77
OUT_12070,294.87
OUT_12071,948.84
OUT_12072,127.95
OUT_12073,143.4
OUT_12074,1126.37
OUT_12075,113.06
OUT_12076,161.79
OUT_12077,151.57
OUT_12078,151.44
OUT_12079,92.6
OUT_12080,140.25
OUT_12081,959.14
OUT_12082,313.81
OUT_12083,955.31
OUT_12084,266.28
OUT_12085,163.6
OUT_12086,110.18
OUT_12087,155.69
OUT_12088,168.74
OUT_12089,136.19
OUT_12090,266.8
OUT_12091,943.65
OUT_12092,102.95
OUT_12093,139.97
OUT_12094,118.59
OUT_12095,242.99
OUT_12096,285.01
OUT_12097,146.86
OUT_12098,309.48
OUT_12099,131.09
OUT_12100,120.27
OUT_12101,120.68
OUT_12102,133.2
OUT_12103,153.73
OUT_12104,166.0
OUT_12105,153.24
OUT_12106,141.12
OUT_12107,134.97
OUT_12108,2277.25
OUT_12109,314.22
OUT_12110,319.37
OUT_12111,163.03
OUT_12112,151.57
OUT_12113,933.18
OUT_12114,139.68
OUT_12115,1011.32
OUT_12116,276.48
OUT_12117,130.0
OUT_12118,299.12
OUT_12119,127.73
OUT_12120,300.9
OUT_12121,348.48
OUT_12122,137.01
OUT_12123,318.23
OUT_12124,309.08
OUT_12125,283.64
OUT_12126,144.52
OUT_12127,119.34
OUT_12128,346.97
OUT_12129,128.74
OUT_12130,138.63
OUT_12131,2134.83
OUT_12132,138.23
OUT_12133,133.35
OUT_12134,309.34
OUT_12135,130.89
OUT_12136,237.05
OUT_12137,307.58
OUT_12138,1117.05
OUT_12139,1017.85
OUT_12140,130.06
OUT_12141,2246.17
OUT_12142,2161.75
OUT_12143,142.24
OUT_12144,155.89
OUT_12145,1108.19
OUT_12146,144.66
OUT_12147,113.06
OUT_12148,949.22
OUT_12149,157.81
OUT_12150,155.63
OUT_12151,111.24
OUT_12152,1150.83
OUT_12153,318.71
OUT_12154,259.33
OUT_12155,112.65
OUT_12156,158.34
OUT_12157,270.57
OUT_12158,150.69
OUT_12159,2241.15
OUT_12160,338.42
OUT_12161,137.98
OUT_12162,2127.19
OUT_12163,108.98
OUT_12164,125.63
OUT_12165,156.96
OUT_12166,105.5
OUT_12167,102.02
OUT_12168,103.17
OUT_12169,135.75
OUT_12170,270.09
OUT_12171,127.23
OUT_12172,296.0
OUT_12173,273.25
OUT_12174,249.35
OUT_12175,127.81
OUT_12176,259.44
OUT_12177,118.57
OUT_12178,122.54
OUT_12179,141.51
OUT_12180,113.63
OUT_12181,135.61
OUT_12182,299.57
OUT_12183,150.63
OUT_12184,333.22
OUT_12185,353.62
OUT_12186,151.34
OUT_12187,327.5
OUT_12188,120.91
OUT_12189,279.91
OUT_12190,129.57
OUT_12191,135.71
OUT_12192,145.14
OUT_12193,139.92
OUT_12194,348.25
OUT_12195,126.3
OUT_12196,162.02
OUT_12197,340.16
OUT_12198,285.41
OUT_12199,152.08
OUT_12200,988.73
OUT_12201,161.67
OUT_12202,141.14
OUT_12203,897.51
OUT_12204,134.4
OUT_12205,2175.45
OUT_12206,2132.44
OUT_12207,302.63
OUT_12208,325.72
OUT_12209,137.74
OUT_12210,107.78
OUT_12211,148.41
OUT_12212,113.55
OUT_12213,131.43
OUT_12214,262.87
OUT_12215,1155.5
OUT_12216,257.21
OUT_12217,120.28
OUT_12218,165.87
OUT_12219,166.95
OUT_12220,1084.4
OUT_12221,147.94
OUT_12222,121.19
OUT_12223,290.75
OUT_12224,977.92
OUT_12225,147.19
OUT_12226,153.0
OUT_12227,112.5
OUT_12228,122.49
OUT_12229,138.44
OUT_12230,149.76
OUT_12231,156.68
OUT_12232,172.09
OUT_12233,182.61
OUT_12234,119.18
OUT_12235,311.37
OUT_12236,125.47
OUT_12237,1024.56
OUT_12238,130.03
OUT_12239,244.21
OUT_12240,125.4
OUT_12241,111.59
OUT_12242,1058.75
OUT_12243,141.74
OUT_12244,298.56
OUT_12245,105.3
OUT_12246,112.3
OUT_12247,143.16
OUT_12248,326.07
OUT_12249,2091.52
OUT_12250,1031.92
OUT_12251,110.84
OUT_12252,130.92
OUT_12253,239.01
OUT_12254,154.78
OUT_12255,962.3
OUT_12256,935.54
OUT_12257,145.64
OUT_12258,2070.98
OUT_12259,283.85
OUT_12260,124.9
OUT_12261,161.76
OUT_12262,347.67
OUT_12263,2144.39
OUT_12264,2213.36
OUT_12265,284.16
OUT_12266,154.18
OUT_12267,339.08
OUT_12268,2274.78
OUT_12269,133.63
OUT_12270,297.02
OUT_12271,101.24
OUT_12272,321.63
OUT_12273,282.97
OUT_12274,140.61
OUT_12275,275.2
OUT_12276,144.24
OUT_12277,2150.09
OUT_12278,110.46
OUT_12279,279.11
OUT_12280,276.22
OUT_12281,300.92
OUT_12282,299.82
OUT_12283,1096.64
OUT_12284,117.16
OUT_12285,305.98
OUT_12286,157.05
OUT_12287,126.25
OUT_12288,115.53
OUT_12289,157.24
OUT_12290,128.07
OUT_12291,1008.55
OUT_12292,296.15
OUT_12293,146.91
OUT_12294,365.95
OUT_12295,1008.15
OUT_12296,162.28
OUT_12297,270.21
OUT_12298,283.82
OUT_12299,120.14
OUT_12300,137.68
OUT_12301,979.07
OUT_12302,136.44
OUT_12303,131.78
OUT_12304,131.82
OUT_12305,113.89
OUT_12306,2166.97
OUT_12307,142.21
OUT_12308,210.64
OUT_12309,140.59
OUT_12310,327.38
OUT_12311,358.1
OUT_12312,285.01
OUT_12313,141.47
OUT_12314,303.83
OUT_12315,146.9
OUT_12316,112.51
OUT_12317,137.98
OUT_12318,119.03
OUT_12319,136.27
OUT_12320,140.34
OUT_12321,137.15
OUT_12322,159.13
OUT_12323,136.98
OUT_12324,262.89
OUT_12325,288.61
OUT_12326,114.05
OUT_12327,1012.76
OUT_12328,274.76
OUT_12329,161.97
OUT_12330,134.16
OUT_12331,998.56
OUT_12332,228.34
OUT_12333,270.38
OUT_12334,2141.33
OUT_12335,310.13
OUT_12336,123.79
OUT_12337,127.93
OUT_12338,311.36
OUT_12339,159.85
OUT_12340,320.03
OUT_12341,116.18
OUT_12342,133.46
OUT_12343,1140.26
OUT_12344,275.02
OUT_12345,2302.51
OUT_12346,1004.59
OUT_12347,288.23
OUT_12348,2312.41
OUT_12349,352.22
OUT_12350,126.4
OUT_12351,145.22
OUT_12352,120.38
OUT_12353,111.35
OUT_12354,140.51
OUT_12355,331.75
OUT_12356,187.27
OUT_12357,106.63
OUT_12358,119.92
OUT_12359,132.72
OUT_12360,1063.79
OUT_12361,133.32
OUT_12362,103.84
OUT_12363,129.62
OUT_12364,141.08
OUT_12365,168.62
OUT_12366,151.44
OUT_12367,288.5
OUT_12368,2129.96
OUT_12369,910.33
OUT_12370,320.4
OUT_12371,1208.47
OUT_12372,2050.34
OUT_12373,243.74
OUT_12374,314.6
OUT_12375,314.3
OUT_12376,1087.55
OUT_12377,132.03
OUT_12378,311.57
OUT_12379,116.82
OUT_12380,152.03
OUT_12381,858.19
OUT_12382,105.99
OUT_12383,106.82
OUT_12384,966.92
OUT_12385,120.91
OUT_12386,127.41
OUT_12387,313.79
OUT_12388,953.52
OUT_12389,276.47
OUT_12390,163.7
OUT_12391,290.17
OUT_12392,172.6
OUT_12393,290.72
OUT_12394,957.79
OUT_12395,125.49
OUT_12396,1094.11
OUT_12397,124.23
OUT_12398,2098.99
OUT_12399,304.92
OUT_12400,2180.95
OUT_12401,1035.1
OUT_12402,314.55
OUT_12403,106.96
OUT_12404,120.07
OUT_12405,132.39
OUT_12406,274.13
OUT_12407,130.68
OUT_12408,147.61
OUT_12409,278.64
OUT_12410,335.78
OUT_12411,99.87
OUT_12412,289.84
OUT_12413,325.28
OUT_12414,1003.6
OUT_12415,288.39
OUT_12416,316.9
OUT_12417,968.35
OUT_12418,276.3
OUT_12419,146.44
OUT_12420,322.09
OUT_12421,286.45
OUT_12422,164.55
OUT_12423,300.67
OUT_12424,938.48
OUT_12425,2161.65
OUT_12426,106.4
OUT_12427,149.64
OUT_12428,124.61
OUT_12429,265.18
OUT_12430,281.27
OUT_12431,163.1
OUT_12432,144.21
OUT_12433,136.07
OUT_12434,280.94
OUT_12435,261.9
OUT_12436,1145.1
OUT_12437,114.82
OUT_12438,112.51
OUT_12439,148.97
OUT_12440,1056.57
OUT_12441,135.03
OUT_12442,344.74
OUT_12443,184.51
OUT_12444,932.93
OUT_12445,2190.0
OUT_12446,354.46
OUT_12447,148.49
OUT_12448,271.61
OUT_12449,145.62
OUT_12450,230.67
OUT_12451,139.33
OUT_12452,150.67
OUT_12453,114.06
OUT_12454,158.69
OUT_12455,132.28
OUT_12456,900.74
OUT_12457,155.98
OUT_12458,138.25
OUT_12459,318.79
OUT_12460,974.52
OUT_12461,126.17
OUT_12462,142.25
OUT_12463,984.8
OUT_12464,311.06
OUT_12465,95.42
OUT_12466,177.46
OUT_12467,138.0
OUT_12468,155.37
OUT_12469,1029.94
OUT_12470,332.79
OUT_12471,127.45
OUT_12472,138.41
OUT_12473,280.58
OUT_12474,116.82
OUT_12475,114.38
OUT_12476,280.46
OUT_12477,143.58
OUT_12478,116.59
OUT_12479,325.8
OUT_12480,1029.57
OUT_12481,113.25
OUT_12482,987.56
OUT_12483,909.87
OUT_12484,2213.75
OUT_12485,1063.77
OUT_12486,150.51
OUT_12487,113.77
OUT_12488,947.53
OUT_12489,149.15
OUT_12490,141.31
OUT_12491,119.57
OUT_12492,2149.02
OUT_12493,157.44
OUT_12494,2130.17
OUT_12495,331.3
OUT_12496,328.34
OUT_12497,112.5
OUT_12498,263.31
OUT_12499,122.29
OUT_12500,137.4
OUT_12501,279.55
OUT_12502,1035.35
OUT_12503,269.3
OUT_12504,119.77
OUT_12505,168.39
OUT_12506,154.77
OUT_12507,1174.5
OUT_12508,271.48
OUT_12509,1040.69
OUT_12510,158.51
OUT_12511,139.61
OUT_12512,293.52
OUT_12513,284.53
OUT_12514,2228.3
OUT_12515,260.36
OUT_12516,148.04
OUT_12517,147.19
OUT_12518,992.23
OUT_12519,129.18
OUT_12520,123.16
OUT_12521,143.89
OUT_12522,885.55
OUT_12523,286.47
OUT_12524,137.08
OUT_12525,130.17
OUT_12526,149.2
OUT_12527,126.52
OUT_12528,118.13
OUT_12529,999.95
OUT_12530,1021.77
OUT_12531,1088.78
OUT_12532,118.44
OUT_12533,124.83
OUT_12534,145.7
OUT_12535,151.32
OUT_12536,1041.33
OUT_12537,154.92
OUT_12538,272.04
OUT_12539,114.1
OUT_12540,139.64
OUT_12541,110.18
OUT_12542,323.55
OUT_12543,161.3
OUT_12544,314.32
OUT_12545,122.49
OUT_12546,98.17
OUT_12547,136.63
OUT_12548,146.79
OUT_12549,182.82
OUT_12550,137.69
OUT_12551,146.49
OUT_12552,979.49
OUT_12553,275.48
OUT_12554,171.23
OUT_12555,123.4
OUT_12556,112.64
OUT_12557,106.12
OUT_12558,127.53
OUT_12559,110.66
OUT_12560,148.27
OUT_12561,2127.06
OUT_12562,1006.3
OUT_12563,941.72
OUT_12564,291.66
OUT_12565,158.42
OUT_12566,141.64
OUT_12567,167.95
OUT_12568,136.49
OUT_12569,934.38
OUT_12570,338.44
OUT_12571,132.36
OUT_12572,1015.06
OUT_12573,153.45
OUT_12574,116.18
OUT_12575,266.83
OUT_12576,140.92
OUT_12577,105.47
OUT_12578,280.06
OUT_12579,290.59
OUT_12580,1002.99
OUT_12581,1044.14
OUT_12582,980.09
OUT_12583,126.93
OUT_12584,113.35
OUT_12585,104.24
OUT_12586,142.61
OUT_12587,1007.18
OUT_12588,2321.91
OUT_12589,156.23
OUT_12590,109.83
OUT_12591,308.15
OUT_12592,2109.49
OUT_12593,332.68
OUT_12594,942.34
OUT_12595,311.85
OUT_12596,1155.45
OUT_12597,140.17
OUT_12598,1169.35
OUT_12599,161.82
OUT_12600,319.64
OUT_12601,124.69
OUT_12602,144.25
OUT_12603,1045.49
OUT_12604,303.96
OUT_12605,354.43
OUT_12606,284.72
OUT_12607,287.18
OUT_12608,143.42
OUT_12609,167.26
OUT_12610,173.59
OUT_12611,299.29
OUT_12612,157.3
OUT_12613,147.64
OUT_12614,170.46
OUT_12615,334.23
OUT_12616,152.89
OUT_12617,96.76
OUT_12618,238.66
OUT_12619,175.26
OUT_12620,146.98
OUT_12621,1087.54
OUT_12622,139.45
OUT_12623,972.72
OUT_12624,2084.89
OUT_12625,2131.89
OUT_12626,122.31
OUT_12627,123.51
OUT_12628,294.42
OUT_12629,1018.07
OUT_12630,327.14
OUT_12631,139.54
OUT_12632,1011.55
OUT_12633,125.0
OUT_12634,147.21
OUT_12635,313.08
OUT_12636,127.53
OUT_12637,135.28
OUT_12638,2157.4
OUT_12639,129.54
OUT_12640,135.67
OUT_12641,1028.76
OUT_12642,2074.44
OUT_12643,294.21
OUT_12644,333.14
OUT_12645,141.95
OUT_12646,137.27
OUT_12647,172.78
OUT_12648,100.22
OUT_12649,144.19
OUT_12650,148.01
OUT_12651,107.82
OUT_12652,282.14
OUT_12653,303.1
OUT_12654,1023.88
OUT_12655,145.71
OUT_12656,151.99
OUT_12657,168.25
OUT_12658,2278.42
OUT_12659,153.35
OUT_12660,298.32
OUT_12661,131.39
OUT_12662,143.14
OUT_12663,133.12
OUT_12664,266.16
OUT_12665,151.03
OUT_12666,985.05
OUT_12667,151.0
OUT_12668,322.28
OUT_12669,110.7
OUT_12670,257.97
OUT_12671,160.14
OUT_12672,981.52
OUT_12673,163.34
OUT_12674,163.89
OUT_12675,2254.95
OUT_12676,117.84
OUT_12677,307.62
OUT_12678,263.56
OUT_12679,175.37
OUT_12680,131.98
OUT_12681,134.79
OUT_12682,1128.6
OUT_12683,2125.02
OUT_12684,113.37
OUT_12685,138.3
OUT_12686,156.41
OUT_12687,115.9
OUT_12688,130.31
OUT_12689,332.19
OUT_12690,288.82
OUT_12691,2174.9
OUT_12692,246.44
OUT_12693,311.0
OUT_12694,174.79
OUT_12695,110.92
OUT_12696,158.32
OUT_12697,1034.18
OUT_12698,246.05
OUT_12699,120.3
OUT_12700,125.32
OUT_12701,151.19
OUT_12702,940.57
OUT_12703,106.77
OUT_12704,1009.65
OUT_12705,986.53
OUT_12706,296.98
OUT_12707,271.76
OUT_12708,108.03
OUT_12709,294.08
OUT_12710,128.17
OUT_12711,106.48
OUT_12712,245.18
OUT_12713,165.58
OUT_12714,271.6
OUT_12715,126.13
OUT_12716,319.51
OUT_12717,275.19
OUT_12718,115.22
OUT_12719,292.99
OUT_12720,176.98
OUT_12721,137.02
OUT_12722,301.36
OUT_12723,135.14
OUT_12724,140.59
OUT_12725,107.13
OUT_12726,133.71
OUT_12727,141.81
OUT_12728,2154.17
OUT_12729,302.93
OUT_12730,976.67
OUT_12731,304.23
OUT_12732,142.39
OUT_12733,155.41
OUT_12734,917.84
OUT_12735,321.46
OUT_12736,126.48
OUT_12737,137.68
OUT_12738,137.06
OUT_12739,138.26
OUT_12740,1075.09
OUT_12741,154.1
OUT_12742,2212.16
OUT_12743,339.99
OUT_12744,315.87
OUT_12745,944.22
OUT_12746,138.5
OUT_12747,104.75
OUT_12748,177.78
OUT_12749,114.45
OUT_12750,223.32
OUT_12751,140.56
OUT_12752,127.96
OUT_12753,311.32
OUT_12754,958.54
OUT_12755,306.56
OUT_12756,111.63
OUT_12757,117.95
OUT_12758,122.4
OUT_12759,148.67
OUT_12760,127.79
OUT_12761,118.48
OUT_12762,121.42
OUT_12763,243.19
OUT_12764,124.65
OUT_12765,117.33
OUT_12766,166.86
OUT_12767,134.82
OUT_12768,114.06
OUT_12769,1028.66
OUT_12770,122.92
OUT_12771,143.79
OUT_12772,124.19
OUT_12773,131.66
OUT_12774,155.75
OUT_12775,150.29
OUT_12776,134.89
OUT_12777,297.02
OUT_12778,90.37
OUT_12779,129.62
OUT_12780,118.77
OUT_12781,150.88
OUT_12782,288.13
OUT_12783,995.52
OUT_12784,307.22
OUT_12785,284.5
OUT_12786,131.27
OUT_12787,176.4
OUT_12788,272.76
OUT_12789,326.36
OUT_12790,280.52
OUT_12791,137.93
OUT_12792,292.19
OUT_12793,368.78
OUT_12794,133.7
OUT_12795,104.03
OUT_12796,147.8
OUT_12797,151.62
OUT_12798,141.67
OUT_12799,133.28
OUT_12800,153.35
OUT_12801,284.21
OUT_12802,122.94
OUT_12803,126.29
OUT_12804,991.77
OUT_12805,149.76
OUT_12806,294.37
OUT_12807,1015.19
OUT_12808,160.27
OUT_12809,234.3
OUT_12810,294.47
OUT_12811,271.91
OUT_12812,152.95
OUT_12813,321.68
OUT_12814,338.19
OUT_12815,889.55
OUT_12816,309.32
OUT_12817,268.96
OUT_12818,145.47
OUT_12819,104.56
OUT_12820,894.49
OUT_12821,251.17
OUT_12822,144.07
OUT_12823,99.13
OUT_12824,131.22
OUT_12825,137.2
OUT_12826,145.31
OUT_12827,110.41
OUT_12828,109.76
OUT_12829,142.06
OUT_12830,140.85
OUT_12831,137.41
OUT_12832,306.18
OUT_12833,324.8
OUT_12834,2245.52
OUT_12835,162.66
OUT_12836,299.43
OUT_12837,153.71
OUT_12838,103.49
OUT_12839,131.51
OUT_12840,140.34
OUT_12841,138.9
OUT_12842,853.6
OUT_12843,335.25
OUT_12844,298.27
OUT_12845,313.98
OUT_12846,138.93
OUT_12847,100.67
OUT_12848,2180.67
OUT_12849,288.39
OUT_12850,153.07
OUT_12851,248.87
OUT_12852,110.72
OUT_12853,152.48
OUT_12854,158.52
OUT_12855,2188.23
OUT_12856,134.08
OUT_12857,906.87
OUT_12858,137.25
OUT_12859,154.68
OUT_12860,165.61
OUT_12861,299.06
OUT_12862,290.19
OUT_12863,1136.4
OUT_12864,149.67
OUT_12865,2348.57
OUT_12866,145.6
OUT_12867,309.14
OUT_12868,108.8
OUT_12869,85.38
OUT_12870,185.31
OUT_12871,155.57
OUT_12872,137.15
OUT_12873,2106.6
OUT_12874,2319.7
OUT_12875,989.44
OUT_12876,242.05
OUT_12877,166.39
OUT_12878,132.92
OUT_12879,301.69
OUT_12880,147.0
OUT_12881,315.85
OUT_12882,2110.99
OUT_12883,321.55
OUT_12884,145.63
OUT_12885,270.63
OUT_12886,253.8
OUT_12887,112.99
OUT_12888,153.57
OUT_12889,272.95
OUT_12890,2112.67
OUT_12891,280.89
OUT_12892,282.39
OUT_12893,136.85
OUT_12894,127.54
OUT_12895,104.52
OUT_12896,314.97
OUT_12897,162.53
OUT_12898,136.88
OUT_12899,130.73
OUT_12900,1008.98
OUT_12901,114.64
OUT_12902,92.75
OUT_12903,163.15
OUT_12904,276.52
OUT_12905,1024.55
OUT_12906,1008.83
OUT_12907,972.44
OUT_12908,137.75
OUT_12909,265.77
OUT_12910,154.9
OUT_12911,981.5
OUT_12912,134.91
OUT_12913,310.3
OUT_12914,120.42
OUT_12915,330.63
OUT_12916,169.64
OUT_12917,126.63
OUT_12918,252.87
OUT_12919,141.03
OUT_12920,152.97
OUT_12921,237.4
OUT_12922,114.44
OUT_12923,1061.07
OUT_12924,344.43
OUT_12925,308.03
OUT_12926,917.8
OUT_12927,159.04
OUT_12928,130.67
OUT_12929,126.22
OUT_12930,340.8
OUT_12931,162.2
OUT_12932,2240.01
OUT_12933,298.56
OUT_12934,319.28
OUT_12935,974.42
OUT_12936,152.84
OUT_12937,125.1
OUT_12938,139.83
OUT_12939,2061.93
OUT_12940,116.07
OUT_12941,986.66
OUT_12942,316.74
OUT_12943,144.63
OUT_12944,295.49
OUT_12945,294.82
OUT_12946,258.97
OUT_12947,110.93
OUT_12948,114.34
OUT_12949,940.15
OUT_12950,301.52
OUT_12951,350.74
OUT_12952,128.56
OUT_12953,987.05
OUT_12954,125.32
OUT_12955,101.85
OUT_12956,130.69
OUT_12957,132.49
OUT_12958,355.74
OUT_12959,144.4
OUT_12960,279.79
OUT_12961,899.23
OUT_12962,125.49
OUT_12963,270.18
OUT_12964,136.64
OUT_12965,1001.29
OUT_12966,149.14
OUT_12967,131.84
OUT_12968,149.2
OUT_12969,2250.16
OUT_12970,291.27
OUT_12971,955.43
OUT_12972,268.94
OUT_12973,119.22
OUT_12974,2211.44
OUT_12975,137.01
OUT_12976,923.48
OUT_12977,983.17
OUT_12978,2089.3
OUT_12979,302.72
OUT_12980,124.09
OUT_12981,132.86
OUT_12982,343.89
OUT_12983,144.48
OUT_12984,139.96
OUT_12985,919.38
OUT_12986,1008.24
OUT_12987,2304.79
OUT_12988,143.24
OUT_12989,176.68
OUT_12990,331.46
OUT_12991,1027.02
OUT_12992,278.95
OUT_12993,1011.97
OUT_12994,255.99
OUT_12995,116.1
OUT_12996,302.67
OUT_12997,272.11
OUT_12998,142.56
OUT_12999,117.62
OUT_13000,265.48
OUT_13001,146.88
OUT_13002,122.54
OUT_13003,118.0
OUT_13004,304.87
OUT_13005,165.55
OUT_13006,101.84
OUT_13007,95.44
OUT_13008,2137.58
OUT_13009,107.08
OUT_13010,893.1
OUT_13011,137.77
OUT_13012,122.41
OUT_13013,132.02
OUT_13014,166.57
OUT_13015,279.34
OUT_13016,123.27
OUT_13017,1052.63
OUT_13018,247.59
OUT_13019,1025.98
OUT_13020,280.8
OUT_13021,128.3
OUT_13022,116.2
OUT_13023,2273.22
OUT_13024,146.94
OUT_13025,106.43
OUT_13026,891.62
OUT_13027,234.35
OUT_13028,144.38
OUT_13029,276.87
OUT_13030,112.78
OUT_13031,109.93
OUT_13032,1039.39
OUT_13033,132.47
OUT_13034,126.12
OUT_13035,2141.83
OUT_13036,244.04
OUT_13037,130.9
OUT_13038,131.72
OUT_13039,289.79
OUT_13040,144.69
OUT_13041,126.68
OUT_13042,118.06
OUT_13043,118.58
OUT_13044,302.46
OUT_13045,131.08
OUT_13046,134.19
OUT_13047,140.44
OUT_13048,131.46
OUT_13049,163.17
OUT_13050,137.65
OUT_13051,132.22
OUT_13052,882.11
OUT_13053,290.39
OUT_13054,118.84
OUT_13055,2033.08
OUT_13056,237.66
OUT_13057,1117.51
OUT_13058,144.93
OUT_13059,106.61
OUT_13060,127.96
OUT_13061,127.86
OUT_13062,108.69
OUT_13063,882.99
OUT_13064,103.36
OUT_13065,133.73
OUT_13066,234.88
OUT_13067,126.54
OUT_13068,165.16
OUT_13069,101.83
OUT_13070,124.44
OUT_13071,107.73
OUT_13072,867.79
OUT_13073,124.05
OUT_13074,122.98
OUT_13075,292.38
OUT_13076,249.23
OUT_13077,150.17
OUT_13078,128.7
OUT_13079,149.58
OUT_13080,114.77
OUT_13081,131.28
OUT_13082,157.21
OUT_13083,138.78
OUT_13084,159.2
OUT_13085,124.89
OUT_13086,123.81
OUT_13087,139.94
OUT_13088,959.43
OUT_13089,137.02
OUT_13090,120.49
OUT_13091,298.57
OUT_13092,323.44
OUT_13093,263.64
OUT_13094,163.0
OUT_13095,226.09
OUT_13096,313.97
OUT_13097,930.38
OUT_13098,158.12
OUT_13099,158.05
OUT_13100,118.81
OUT_13101,276.19
OUT_13102,109.91
OUT_13103,124.41
OUT_13104,281.58
OUT_13105,904.98
OUT_13106,121.75
OUT_13107,121.35
OUT_13108,97.82
OUT_13109,275.38
OUT_13110,131.42
OUT_13111,262.04
OUT_13112,156.35
OUT_13113,2260.9
OUT_13114,128.62
OUT_13115,138.93
OUT_13116,345.19
OUT_13117,141.68
OUT_13118,2031.11
OUT_13119,237.65
OUT_13120,245.32
OUT_13121,115.02
OUT_13122,98.91
OUT_13123,108.29
OUT_13124,101.92
OUT_13125,245.16
OUT_13126,126.73
OUT_13127,91.94
OUT_13128,874.19
OUT_13129,246.58
OUT_13130,273.8
OUT_13131,140.89
OUT_13132,128.81
OUT_13133,107.05
OUT_13134,105.41
OUT_13135,956.83
OUT_13136,126.31
OUT_13137,128.63
OUT_13138,112.57
OUT_13139,163.57
OUT_13140,2042.55
OUT_13141,281.73
OUT_13142,153.88
OUT_13143,146.59
OUT_13144,923.21
OUT_13145,116.05
OUT_13146,122.21
OUT_13147,136.28
OUT_13148,268.28
OUT_13149,1009.51
OUT_13150,251.67
OUT_13151,331.84
OUT_13152,239.39
OUT_13153,259.08
OUT_13154,114.08
OUT_13155,122.97
OUT_13156,138.34
OUT_13157,259.74
OUT_13158,995.94
OUT_13159,137.65
OUT_13160,123.81
OUT_13161,126.71
OUT_13162,144.82
OUT_13163,113.51
OUT_13164,147.28
OUT_13165,302.72
OUT_13166,142.94
OUT_13167,308.68
OUT_13168,924.43
OUT_13169,126.89
OUT_13170,289.11
OUT_13171,247.13
OUT_13172,245.61
OUT_13173,899.93
OUT_13174,124.47
OUT_13175,116.02
OUT_13176,104.56
OUT_13177,306.23
OUT_13178,118.04
OUT_13179,122.02
OUT_13180,250.88
OUT_13181,126.11
OUT_13182,136.78
OUT_13183,117.83
OUT_13184,261.55
OUT_13185,268.54
OUT_13186,236.3
OUT_13187,103.39
OUT_13188,307.75
OUT_13189,245.77
OUT_13190,145.77
OUT_13191,126.98
OUT_13192,120.28
OUT_13193,126.24
OUT_13194,295.82
OUT_13195,112.93
OUT_13196,116.31
OUT_13197,146.29
OUT_13198,283.25
OUT_13199,112.74
OUT_13200,89.36
OUT_13201,342.46
OUT_13202,138.89
OUT_13203,294.96
OUT_13204,113.58
OUT_13205,142.84
OUT_13206,967.35
OUT_13207,156.94
OUT_13208,162.01
OUT_13209,134.43
OUT_13210,231.57
OUT_13211,141.21
OUT_13212,116.95
OUT_13213,260.44
OUT_13214,130.11
OUT_13215,130.7
OUT_13216,107.54
OUT_13217,104.3
OUT_13218,138.98
OUT_13219,148.09
OUT_13220,925.73
OUT_13221,129.81
OUT_13222,111.54
OUT_13223,280.43
OUT_13224,149.49
OUT_13225,149.38
OUT_13226,140.06
OUT_13227,305.28
OUT_13228,1030.99
OUT_13229,131.76
OUT_13230,2108.01
OUT_13231,928.52
OUT_13232,2028.32
OUT_13233,159.6
OUT_13234,2237.56
OUT_13235,159.87
OUT_13236,141.22
OUT_13237,2153.07
OUT_13238,973.16
OUT_13239,153.39
OUT_13240,2238.31
OUT_13241,306.88
OUT_13242,125.06
OUT_13243,237.01
OUT_13244,136.09
OUT_13245,125.25
OUT_13246,258.48
OUT_13247,147.97
OUT_13248,128.03
OUT_13249,122.18
OUT_13250,153.57
OUT_13251,129.16
OUT_13252,959.79
OUT_13253,123.11
OUT_13254,2159.0
OUT_13255,115.6
OUT_13256,1142.68
OUT_13257,110.83
OUT_13258,283.38
OUT_13259,133.85
OUT_13260,134.86
OUT_13261,154.13
OUT_13262,118.15
OUT_13263,105.73
OUT_13264,277.49
OUT_13265,115.34
OUT_13266,2213.11
OUT_13267,138.8
OUT_13268,153.45
OUT_13269,1016.12
OUT_13270,932.06
OUT_13271,1042.6
OUT_13272,949.76
OUT_13273,139.61
OUT_13274,134.63
OUT_13275,124.24
OUT_13276,162.65
OUT_13277,311.29
OUT_13278,139.33
OUT_13279,282.3
OUT_13280,248.54
OUT_13281,912.91
OUT_13282,115.58
OUT_13283,113.26
OUT_13284,928.55
OUT_13285,939.55
OUT_13286,284.74
OUT_13287,137.59
OUT_13288,898.07
OUT_13289,1028.73
OUT_13290,110.14
OUT_13291,145.33
OUT_13292,267.09
OUT_13293,246.06
OUT_13294,269.85
OUT_13295,83.29
OUT_13296,2005.4
OUT_13297,266.18
OUT_13298,246.58
OUT_13299,116.46
OUT_13300,114.87
OUT_13301,131.64
OUT_13302,251.14
OUT_13303,272.42
OUT_13304,118.07
OUT_13305,115.32
OUT_13306,158.22
OUT_13307,115.31
OUT_13308,117.88
OUT_13309,271.58
OUT_13310,149.17
OUT_13311,291.68
OUT_13312,121.48
OUT_13313,139.03
OUT_13314,2124.9
OUT_13315,137.54
OUT_13316,147.17
OUT_13317,113.67
OUT_13318,892.25
OUT_13319,1180.87
OUT_13320,936.44
OUT_13321,115.44
OUT_13322,107.18
OUT_13323,132.24
OUT_13324,253.02
OUT_13325,110.35
OUT_13326,138.26
OUT_13327,141.61
OUT_13328,154.5
OUT_13329,145.12
OUT_13330,113.77
OUT_13331,130.3
OUT_13332,151.71
OUT_13333,2197.06
OUT_13334,326.17
OUT_13335,2147.18
OUT_13336,138.01
OUT_13337,105.16
OUT_13338,969.52
OUT_13339,1147.91
OUT_13340,144.47
OUT_13341,149.04
OUT_13342,137.96
OUT_13343,1136.89
OUT_13344,122.4
OUT_13345,157.83
OUT_13346,121.36
OUT_13347,2124.11
OUT_13348,100.61
OUT_13349,126.14
OUT_13350,1066.28
OUT_13351,279.95
OUT_13352,293.22
OUT_13353,313.12
OUT_13354,148.63
OUT_13355,246.23
OUT_13356,91.51
OUT_13357,121.2
OUT_13358,108.26
OUT_13359,169.03
OUT_13360,253.99
OUT_13361,126.58
OUT_13362,90.89
OUT_13363,117.09
OUT_13364,306.9
OUT_13365,137.86
OUT_13366,250.7
OUT_13367,121.81
OUT_13368,250.7
OUT_13369,285.63
OUT_13370,1104.89
OUT_13371,120.74
OUT_13372,135.15
OUT_13373,129.34
OUT_13374,108.71
OUT_13375,115.54
OUT_13376,358.27
OUT_13377,319.48
OUT_13378,140.23
OUT_13379,2064.88
OUT_13380,280.5
OUT_13381,136.87
OUT_13382,171.7
OUT_13383,137.33
OUT_13384,270.19
OUT_13385,297.02
OUT_13386,120.7
OUT_13387,250.3
OUT_13388,230.98
OUT_13389,262.26
OUT_13390,1117.93
OUT_13391,282.92
OUT_13392,1008.02
OUT_13393,110.33
OUT_13394,144.09
OUT_13395,870.6
OUT_13396,129.82
OUT_13397,141.68
OUT_13398,149.36
OUT_13399,145.2
OUT_13400,118.01
OUT_13401,232.25
OUT_13402,348.24
OUT_13403,2172.82
OUT_13404,134.99
OUT_13405,322.76
OUT_13406,159.83
OUT_13407,121.74
OUT_13408,136.3
OUT_13409,221.74
OUT_13410,980.96
OUT_13411,143.02
OUT_13412,2090.31
OUT_13413,269.43
OUT_13414,955.16
OUT_13415,102.42
OUT_13416,245.35
OUT_13417,1080.81
OUT_13418,152.83
OUT_13419,99.92
OUT_13420,111.82
OUT_13421,147.61
OUT_13422,134.86
OUT_13423,147.77
OUT_13424,143.01
OUT_13425,125.38
OUT_13426,125.01
OUT_13427,139.97
OUT_13428,133.94
OUT_13429,125.06
OUT_13430,885.25
OUT_13431,103.98
OUT_13432,125.27
OUT_13433,136.65
OUT_13434,157.79
OUT_13435,122.21
OUT_13436,152.4
OUT_13437,156.32
OUT_13438,130.14
OUT_13439,145.55
OUT_13440,1016.98
OUT_13441,124.45
OUT_13442,1118.03
OUT_13443,270.38
OUT_13444,123.73
OUT_13445,146.94
OUT_13446,964.09
OUT_13447,307.65
OUT_13448,985.42
OUT_13449,120.46
OUT_13450,269.59
OUT_13451,123.81
OUT_13452,143.63
OUT_13453,1041.12
OUT_13454,144.73
OUT_13455,272.05
OUT_13456,164.57
OUT_13457,238.96
OUT_13458,974.34
OUT_13459,147.98
OUT_13460,152.8
OUT_13461,139.95
OUT_13462,286.56
OUT_13463,146.91
OUT_13464,281.76
OUT_13465,144.15
OUT_13466,122.51
OUT_13467,161.8
OUT_13468,1132.36
OUT_13469,943.04
OUT_13470,250.3
OUT_13471,135.91
OUT_13472,247.51
OUT_13473,142.5
OUT_13474,117.48
OUT_13475,133.04
OUT_13476,259.93
OUT_13477,967.87
OUT_13478,251.05
OUT_13479,49.81
OUT_13480,152.12
OUT_13481,2124.15
OUT_13482,259.57
OUT_13483,101.8
OUT_13484,234.99
OUT_13485,813.04
OUT_13486,135.61
OUT_13487,118.47
OUT_13488,275.9
OUT_13489,280.05
OUT_13490,322.79
OUT_13491,120.92
OUT_13492,146.81
OUT_13493,133.53
OUT_13494,105.55
OUT_13495,140.08
OUT_13496,1108.53
OUT_13497,143.7
OUT_13498,279.45
OUT_13499,301.3
OUT_13500,255.04
OUT_13501,291.73
OUT_13502,138.54
OUT_13503,153.49
OUT_13504,919.38
OUT_13505,953.59
OUT_13506,1138.94
OUT_13507,277.61
OUT_13508,160.1
OUT_13509,279.23
OUT_13510,156.21
OUT_13511,118.1
OUT_13512,147.98
OUT_13513,143.52
OUT_13514,2146.1
OUT_13515,275.19
OUT_13516,876.33
OUT_13517,255.73
OUT_13518,85.29
OUT_13519,129.22
OUT_13520,895.06
OUT_13521,151.4
OUT_13522,1098.35
OUT_13523,159.9
OUT_13524,263.35
OUT_13525,137.58
OUT_13526,1000.6
OUT_13527,974.42
OUT_13528,148.57
OUT_13529,115.86
OUT_13530,931.76
OUT_13531,263.49
OUT_13532,131.31
OUT_13533,266.02
OUT_13534,2170.12
OUT_13535,129.51
OUT_13536,942.65
OUT_13537,143.25
OUT_13538,123.14
OUT_13539,275.2
OUT_13540,2168.9
OUT_13541,108.64
OUT_13542,139.56
OUT_13543,291.41
OUT_13544,237.5
OUT_13545,232.39
OUT_13546,259.0
OUT_13547,275.88
OUT_13548,145.98
OUT_13549,319.9
OUT_13550,111.27
OUT_13551,267.28
OUT_13552,163.82
OUT_13553,140.81
OUT_13554,293.77
OUT_13555,126.21
OUT_13556,1056.47
OUT_13557,145.19
OUT_13558,156.29
OUT_13559,125.52
OUT_13560,2204.5
OUT_13561,161.14
OUT_13562,878.23
OUT_13563,921.56
OUT_13564,145.38
OUT_13565,134.18
OUT_13566,98.36
OUT_13567,125.57
OUT_13568,288.12
OUT_13569,109.05
OUT_13570,159.01
OUT_13571,152.83
OUT_13572,122.2
OUT_13573,143.72
OUT_13574,1010.42
OUT_13575,1004.87
OUT_13576,127.53
OUT_13577,110.93
OUT_13578,143.27
OUT_13579,1032.88
OUT_13580,255.24
OUT_13581,107.89
OUT_13582,245.33
OUT_13583,135.18
OUT_13584,121.48
OUT_13585,146.39
OUT_13586,111.19
OUT_13587,150.29
OUT_13588,141.18
OUT_13589,117.5
OUT_13590,266.43
OUT_13591,102.94
OUT_13592,287.53
OUT_13593,107.41
OUT_13594,138.15
OUT_13595,969.93
OUT_13596,837.23
OUT_13597,130.69
OUT_13598,159.52
OUT_13599,2075.7
OUT_13600,175.17
OUT_13601,137.63
OUT_13602,310.0
OUT_13603,889.25
OUT_13604,126.24
OUT_13605,290.49
OUT_13606,133.37
OUT_13607,262.83
OUT_13608,247.67
OUT_13609,124.59
OUT_13610,142.18
OUT_13611,878.18
OUT_13612,129.15
OUT_13613,2211.7
OUT_13614,328.15
OUT_13615,106.27
OUT_13616,121.27
OUT_13617,265.19
OUT_13618,2070.01
OUT_13619,245.08
OUT_13620,1090.83
OUT_13621,144.85
OUT_13622,264.56
OUT_13623,312.67
OUT_13624,246.89
OUT_13625,264.59
OUT_13626,311.64
OUT_13627,321.54
OUT_13628,136.0
OUT_13629,121.22
OUT_13630,126.3
OUT_13631,317.12
OUT_13632,146.55
OUT_13633,289.75
OUT_13634,967.5
OUT_13635,119.29
OUT_13636,132.63
OUT_13637,118.05
OUT_13638,277.67
OUT_13639,2118.2
OUT_13640,274.38
OUT_13641,269.46
OUT_13642,949.36
OUT_13643,142.72
OUT_13644,935.44
OUT_13645,865.88
OUT_13646,111.13
OUT_13647,2068.19
OUT_13648,2131.38
OUT_13649,1011.93
OUT_13650,87.46
OUT_13651,327.32
OUT_13652,155.74
OUT_13653,131.45
OUT_13654,251.81
OUT_13655,112.25
OUT_13656,169.92
OUT_13657,268.33
OUT_13658,135.2
OUT_13659,131.35
OUT_13660,229.7
OUT_13661,127.44
OUT_13662,300.65
OUT_13663,268.14
OUT_13664,826.97
OUT_13665,2161.84
OUT_13666,139.57
OUT_13667,139.67
OUT_13668,280.36
OUT_13669,146.39
OUT_13670,979.28
OUT_13671,232.96
OUT_13672,283.45
OUT_13673,120.28
OUT_13674,130.29
OUT_13675,156.37
OUT_13676,128.07
OUT_13677,965.42
OUT_13678,1013.93
OUT_13679,116.19
OUT_13680,137.18
OUT_13681,137.56
OUT_13682,118.06
OUT_13683,326.82
OUT_13684,254.14
OUT_13685,119.17
OUT_13686,109.24
OUT_13687,270.36
OUT_13688,145.14
OUT_13689,145.74
OUT_13690,149.15
OUT_13691,240.94
OUT_13692,133.95
OUT_13693,250.74
OUT_13694,2171.5
OUT_13695,139.31
OUT_13696,275.4
OUT_13697,254.98
OUT_13698,122.51
OUT_13699,270.0
OUT_13700,120.81
OUT_13701,95.57
OUT_13702,294.15
OUT_13703,118.1
OUT_13704,124.58
OUT_13705,159.12
OUT_13706,95.43
OUT_13707,142.36
OUT_13708,120.6
OUT_13709,122.91
OUT_13710,124.37
OUT_13711,139.92
OUT_13712,168.87
OUT_13713,142.01
OUT_13714,111.9
OUT_13715,998.66
OUT_13716,1007.94
OUT_13717,258.01
OUT_13718,924.36
OUT_13719,282.35
OUT_13720,114.52
OUT_13721,290.21
OUT_13722,246.48
OUT_13723,306.41
OUT_13724,125.65
OUT_13725,145.5
OUT_13726,269.77
OUT_13727,157.54
OUT_13728,136.79
OUT_13729,125.08
OUT_13730,148.6
OUT_13731,106.36
OUT_13732,248.47
OUT_13733,161.7
OUT_13734,1074.68
OUT_13735,82.19
OUT_13736,933.26
OUT_13737,993.39
OUT_13738,172.0
OUT_13739,128.93
OUT_13740,95.97
OUT_13741,96.71
OUT_13742,1123.42
OUT_13743,127.91
OUT_13744,148.89
OUT_13745,97.34
OUT_13746,122.47
OUT_13747,265.99
OUT_13748,114.87
OUT_13749,140.81
OUT_13750,312.97
OUT_13751,145.3
OUT_13752,242.81
OUT_13753,2379.22
OUT_13754,135.24
OUT_13755,259.32
OUT_13756,144.89
OUT_13757,922.87
OUT_13758,1080.51
OUT_13759,165.01
OUT_13760,266.5
OUT_13761,997.86
OUT_13762,989.53
OUT_13763,938.7
OUT_13764,122.76
OUT_13765,107.29
OUT_13766,115.45
OUT_13767,227.46
OUT_13768,227.48
OUT_13769,158.52
OUT_13770,115.08
OUT_13771,149.43
OUT_13772,122.23
OUT_13773,253.12
OUT_13774,127.38
OUT_13775,139.1
OUT_13776,283.68
OUT_13777,239.47
OUT_13778,142.52
OUT_13779,127.26
OUT_13780,913.31
OUT_13781,98.28
OUT_13782,136.13
OUT_13783,130.01
OUT_13784,107.19
OUT_13785,115.44
OUT_13786,302.55
OUT_13787,120.85
OUT_13788,111.92
OUT_13789,246.03
OUT_13790,315.52
OUT_13791,1034.58
OUT_13792,105.59
OUT_13793,258.86
OUT_13794,145.15
OUT_13795,148.57
OUT_13796,257.9
OUT_13797,123.98
OUT_13798,107.48
OUT_13799,156.5
OUT_13800,843.74
OUT_13801,2181.32
OUT_13802,905.94
OUT_13803,120.77
OUT_13804,132.39
OUT_13805,138.81
OUT_13806,250.71
OUT_13807,296.86
OUT_13808,2184.33
OUT_13809,113.9
OUT_13810,148.58
OUT_13811,290.0
OUT_13812,855.56
OUT_13813,2090.3
OUT_13814,149.53
OUT_13815,967.95
OUT_13816,142.68
OUT_13817,205.53
OUT_13818,268.15
OUT_13819,264.18
OUT_13820,118.33
OUT_13821,1006.41
OUT_13822,92.63
OUT_13823,276.88
OUT_13824,164.31
OUT_13825,131.18
OUT_13826,240.03
OUT_13827,231.03
OUT_13828,2111.48
OUT_13829,266.32
OUT_13830,154.91
OUT_13831,265.91
OUT_13832,156.64
OUT_13833,319.85
OUT_13834,279.39
OUT_13835,218.33
OUT_13836,108.57
OUT_13837,112.23
OUT_13838,111.87
OUT_13839,324.15
OUT_13840,315.27
OUT_13841,144.56
OUT_13842,147.27
OUT_13843,287.26
OUT_13844,161.85
OUT_13845,117.92
OUT_13846,141.5
OUT_13847,263.33
OUT_13848,152.76
OUT_13849,116.79
OUT_13850,142.96
OUT_13851,892.02
OUT_13852,167.63
OUT_13853,151.46
OUT_13854,143.46
OUT_13855,153.81
OUT_13856,162.27
OUT_13857,956.82
OUT_13858,951.66
OUT_13859,142.42
OUT_13860,80.96
OUT_13861,142.03
OUT_13862,148.64
OUT_13863,138.59
OUT_13864,134.74
OUT_13865,125.15
OUT_13866,132.32
OUT_13867,134.16
OUT_13868,140.28
OUT_13869,153.42
OUT_13870,102.32
OUT_13871,247.02
OUT_13872,133.19
OUT_13873,283.1
OUT_13874,115.37
OUT_13875,949.94
OUT_13876,305.58
OUT_13877,868.7
OUT_13878,262.39
OUT_13879,230.77
OUT_13880,2207.72
OUT_13881,242.64
OUT_13882,163.02
OUT_13883,2081.17
OUT_13884,922.92
OUT_13885,118.91
OUT_13886,112.1
OUT_13887,93.9
OUT_13888,142.53
OUT_13889,139.33
OUT_13890,157.49
OUT_13891,247.72
OUT_13892,141.97
OUT_13893,133.99
OUT_13894,257.1
OUT_13895,120.18
OUT_13896,293.28
OUT_13897,251.63
OUT_13898,103.85
OUT_13899,180.74
OUT_13900,257.32
OUT_13901,75.33
OUT_13902,268.29
OUT_13903,125.01
OUT_13904,888.86
OUT_13905,2117.24
OUT_13906,151.47
OUT_13907,273.49
OUT_13908,2258.68
OUT_13909,164.15
OUT_13910,134.53
OUT_13911,122.08
OUT_13912,894.42
OUT_13913,281.06
OUT_13914,322.7
OUT_13915,320.43
OUT_13916,265.43
OUT_13917,302.64
OUT_13918,225.3
OUT_13919,292.38
OUT_13920,147.71
OUT_13921,2159.85
OUT_13922,134.93
OUT_13923,152.94
OUT_13924,241.38
OUT_13925,937.02
OUT_13926,286.55
OUT_13927,157.02
OUT_13928,118.9
OUT_13929,112.32
OUT_13930,136.34
OUT_13931,282.53
OUT_13932,269.67
OUT_13933,292.43
OUT_13934,143.93
OUT_13935,238.1
OUT_13936,110.12
OUT_13937,1005.65
OUT_13938,264.63
OUT_13939,134.43
OUT_13940,270.42
OUT_13941,119.6
OUT_13942,143.95
OUT_13943,991.63
OUT_13944,942.61
OUT_13945,115.26
OUT_13946,296.3
OUT_13947,297.15
OUT_13948,148.01
OUT_13949,98.31
OUT_13950,837.2
OUT_13951,272.33
OUT_13952,134.56
OUT_13953,270.93
OUT_13954,2013.21
OUT_13955,149.71
OUT_13956,905.99
OUT_13957,134.04
OUT_13958,307.4
OUT_13959,309.71
OUT_13960,120.69
OUT_13961,251.84
OUT_13962,125.15
OUT_13963,953.8
OUT_13964,129.69
OUT_13965,255.68
OUT_13966,152.17
OUT_13967,112.51
OUT_13968,159.28
OUT_13969,297.76
OUT_13970,942.67
OUT_13971,120.89
OUT_13972,947.37
OUT_13973,247.43
OUT_13974,150.7
OUT_13975,1014.66
OUT_13976,121.04
OUT_13977,901.21
OUT_13978,151.38
OUT_13979,235.56
OUT_13980,248.53
OUT_13981,2194.17
OUT_13982,2238.01
OUT_13983,135.12
OUT_13984,136.38
OUT_13985,133.43
OUT_13986,2152.1
OUT_13987,131.08
OUT_13988,279.17
OUT_13989,102.82
OUT_13990,143.02
OUT_13991,236.38
OUT_13992,1062.29
OUT_13993,111.67
OUT_13994,267.0
OUT_13995,125.75
OUT_13996,2184.2
OUT_13997,109.55
OUT_13998,2199.96
OUT_13999,103.74
OUT_14000,125.99
OUT_14001,116.93
OUT_14002,147.13
OUT_14003,116.47
OUT_14004,163.37
OUT_14005,253.66
OUT_14006,125.97
OUT_14007,281.66
OUT_14008,280.23
OUT_14009,261.65
OUT_14010,114.36
OUT_14011,295.28
OUT_14012,135.42
OUT_14013,119.86
OUT_14014,1225.28
OUT_14015,1010.57
OUT_14016,191.17
OUT_14017,257.69
OUT_14018,202.01
OUT_14019,228.58
OUT_14020,118.69
OUT_14021,253.53
OUT_14022,157.16
OUT_14023,2102.49
OUT_14024,980.42
OUT_14025,941.83
OUT_14026,117.19
OUT_14027,130.36
OUT_14028,126.1
OUT_14029,1140.88
OUT_14030,909.45
OUT_14031,248.69
OUT_14032,945.59
OUT_14033,970.53
OUT_14034,2076.95
OUT_14035,144.72
OUT_14036,874.78
OUT_14037,959.51
OUT_14038,129.0
OUT_14039,291.16
OUT_14040,281.49
OUT_14041,138.57
OUT_14042,162.61
OUT_14043,158.27
OUT_14044,172.05
OUT_14045,222.07
OUT_14046,94.81
OUT_14047,286.05
OUT_14048,136.79
OUT_14049,132.24
OUT_14050,2098.13
OUT_14051,274.21
OUT_14052,145.24
OUT_14053,116.72
OUT_14054,131.69
OUT_14055,114.96
OUT_14056,241.1
OUT_14057,985.22
OUT_14058,242.62
OUT_14059,155.87
OUT_14060,293.07
OUT_14061,242.62
OUT_14062,1033.39
OUT_14063,2041.86
OUT_14064,114.18
OUT_14065,886.09
OUT_14066,105.03
OUT_14067,133.19
OUT_14068,253.79
OUT_14069,127.56
OUT_14070,227.52
OUT_14071,146.23
OUT_14072,279.1
OUT_14073,105.37
OUT_14074,837.87
OUT_14075,161.88
OUT_14076,931.65
OUT_14077,135.18
OUT_14078,250.53
OUT_14079,105.16
OUT_14080,263.9
OUT_14081,132.72
OUT_14082,825.11
OUT_14083,156.38
OUT_14084,137.51
OUT_14085,250.01
OUT_14086,1100.48
OUT_14087,94.86
OUT_14088,306.02
OUT_14089,1038.4
OUT_14090,873.44
OUT_14091,141.81
OUT_14092,118.11
OUT_14093,2123.43
OUT_14094,155.68
OUT_14095,338.04
OUT_14096,114.31
OUT_14097,110.09
OUT_14098,272.25
OUT_14099,313.91
OUT_14100,136.09
OUT_14101,100.74
OUT_14102,254.41
OUT_14103,120.71
OUT_14104,150.05
OUT_14105,109.23
OUT_14106,269.33
OUT_14107,150.27
OUT_14108,131.17
OUT_14109,1047.29
OUT_14110,275.04
OUT_14111,849.29
OUT_14112,146.25
OUT_14113,123.31
OUT_14114,978.07
OUT_14115,156.65
OUT_14116,126.52
OUT_14117,280.52
OUT_14118,2057.85
OUT_14119,273.66
OUT_14120,145.32
OUT_14121,147.06
OUT_14122,156.13
OUT_14123,99.44
OUT_14124,96.8
OUT_14125,136.87
OUT_14126,275.9
OUT_14127,861.92
OUT_14128,115.48
OUT_14129,143.25
OUT_14130,105.81
OUT_14131,930.71
OUT_14132,347.41
OUT_14133,913.63
OUT_14134,137.28
OUT_14135,269.84
OUT_14136,137.55
OUT_14137,116.87
OUT_14138,123.15
OUT_14139,2153.91
OUT_14140,120.46
OUT_14141,119.45
OUT_14142,237.7
OUT_14143,134.02
OUT_14144,287.01
OUT_14145,257.09
OUT_14146,299.49
OUT_14147,247.23
OUT_14148,125.25
OUT_14149,146.66
OUT_14150,146.56
OUT_14151,111.99
OUT_14152,252.36
OUT_14153,115.23
OUT_14154,247.86
OUT_14155,127.1
OUT_14156,290.75
OUT_14157,140.89
OUT_14158,164.07
OUT_14159,247.28
OUT_14160,119.22
OUT_14161,129.3
OUT_14162,318.83
OUT_14163,117.6
OUT_14164,294.19
OUT_14165,242.07
OUT_14166,240.91
OUT_14167,115.31
OUT_14168,143.77
OUT_14169,251.67
OUT_14170,244.59
OUT_14171,110.75
OUT_14172,255.83
OUT_14173,267.23
OUT_14174,143.68
OUT_14175,914.89
OUT_14176,161.43
OUT_14177,102.34
OUT_14178,143.05
OUT_14179,233.39
OUT_14180,114.47
OUT_14181,139.02
OUT_14182,343.93
OUT_14183,161.93
OUT_14184,120.39
OUT_14185,143.87
OUT_14186,952.87
OUT_14187,155.19
OUT_14188,132.86
OUT_14189,234.29
OUT_14190,105.12
OUT_14191,880.2
OUT_14192,1072.13
OUT_14193,147.76
OUT_14194,108.44
OUT_14195,875.03
OUT_14196,124.58
OUT_14197,854.62
OUT_14198,110.31
OUT_14199,117.31
OUT_14200,2187.86
OUT_14201,138.38
OUT_14202,122.58
OUT_14203,266.63
OUT_14204,139.12
OUT_14205,131.39
OUT_14206,124.32
OUT_14207,240.13
OUT_14208,2282.55
OUT_14209,267.96
OUT_14210,349.17
OUT_14211,123.26
OUT_14212,327.24
OUT_14213,127.43
OUT_14214,154.82
OUT_14215,288.42
OUT_14216,128.88
OUT_14217,2057.31
OUT_14218,115.36
OUT_14219,143.74
OUT_14220,120.38
OUT_14221,267.2
OUT_14222,2265.84
OUT_14223,107.94
OUT_14224,147.37
OUT_14225,905.98
OUT_14226,878.76
OUT_14227,122.47
OUT_14228,246.63
OUT_14229,302.77
OUT_14230,125.17
OUT_14231,1003.54
OUT_14232,111.97
OUT_14233,302.55
OUT_14234,137.94
OUT_14235,117.67
OUT_14236,257.11
OUT_14237,273.98
OUT_14238,255.79
OUT_14239,138.83
OUT_14240,2066.28
OUT_14241,1027.36
OUT_14242,896.29
OUT_14243,271.65
OUT_14244,130.76
OUT_14245,110.81
OUT_14246,123.57
OUT_14247,257.89
OUT_14248,215.27
OUT_14249,263.05
OUT_14250,141.45
OUT_14251,1005.53
OUT_14252,298.67
OUT_14253,231.94
OUT_14254,159.99
OUT_14255,121.53
OUT_14256,125.03
OUT_14257,297.78
OUT_14258,274.62
OUT_14259,139.91
OUT_14260,278.22
OUT_14261,119.7
OUT_14262,897.15
OUT_14263,316.25
OUT_14264,131.64
OUT_14265,240.79
OUT_14266,281.41
OUT_14267,264.36
OUT_14268,245.48
OUT_14269,291.74
OUT_14270,125.83
OUT_14271,251.1
OUT_14272,285.31
OUT_14273,325.66
OUT_14274,2281.69
OUT_14275,313.33
OUT_14276,174.53
OUT_14277,279.14
OUT_14278,146.57
OUT_14279,137.22
OUT_14280,864.1
OUT_14281,2071.41
OUT_14282,1106.59
OUT_14283,290.05
OUT_14284,79.39
OUT_14285,117.24
OUT_14286,128.03
OUT_14287,336.16
OUT_14288,107.94
OUT_14289,147.99
OUT_14290,271.68
OUT_14291,273.12
OUT_14292,966.15
OUT_14293,130.33
OUT_14294,2128.95
OUT_14295,130.63
OUT_14296,122.38
OUT_14297,849.98
OUT_14298,249.62
OUT_14299,240.77
OUT_14300,883.25
OUT_14301,91.62
OUT_14302,102.89
OUT_14303,242.49
OUT_14304,119.85
OUT_14305,990.0
OUT_14306,131.35
OUT_14307,135.96
OUT_14308,119.11
OUT_14309,136.59
OUT_14310,285.94
OUT_14311,121.86
OUT_14312,139.43
OUT_14313,123.09
OUT_14314,300.08
OUT_14315,152.49
OUT_14316,287.72
OUT_14317,123.5
OUT_14318,1017.08
OUT_14319,250.25
OUT_14320,125.46
OUT_14321,140.94
OUT_14322,338.01
OUT_14323,959.71
OUT_14324,141.78
OUT_14325,138.19
OUT_14326,345.23
OUT_14327,132.74
OUT_14328,952.01
OUT_14329,117.43
OUT_14330,109.82
OUT_14331,148.78
OUT_14332,262.06
OUT_14333,114.04
OUT_14334,1008.02
OUT_14335,133.48
OUT_14336,1001.16
OUT_14337,2079.1
OUT_14338,305.95
OUT_14339,139.21
OUT_14340,353.07
OUT_14341,275.78
OUT_14342,239.96
OUT_14343,251.44
OUT_14344,114.29
OUT_14345,116.29
OUT_14346,975.15
OUT_14347,121.32
OUT_14348,170.73
OUT_14349,312.19
OUT_14350,959.28
OUT_14351,1160.27
OUT_14352,923.78
OUT_14353,133.52
OUT_14354,111.08
OUT_14355,918.11
OUT_14356,352.39
OUT_14357,935.34
OUT_14358,129.54
OUT_14359,972.56
OUT_14360,114.74
OUT_14361,892.35
OUT_14362,152.53
OUT_14363,256.08
OUT_14364,1138.96
OUT_14365,277.79
OUT_14366,115.11
OUT_14367,2159.14
OUT_14368,267.89
OUT_14369,127.0
OUT_14370,269.66
OUT_14371,149.02
OUT_14372,137.01
OUT_14373,951.95
OUT_14374,1132.17
OUT_14375,268.74
OUT_14376,1095.55
OUT_14377,140.12
OUT_14378,98.02
OUT_14379,300.55
OUT_14380,243.99
OUT_14381,329.41
OUT_14382,128.88
OUT_14383,306.9
OUT_14384,933.83
OUT_14385,132.32
OUT_14386,209.65
OUT_14387,163.77
OUT_14388,257.49
OUT_14389,295.45
OUT_14390,281.65
OUT_14391,877.42
OUT_14392,159.31
OUT_14393,275.98
OUT_14394,121.42
OUT_14395,147.15
OUT_14396,323.95
OUT_14397,110.79
OUT_14398,240.44
OUT_14399,142.04
OUT_14400,103.9
OUT_14401,130.02
OUT_14402,142.82
OUT_14403,147.74
OUT_14404,112.48
OUT_14405,138.98
OUT_14406,123.93
OUT_14407,120.44
OUT_14408,289.47
OUT_14409,143.05
OUT_14410,157.73
OUT_14411,114.99
OUT_14412,125.71
OUT_14413,163.73
OUT_14414,289.07
OUT_14415,1015.04
OUT_14416,133.79
OUT_14417,137.29
OUT_14418,134.77
OUT_14419,114.45
OUT_14420,147.07
OUT_14421,176.31
OUT_14422,149.95
OUT_14423,822.52
OUT_14424,203.76
OUT_14425,174.46
OUT_14426,142.6
OUT_14427,109.91
OUT_14428,118.76
OUT_14429,1055.11
OUT_14430,276.1
OUT_14431,134.75
OUT_14432,131.22
OUT_14433,907.57
OUT_14434,152.01
OUT_14435,243.98
OUT_14436,2197.41
OUT_14437,119.36
OUT_14438,1006.78
OUT_14439,144.41
OUT_14440,276.2
OUT_14441,977.95
OUT_14442,1003.44
OUT_14443,148.61
OUT_14444,278.72
OUT_14445,138.79
OUT_14446,141.29
OUT_14447,117.23
OUT_14448,112.43
OUT_14449,116.62
OUT_14450,830.22
OUT_14451,326.38
OUT_14452,156.56
OUT_14453,2220.78
OUT_14454,243.79
OUT_14455,129.11
OUT_14456,156.0
OUT_14457,312.25
OUT_14458,287.1
OUT_14459,318.65
OUT_14460,154.4
OUT_14461,258.06
OUT_14462,261.17
OUT_14463,227.33
OUT_14464,142.92
OUT_14465,123.43
OUT_14466,148.89
OUT_14467,1022.33
OUT_14468,2250.36
OUT_14469,294.93
OUT_14470,302.07
OUT_14471,262.09
OUT_14472,312.26
OUT_14473,136.48
OUT_14474,131.06
OUT_14475,127.14
OUT_14476,826.93
OUT_14477,149.91
OUT_14478,108.14
OUT_14479,303.0
OUT_14480,151.53
OUT_14481,133.01
OUT_14482,1098.35
OUT_14483,293.71
OUT_14484,120.18
OUT_14485,896.26
OUT_14486,136.77
OUT_14487,135.18
OUT_14488,284.49
OUT_14489,120.29
OUT_14490,245.32
OUT_14491,120.6
OUT_14492,136.22
OUT_14493,2109.79
OUT_14494,283.91
OUT_14495,280.67
OUT_14496,101.51
OUT_14497,118.33
OUT_14498,118.99
OUT_14499,97.95
OUT_14500,177.2
OUT_14501,159.2
OUT_14502,856.0
OUT_14503,144.8
OUT_14504,118.13
OUT_14505,1013.4
OUT_14506,161.7
OUT_14507,156.75
OUT_14508,2224.14
OUT_14509,150.75
OUT_14510,303.07
OUT_14511,135.67
OUT_14512,139.84
OUT_14513,886.52
OUT_14514,2210.18
OUT_14515,287.79
OUT_14516,277.22
OUT_14517,92.29
OUT_14518,246.87
OUT_14519,970.15
OUT_14520,275.65
OUT_14521,266.69
OUT_14522,240.08
OUT_14523,141.08
OUT_14524,970.99
OUT_14525,2253.24
OUT_14526,923.9
OUT_14527,77.92
OUT_14528,131.26
OUT_14529,295.08
OUT_14530,249.34
OUT_14531,313.3
OUT_14532,134.17
OUT_14533,120.3
OUT_14534,122.14
OUT_14535,301.92
OUT_14536,1107.06
OUT_14537,319.82
OUT_14538,435.11
OUT_14539,129.49
OUT_14540,264.73
OUT_14541,144.84
OUT_14542,133.35
OUT_14543,141.68
OUT_14544,102.89
OUT_14545,122.9
OUT_14546,142.87
OUT_14547,2200.03
OUT_14548,114.12
OUT_14549,106.75
OUT_14550,138.77
OUT_14551,2165.05
OUT_14552,137.5
OUT_14553,920.62
OUT_14554,126.38
OUT_14555,300.23
OUT_14556,977.85
OUT_14557,277.34
OUT_14558,1064.71
OUT_14559,111.99
OUT_14560,153.83
OUT_14561,295.98
OUT_14562,127.54
OUT_14563,122.27
OUT_14564,287.52
OUT_14565,162.5
OUT_14566,995.05
OUT_14567,126.83
OUT_14568,289.43
OUT_14569,97.94
OUT_14570,107.51
OUT_14571,308.37
OUT_14572,259.78
OUT_14573,277.07
OUT_14574,99.49
OUT_14575,159.59
OUT_14576,335.33
OUT_14577,1005.36
OUT_14578,139.47
OUT_14579,144.63
OUT_14580,116.88
OUT_14581,158.27
OUT_14582,138.12
OUT_14583,133.83
OUT_14584,954.47
OUT_14585,149.78
OUT_14586,2156.16
OUT_14587,122.5
OUT_14588,901.5
OUT_14589,296.96
OUT_14590,299.6
OUT_14591,151.67
OUT_14592,125.63
OUT_14593,144.34
OUT_14594,249.95
OUT_14595,185.63
OUT_14596,111.6
OUT_14597,78.25
OUT_14598,149.07
OUT_14599,127.76
OUT_14600,880.95
OUT_14601,875.98
OUT_14602,2133.47
OUT_14603,309.9
OUT_14604,119.38
OUT_14605,144.55
OUT_14606,283.0
OUT_14607,253.81
OUT_14608,1024.63
OUT_14609,128.84
OUT_14610,151.33
OUT_14611,309.51
OUT_14612,1042.63
OUT_14613,244.26
OUT_14614,266.7
OUT_14615,2098.45
OUT_14616,142.48
OUT_14617,89.77
OUT_14618,135.17
OUT_14619,1024.22
OUT_14620,155.49
OUT_14621,137.41
OUT_14622,261.9
OUT_14623,294.33
OUT_14624,132.79
OUT_14625,87.61
OUT_14626,251.98
OUT_14627,136.89
OUT_14628,335.64
OUT_14629,228.76
OUT_14630,2075.62
OUT_14631,956.37
OUT_14632,109.22
OUT_14633,150.65
OUT_14634,112.72
OUT_14635,874.0
OUT_14636,244.1
OUT_14637,141.52
OUT_14638,257.49
OUT_14639,270.02
OUT_14640,130.33
OUT_14641,280.58
OUT_14642,90.29
OUT_14643,111.27
OUT_14644,240.86
OUT_14645,918.51
OUT_14646,110.16
OUT_14647,138.77
OUT_14648,156.16
OUT_14649,269.04
OUT_14650,112.04
OUT_14651,300.71
OUT_14652,144.15
OUT_14653,136.5
OUT_14654,102.98
OUT_14655,81.39
OUT_14656,157.74
OUT_14657,118.09
OUT_14658,117.86
OUT_14659,159.84
OUT_14660,110.38
OUT_14661,97.69
OUT_14662,857.93
OUT_14663,2147.86
OUT_14664,918.41
OUT_14665,119.48
OUT_14666,117.05
OUT_14667,135.52
OUT_14668,120.11
OUT_14669,124.12
OUT_14670,318.45
OUT_14671,2120.28
OUT_14672,906.53
OUT_14673,294.91
OUT_14674,240.73
OUT_14675,114.94
OUT_14676,160.88
OUT_14677,107.5
OUT_14678,100.62
OUT_14679,297.67
OUT_14680,234.39
OUT_14681,995.03
OUT_14682,103.54
OUT_14683,901.1
OUT_14684,151.73
OUT_14685,264.94
OUT_14686,228.99
OUT_14687,275.84
OUT_14688,279.27
OUT_14689,126.25
OUT_14690,273.74
OUT_14691,129.69
OUT_14692,147.59
OUT_14693,275.68
OUT_14694,921.79
OUT_14695,142.82
OUT_14696,120.5
OUT_14697,133.71
OUT_14698,925.1
OUT_14699,990.32
OUT_14700,143.81
OUT_14701,134.82
OUT_14702,141.08
OUT_14703,108.49
OUT_14704,145.05
OUT_14705,302.26
OUT_14706,118.32
OUT_14707,129.25
OUT_14708,850.71
OUT_14709,953.85
OUT_14710,237.47
OUT_14711,104.69
OUT_14712,914.02
OUT_14713,140.62
OUT_14714,258.27
OUT_14715,121.8
OUT_14716,151.9
OUT_14717,137.44
OUT_14718,168.34
OUT_14719,272.93
OUT_14720,2049.39
OUT_14721,296.89
OUT_14722,275.66
OUT_14723,310.14
OUT_14724,228.7
OUT_14725,1000.47
OUT_14726,240.58
OUT_14727,146.37
OUT_14728,268.95
OUT_14729,104.94
OUT_14730,321.58
OUT_14731,134.37
OUT_14732,103.8
OUT_14733,165.97
OUT_14734,98.92
OUT_14735,298.89
OUT_14736,296.71
OUT_14737,124.77
OUT_14738,272.17
OUT_14739,267.31
OUT_14740,120.9
OUT_14741,887.96
OUT_14742,117.43
OUT_14743,1004.21
OUT_14744,121.15
OUT_14745,246.9
OUT_14746,153.56
OUT_14747,169.69
OUT_14748,116.71
OUT_14749,855.72
OUT_14750,248.73
OUT_14751,326.72
OUT_14752,979.76
OUT_14753,268.24
OUT_14754,951.45
OUT_14755,236.49
OUT_14756,245.27
OUT_14757,928.23
OUT_14758,263.85
OUT_14759,331.5
OUT_14760,993.05
OUT_14761,159.97
OUT_14762,309.86
OUT_14763,123.71
OUT_14764,105.7
OUT_14765,230.1
OUT_14766,324.18
OUT_14767,920.27
OUT_14768,239.15
OUT_14769,117.55
OUT_14770,300.04
OUT_14771,2252.5
OUT_14772,137.58
OUT_14773,923.14
OUT_14774,871.31
OUT_14775,118.3
OUT_14776,122.09
OUT_14777,332.94
OUT_14778,907.58
OUT_14779,151.71
OUT_14780,174.82
OUT_14781,136.17
OUT_14782,906.4
OUT_14783,314.12
OUT_14784,90.86
OUT_14785,127.07
OUT_14786,110.53
OUT_14787,1003.92
OUT_14788,128.22
OUT_14789,142.19
OUT_14790,142.01
OUT_14791,273.75
OUT_14792,111.58
OUT_14793,175.53
OUT_14794,128.08
OUT_14795,138.9
OUT_14796,140.38
OUT_14797,126.49
OUT_14798,329.47
OUT_14799,967.11
OUT_14800,1024.81
OUT_14801,134.98
OUT_14802,337.87
OUT_14803,223.2
OUT_14804,165.23
OUT_14805,127.73
OUT_14806,149.52
OUT_14807,75.29
OUT_14808,153.79
OUT_14809,2083.66
OUT_14810,310.79
OUT_14811,227.05
OUT_14812,120.14
OUT_14813,108.57
OUT_14814,211.19
OUT_14815,152.41
OUT_14816,118.54
OUT_14817,162.28
OUT_14818,963.27
OUT_14819,101.93
OUT_14820,1272.42
OUT_14821,138.11
OUT_14822,2208.26
OUT_14823,1115.88
OUT_14824,106.74
OUT_14825,282.57
OUT_14826,111.17
OUT_14827,94.15
OUT_14828,147.17
OUT_14829,114.77
OUT_14830,2115.28
OUT_14831,144.68
OUT_14832,125.59
OUT_14833,2170.68
OUT_14834,986.6
OUT_14835,84.52
OUT_14836,284.8
OUT_14837,120.66
OUT_14838,172.31
OUT_14839,312.42
OUT_14840,124.49
OUT_14841,117.56
OUT_14842,293.35
OUT_14843,288.91
OUT_14844,124.01
OUT_14845,147.55
OUT_14846,1000.48
OUT_14847,297.35
OUT_14848,153.59
OUT_14849,131.49
OUT_14850,95.74
OUT_14851,88.22
OUT_14852,203.43
OUT_14853,341.71
OUT_14854,125.96
OUT_14855,133.07
OUT_14856,1149.02
OUT_14857,264.36
OUT_14858,262.92
OUT_14859,991.44
OUT_14860,72.58
OUT_14861,133.9
OUT_14862,309.14
OUT_14863,296.24
OUT_14864,890.39
OUT_14865,229.32
OUT_14866,128.39
OUT_14867,122.69
OUT_14868,878.81
OUT_14869,914.78
OUT_14870,307.54
OUT_14871,243.89
OUT_14872,2192.93
OUT_14873,164.23
OUT_14874,2136.69
OUT_14875,2135.9
OUT_14876,956.73
OUT_14877,128.54
OUT_14878,316.07
OUT_14879,138.15
OUT_14880,138.88
OUT_14881,895.36
OUT_14882,820.38
OUT_14883,259.96
OUT_14884,926.38
OUT_14885,880.39
OUT_14886,158.08
OUT_14887,257.7
OUT_14888,146.79
OUT_14889,260.79
OUT_14890,110.54
OUT_14891,124.46
OUT_14892,125.12
OUT_14893,149.34
OUT_14894,228.77
OUT_14895,130.84
OUT_14896,95.8
OUT_14897,281.3
OUT_14898,159.43
OUT_14899,139.68
OUT_14900,132.74
OUT_14901,336.23
OUT_14902,234.5
OUT_14903,143.26
OUT_14904,291.14
OUT_14905,271.76
OUT_14906,130.41
OUT_14907,164.13
OUT_14908,275.44
OUT_14909,119.34
OUT_14910,137.72
OUT_14911,922.76
OUT_14912,123.15
OUT_14913,325.68
OUT_14914,1038.77
OUT_14915,151.79
OUT_14916,251.38
OUT_14917,134.79
OUT_14918,131.91
OUT_14919,106.33
OUT_14920,108.51
OUT_14921,148.94
OUT_14922,2248.31
OUT_14923,361.57
OUT_14924,279.87
OUT_14925,250.92
OUT_14926,246.28
OUT_14927,251.24
OUT_14928,1017.84
OUT_14929,275.92
OUT_14930,930.92
OUT_14931,120.77
OUT_14932,141.48
OUT_14933,138.32
OUT_14934,281.48
OUT_14935,284.22
OUT_14936,267.85
OUT_14937,944.91
OUT_14938,285.3
OUT_14939,151.16
OUT_14940,914.89
OUT_14941,873.83
OUT_14942,138.07
OUT_14943,147.97
OUT_14944,131.89
OUT_14945,121.77
OUT_14946,958.88
OUT_14947,1054.33
OUT_14948,150.49
OUT_14949,109.92
OUT_14950,139.79
OUT_14951,146.78
OUT_14952,158.73
OUT_14953,285.01
OUT_14954,265.23
OUT_14955,150.0
OUT_14956,249.02
OUT_14957,124.7
OUT_14958,916.26
OUT_14959,2172.59
OUT_14960,264.55
OUT_14961,106.38
OUT_14962,246.85
OUT_14963,270.51
OUT_14964,109.18
OUT_14965,240.04
OUT_14966,128.63
OUT_14967,271.63
OUT_14968,283.21
OUT_14969,154.67
OUT_14970,149.48
OUT_14971,278.85
OUT_14972,254.48
OUT_14973,156.05
OUT_14974,890.01
OUT_14975,103.88
OUT_14976,237.36
OUT_14977,269.05
OUT_14978,122.61
OUT_14979,105.1
OUT_14980,146.0
OUT_14981,1019.71
OUT_14982,314.34
OUT_14983,264.58
OUT_14984,147.66
OUT_14985,126.87
OUT_14986,982.44
OUT_14987,252.7
OUT_14988,228.66
OUT_14989,269.19
OUT_14990,236.95
OUT_14991,877.65
OUT_14992,957.46
OUT_14993,955.78
OUT_14994,1010.73
OUT_14995,153.8
OUT_14996,130.02
OUT_14997,122.61
OUT_14998,248.67
OUT_14999,127.39
OUT_15000,104.96
OUT_15001,290.94
OUT_15002,129.46
OUT_15003,153.51
OUT_15004,271.08
OUT_15005,2230.82
OUT_15006,242.58
OUT_15007,2108.31
OUT_15008,277.38
OUT_15009,139.36
OUT_15010,153.11
OUT_15011,146.2
OUT_15012,237.71
OUT_15013,278.35
OUT_15014,145.21
OUT_15015,129.21
OUT_15016,152.68
OUT_15017,150.01
OUT_15018,92.51
OUT_15019,246.6
OUT_15020,908.71
OUT_15021,135.23
OUT_15022,240.73
OUT_15023,130.86
OUT_15024,234.65
OUT_15025,1189.51
OUT_15026,139.74
OUT_15027,284.97
OUT_15028,298.06
OUT_15029,135.18
OUT_15030,125.9
OUT_15031,105.98
OUT_15032,153.4
OUT_15033,286.16
OUT_15034,93.47
OUT_15035,290.62
OUT_15036,134.0
OUT_15037,130.82
OUT_15038,254.66
OUT_15039,289.99
OUT_15040,129.99
OUT_15041,880.11
OUT_15042,930.56
OUT_15043,245.13
OUT_15044,121.51
OUT_15045,162.69
OUT_15046,993.39
OUT_15047,2207.15
OUT_15048,109.02
OUT_15049,937.51
OUT_15050,98.65
OUT_15051,958.92
OUT_15052,1087.47
OUT_15053,883.65
OUT_15054,259.89
OUT_15055,2128.15
OUT_15056,129.71
OUT_15057,2031.79
OUT_15058,130.07
OUT_15059,130.23
OUT_15060,113.12
OUT_15061,1031.39
OUT_15062,268.09
OUT_15063,1118.88
OUT_15064,114.6
OUT_15065,928.04
OUT_15066,145.21
OUT_15067,272.25
OUT_15068,115.95
OUT_15069,113.45
OUT_15070,297.48
OUT_15071,144.42
OUT_15072,244.78
OUT_15073,116.5
OUT_15074,134.12
OUT_15075,158.39
OUT_15076,1082.17
OUT_15077,139.92
OUT_15078,921.72
OUT_15079,93.53
OUT_15080,121.45
OUT_15081,1058.04
OUT_15082,1042.67
OUT_15083,943.1
OUT_15084,139.15
OUT_15085,309.66
OUT_15086,96.33
OUT_15087,128.56
OUT_15088,111.17
OUT_15089,2120.87
OUT_15090,129.49
OUT_15091,891.96
OUT_15092,231.05
OUT_15093,918.01
OUT_15094,141.42
OUT_15095,136.73
OUT_15096,357.12
OUT_15097,133.05
OUT_15098,980.84
OUT_15099,119.96
OUT_15100,322.95
OUT_15101,243.71
OUT_15102,162.88
OUT_15103,878.55
OUT_15104,317.05
OUT_15105,146.53
OUT_15106,124.11
OUT_15107,105.46
OUT_15108,800.76
OUT_15109,130.69
OUT_15110,133.92
OUT_15111,300.16
OUT_15112,135.58
OUT_15113,162.47
OUT_15114,1141.15
OUT_15115,267.74
OUT_15116,238.29
OUT_15117,143.21
OUT_15118,137.89
OUT_15119,156.96
OUT_15120,105.13
OUT_15121,144.68
OUT_15122,864.67
OUT_15123,90.85
OUT_15124,163.56
OUT_15125,901.19
OUT_15126,145.32
OUT_15127,163.89
OUT_15128,107.59
OUT_15129,243.29
OUT_15130,154.85
OUT_15131,144.69
OUT_15132,930.47
OUT_15133,155.62
OUT_15134,275.89
OUT_15135,1016.07
OUT_15136,138.52
OUT_15137,108.38
OUT_15138,133.93
OUT_15139,292.9
OUT_15140,125.18
OUT_15141,112.46
OUT_15142,123.42
OUT_15143,134.32
OUT_15144,146.0
OUT_15145,2020.54
OUT_15146,273.33
OUT_15147,968.77
OUT_15148,237.76
OUT_15149,235.1
OUT_15150,126.69
OUT_15151,152.18
OUT_15152,132.76
OUT_15153,259.36
OUT_15154,1021.52
OUT_15155,275.77
OUT_15156,969.29
OUT_15157,145.66
OUT_15158,1113.17
OUT_15159,1004.26
OUT_15160,2251.09
OUT_15161,292.73
OUT_15162,113.39
OUT_15163,829.39
OUT_15164,124.32
OUT_15165,287.18
OUT_15166,297.13
OUT_15167,236.98
OUT_15168,907.18
OUT_15169,119.63
OUT_15170,269.87
OUT_15171,138.42
OUT_15172,124.36
OUT_15173,276.54
OUT_15174,114.32
OUT_15175,134.2
OUT_15176,247.89
OUT_15177,294.55
OUT_15178,134.3
OUT_15179,2122.58
OUT_15180,159.29
OUT_15181,270.36
OUT_15182,102.85
OUT_15183,974.38
OUT_15184,1020.27
OUT_15185,920.94
OUT_15186,160.03
OUT_15187,221.39
OUT_15188,117.83
OUT_15189,239.42
OUT_15190,139.35
OUT_15191,126.37
OUT_15192,128.73
OUT_15193,255.32
OUT_15194,255.06
OUT_15195,125.88
OUT_15196,235.95
OUT_15197,116.2
OUT_15198,928.43
OUT_15199,243.02
OUT_15200,240.81
OUT_15201,129.04
OUT_15202,821.41
OUT_15203,303.97
OUT_15204,289.49
OUT_15205,166.62
OUT_15206,160.35
OUT_15207,120.48
OUT_15208,926.11
OUT_15209,129.83
OUT_15210,105.2
OUT_15211,133.81
OUT_15212,1038.54
OUT_15213,148.39
OUT_15214,300.44
OUT_15215,298.49
OUT_15216,269.35
OUT_15217,140.11
OUT_15218,257.35
OUT_15219,270.03
OUT_15220,321.23
OUT_15221,146.74
OUT_15222,946.65
OUT_15223,173.96
OUT_15224,249.67
OUT_15225,162.9
OUT_15226,116.94
OUT_15227,125.85
OUT_15228,1025.94
OUT_15229,114.91
OUT_15230,125.97
OUT_15231,354.23
OUT_15232,2131.53
OUT_15233,266.85
OUT_15234,140.9
OUT_15235,2158.89
OUT_15236,831.36
OUT_15237,134.36
OUT_15238,2155.06
OUT_15239,124.42
OUT_15240,280.1
OUT_15241,102.17
OUT_15242,149.9
OUT_15243,276.57
OUT_15244,116.74
OUT_15245,131.14
OUT_15246,1118.23
OUT_15247,164.1
OUT_15248,136.78
OUT_15249,936.08
OUT_15250,915.56
OUT_15251,228.23
OUT_15252,1987.91
OUT_15253,271.19
OUT_15254,108.75
OUT_15255,986.08
OUT_15256,1189.63
OUT_15257,158.21
OUT_15258,87.53
OUT_15259,932.24
OUT_15260,1198.57
OUT_15261,123.67
OUT_15262,143.56
OUT_15263,244.45
OUT_15264,242.22
OUT_15265,131.17
OUT_15266,2207.43
OUT_15267,920.42
OUT_15268,163.49
OUT_15269,159.99
OUT_15270,139.59
OUT_15271,158.21
OUT_15272,967.22
OUT_15273,237.6
OUT_15274,212.6
OUT_15275,116.9
OUT_15276,141.36
OUT_15277,310.4
OUT_15278,124.66
OUT_15279,126.48
OUT_15280,294.38
OUT_15281,129.45
OUT_15282,297.88
OUT_15283,2217.52
OUT_15284,151.85
OUT_15285,2083.14
OUT_15286,134.07
OUT_15287,306.44
OUT_15288,131.21
OUT_15289,298.89
OUT_15290,243.55
OUT_15291,877.32
OUT_15292,93.53
OUT_15293,120.95
OUT_15294,2129.46
OUT_15295,126.04
OUT_15296,130.98
OUT_15297,155.45
OUT_15298,286.23
OUT_15299,955.15
OUT_15300,261.47
OUT_15301,274.78
OUT_15302,131.24
OUT_15303,341.47
OUT_15304,273.67
OUT_15305,158.56
OUT_15306,147.98
OUT_15307,141.6
OUT_15308,268.57
OUT_15309,131.41
OUT_15310,234.72
OUT_15311,271.47
OUT_15312,141.11
OUT_15313,283.75
OUT_15314,131.22
OUT_15315,2110.78
OUT_15316,1006.36
OUT_15317,902.55
OUT_15318,312.32
OUT_15319,252.75
OUT_15320,292.35
OUT_15321,91.78
OUT_15322,936.25
OUT_15323,314.3
OUT_15324,226.6
OUT_15325,127.66
OUT_15326,112.01
OUT_15327,974.77
OUT_15328,150.78
OUT_15329,975.87
OUT_15330,136.73
OUT_15331,244.75
OUT_15332,142.41
OUT_15333,865.99
OUT_15334,268.47
OUT_15335,1078.78
OUT_15336,119.48
OUT_15337,774.25
OUT_15338,122.72
OUT_15339,123.46
OUT_15340,912.14
OUT_15341,345.04
OUT_15342,2152.94
OUT_15343,276.77
OUT_15344,952.51
OUT_15345,132.88
OUT_15346,319.95
OUT_15347,109.59
OUT_15348,126.72
OUT_15349,290.69
OUT_15350,78.47
OUT_15351,233.75
OUT_15352,297.56
OUT_15353,2047.75
OUT_15354,95.01
OUT_15355,127.68
OUT_15356,1978.19
OUT_15357,145.28
OUT_15358,928.5
OUT_15359,117.99
OUT_15360,133.51
OUT_15361,281.11
OUT_15362,326.25
OUT_15363,308.14
OUT_15364,252.69
OUT_15365,115.24
OUT_15366,133.02
OUT_15367,162.17
OUT_15368,126.97
OUT_15369,289.17
OUT_15370,244.58
OUT_15371,111.93
OUT_15372,2137.16
OUT_15373,227.48
OUT_15374,138.22
OUT_15375,277.06
OUT_15376,807.86
OUT_15377,355.58
OUT_15378,125.44
OUT_15379,286.22
OUT_15380,145.94
OUT_15381,283.29
OUT_15382,253.67
OUT_15383,109.8
OUT_15384,133.53
OUT_15385,115.72
OUT_15386,147.17
OUT_15387,286.17
OUT_15388,174.76
OUT_15389,120.63
OUT_15390,941.02
OUT_15391,263.54
OUT_15392,276.11
OUT_15393,146.94
OUT_15394,161.46
OUT_15395,110.16
OUT_15396,113.41
OUT_15397,944.52
OUT_15398,1009.13
OUT_15399,1157.58
OUT_15400,923.82
OUT_15401,122.08
OUT_15402,278.54
OUT_15403,161.22
OUT_15404,115.4
OUT_15405,153.31
OUT_15406,125.14
OUT_15407,249.44
OUT_15408,147.78
OUT_15409,293.94
OUT_15410,329.66
OUT_15411,320.36
OUT_15412,836.96
OUT_15413,168.95
OUT_15414,131.22
OUT_15415,2098.84
OUT_15416,292.24
OUT_15417,934.53
OUT_15418,971.36
OUT_15419,323.77
OUT_15420,260.02
OUT_15421,107.05
OUT_15422,114.18
OUT_15423,269.0
OUT_15424,901.21
OUT_15425,315.38
OUT_15426,100.27
OUT_15427,134.91
OUT_15428,2092.99
OUT_15429,246.25
OUT_15430,119.98
OUT_15431,282.42
OUT_15432,89.97
OUT_15433,156.27
OUT_15434,128.48
OUT_15435,895.71
OUT_15436,117.86
OUT_15437,266.64
OUT_15438,299.65
OUT_15439,249.86
OUT_15440,183.04
OUT_15441,156.71
OUT_15442,1014.53
OUT_15443,150.78
OUT_15444,300.86
OUT_15445,161.32
OUT_15446,228.03
OUT_15447,256.18
OUT_15448,123.01
OUT_15449,1104.22
OUT_15450,297.96
OUT_15451,1222.72
OUT_15452,271.59
OUT_15453,132.53
OUT_15454,222.57
OUT_15455,846.36
OUT_15456,96.08
OUT_15457,127.41
OUT_15458,945.67
OUT_15459,155.45
OUT_15460,289.62
OUT_15461,1121.8
OUT_15462,1068.39
OUT_15463,273.0
OUT_15464,274.02
OUT_15465,134.53
OUT_15466,957.78
OUT_15467,278.02
OUT_15468,2179.72
OUT_15469,373.26
OUT_15470,1063.68
OUT_15471,154.86
OUT_15472,1016.64
OUT_15473,128.36
OUT_15474,305.16
OUT_15475,141.11
OUT_15476,114.2
OUT_15477,290.56
OUT_15478,139.4
OUT_15479,132.19
OUT_15480,963.25
OUT_15481,919.65
OUT_15482,141.25
OUT_15483,265.3
OUT_15484,281.26
OUT_15485,265.08
OUT_15486,125.02
OUT_15487,1017.19
OUT_15488,147.64
OUT_15489,891.59
OUT_15490,130.19
OUT_15491,99.99
OUT_15492,121.81
OUT_15493,937.2
OUT_15494,308.13
OUT_15495,146.95
OUT_15496,2153.77
OUT_15497,1013.58
OUT_15498,1145.02
OUT_15499,149.54
OUT_15500,117.92
OUT_15501,155.51
OUT_15502,920.13
OUT_15503,145.93
OUT_15504,1127.62
OUT_15505,237.54
OUT_15506,919.88
OUT_15507,233.05
OUT_15508,99.79
OUT_15509,911.03
OUT_15510,107.78
OUT_15511,2251.79
OUT_15512,944.38
OUT_15513,2035.98
OUT_15514,2114.19
OUT_15515,91.81
OUT_15516,304.84
OUT_15517,1025.33
OUT_15518,264.88
OUT_15519,287.24
OUT_15520,139.93
OUT_15521,969.84
OUT_15522,906.66
OUT_15523,224.34
OUT_15524,292.11
OUT_15525,123.71
OUT_15526,280.14
OUT_15527,265.59
OUT_15528,921.28
OUT_15529,113.07
OUT_15530,146.09
OUT_15531,121.98
OUT_15532,973.13
OUT_15533,139.5
OUT_15534,2233.7
OUT_15535,234.04
OUT_15536,121.29
OUT_15537,315.09
OUT_15538,991.84
OUT_15539,117.93
OUT_15540,112.99
OUT_15541,125.6
OUT_15542,131.16
OUT_15543,1126.92
OUT_15544,144.53
OUT_15545,258.77
OUT_15546,139.36
OUT_15547,304.41
OUT_15548,913.5
OUT_15549,209.22
OUT_15550,91.39
OUT_15551,282.35
OUT_15552,2231.13
OUT_15553,139.19
OUT_15554,81.48
OUT_15555,100.48
OUT_15556,121.22
OUT_15557,118.8
OUT_15558,101.72
OUT_15559,106.33
OUT_15560,288.48
OUT_15561,121.63
OUT_15562,2051.17
OUT_15563,125.29
OUT_15564,104.72
OUT_15565,968.65
OUT_15566,127.89
OUT_15567,106.31
OUT_15568,134.11
OUT_15569,124.77
OUT_15570,114.95
OUT_15571,147.0
OUT_15572,127.31
OUT_15573,121.27
OUT_15574,249.35
OUT_15575,139.06
OUT_15576,120.59
OUT_15577,153.95
OUT_15578,973.48
OUT_15579,284.9
OUT_15580,270.25
OUT_15581,267.97
OUT_15582,248.44
OUT_15583,2128.41
OUT_15584,915.51
OUT_15585,118.61
OUT_15586,254.29
OUT_15587,225.38
OUT_15588,135.62
OUT_15589,100.04
OUT_15590,155.5
OUT_15591,127.08
OUT_15592,2168.65
OUT_15593,956.98
OUT_15594,121.52
OUT_15595,311.09
OUT_15596,1274.73
OUT_15597,122.35
OUT_15598,2175.64
OUT_15599,129.49
OUT_15600,245.68
OUT_15601,959.92
OUT_15602,152.02
OUT_15603,285.72
OUT_15604,349.83
OUT_15605,113.1
OUT_15606,261.87
OUT_15607,919.54
OUT_15608,315.6
OUT_15609,275.85
OUT_15610,131.16
OUT_15611,129.37
OUT_15612,115.21
OUT_15613,2055.41
OUT_15614,131.11
OUT_15615,303.61
OUT_15616,115.32
OUT_15617,157.85
OUT_15618,132.12
OUT_15619,308.86
OUT_15620,146.6
OUT_15621,315.37
OUT_15622,131.77
OUT_15623,258.61
OUT_15624,938.06
OUT_15625,330.74
OUT_15626,1029.65
OUT_15627,2168.94
OUT_15628,2057.54
OUT_15629,899.92
OUT_15630,121.75
OUT_15631,138.54
OUT_15632,160.84
OUT_15633,149.82
OUT_15634,423.23
OUT_15635,124.06
OUT_15636,120.44
OUT_15637,2062.8
OUT_15638,254.46
OUT_15639,109.26
OUT_15640,158.43
OUT_15641,118.84
OUT_15642,98.01
OUT_15643,134.11
OUT_15644,138.76
OUT_15645,131.35
OUT_15646,280.63
OUT_15647,108.74
OUT_15648,287.15
OUT_15649,276.3
OUT_15650,2120.68
OUT_15651,292.1
OUT_15652,130.48
OUT_15653,159.98
OUT_15654,134.05
OUT_15655,122.31
OUT_15656,129.92
OUT_15657,130.62
OUT_15658,135.31
OUT_15659,286.14
OUT_15660,146.68
OUT_15661,126.18
OUT_15662,284.95
OUT_15663,122.47
OUT_15664,1008.56
OUT_15665,2212.58
OUT_15666,256.76
OUT_15667,887.02
OUT_15668,230.3
OUT_15669,953.78
OUT_15670,246.24
OUT_15671,138.03
OUT_15672,264.04
OUT_15673,975.88
OUT_15674,922.39
OUT_15675,285.55
OUT_15676,125.58
OUT_15677,233.34
OUT_15678,315.08
OUT_15679,117.5
OUT_15680,874.53
OUT_15681,93.4
OUT_15682,143.38
OUT_15683,130.51
OUT_15684,95.46
OUT_15685,229.03
OUT_15686,159.38
OUT_15687,132.74
OUT_15688,2252.19
OUT_15689,158.37
OUT_15690,291.26
OUT_15691,247.16
OUT_15692,118.3
OUT_15693,907.21
OUT_15694,274.32
OUT_15695,122.66
OUT_15696,289.8
OUT_15697,2182.51
OUT_15698,114.02
OUT_15699,128.98
OUT_15700,284.43
OUT_15701,264.25
OUT_15702,909.43
OUT_15703,128.07
OUT_15704,145.11
OUT_15705,139.28
OUT_15706,272.2
OUT_15707,883.51
OUT_15708,973.43
OUT_15709,143.51
OUT_15710,154.62
OUT_15711,137.3
OUT_15712,270.53
OUT_15713,151.0
OUT_15714,108.66
OUT_15715,127.03
OUT_15716,274.58
OUT_15717,2136.16
OUT_15718,117.33
OUT_15719,1163.85
OUT_15720,116.17
OUT_15721,119.24
OUT_15722,262.38
OUT_15723,133.71
OUT_15724,944.29
OUT_15725,107.7
OUT_15726,156.48
OUT_15727,282.31
OUT_15728,2084.95
OUT_15729,952.58
OUT_15730,244.32
OUT_15731,915.92
OUT_15732,152.22
OUT_15733,950.87
OUT_15734,139.26
OUT_15735,145.91
OUT_15736,223.6
OUT_15737,266.5
OUT_15738,264.57
OUT_15739,979.83
OUT_15740,239.87
OUT_15741,152.98
OUT_15742,135.99
OUT_15743,113.65
OUT_15744,121.88
OUT_15745,974.9
OUT_15746,924.66
OUT_15747,90.22
OUT_15748,919.71
OUT_15749,110.84
OUT_15750,1034.43
OUT_15751,911.48
OUT_15752,133.35
OUT_15753,129.77
OUT_15754,332.86
OUT_15755,953.72
OUT_15756,883.26
OUT_15757,272.05
OUT_15758,276.8
OUT_15759,151.65
OUT_15760,341.19
OUT_15761,112.29
OUT_15762,308.55
OUT_15763,271.85
OUT_15764,295.12
OUT_15765,118.33
OUT_15766,134.99
OUT_15767,120.27
OUT_15768,136.76
OUT_15769,240.73
OUT_15770,101.59
OUT_15771,130.24
OUT_15772,245.78
OUT_15773,296.24
OUT_15774,316.17
OUT_15775,171.45
OUT_15776,155.16
OUT_15777,274.09
OUT_15778,278.28
OUT_15779,264.4
OUT_15780,981.59
OUT_15781,250.04
OUT_15782,2188.75
OUT_15783,306.28
OUT_15784,135.72
OUT_15785,88.43
OUT_15786,127.09
OUT_15787,947.63
OUT_15788,284.33
OUT_15789,144.7
OUT_15790,2076.63
OUT_15791,143.63
OUT_15792,270.87
OUT_15793,2043.54
OUT_15794,276.08
OUT_15795,309.89
OUT_15796,134.39
OUT_15797,953.37
OUT_15798,283.6
OUT_15799,953.04
OUT_15800,982.25
OUT_15801,1015.04
OUT_15802,2173.14
OUT_15803,84.13
OUT_15804,150.74
OUT_15805,126.58
OUT_15806,126.88
OUT_15807,137.31
OUT_15808,287.4
OUT_15809,325.76
OUT_15810,140.14
OUT_15811,93.13
OUT_15812,237.79
OUT_15813,138.92
OUT_15814,969.99
OUT_15815,123.43
OUT_15816,122.19
OUT_15817,113.19
OUT_15818,143.75
OUT_15819,118.24
OUT_15820,146.88
OUT_15821,129.41
OUT_15822,117.85
OUT_15823,131.91
OUT_15824,96.01
OUT_15825,1018.9
OUT_15826,296.22
OUT_15827,140.77
OUT_15828,947.21
OUT_15829,274.06
OUT_15830,280.3
OUT_15831,142.85
OUT_15832,295.15
OUT_15833,135.99
OUT_15834,854.1
OUT_15835,104.27
OUT_15836,109.69
OUT_15837,2142.39
OUT_15838,992.82
OUT_15839,912.26
OUT_15840,872.31
OUT_15841,316.97
OUT_15842,115.66
OUT_15843,292.68
OUT_15844,113.37
OUT_15845,840.41
OUT_15846,233.27
OUT_15847,2221.26
OUT_15848,851.34
OUT_15849,1020.16
OUT_15850,137.0
OUT_15851,137.12
OUT_15852,962.55
OUT_15853,2223.46
OUT_15854,231.7
OUT_15855,126.99
OUT_15856,137.74
OUT_15857,166.09
OUT_15858,141.13
OUT_15859,215.49
OUT_15860,98.57
OUT_15861,2231.66
OUT_15862,884.51
OUT_15863,119.8
OUT_15864,164.54
OUT_15865,279.53
OUT_15866,258.44
OUT_15867,305.66
OUT_15868,131.36
OUT_15869,262.71
OUT_15870,111.88
OUT_15871,2266.53
OUT_15872,224.49
OUT_15873,130.59
OUT_15874,985.64
OUT_15875,128.4
OUT_15876,133.47
OUT_15877,2106.4
OUT_15878,316.26
OUT_15879,110.91
OUT_15880,287.59
OUT_15881,127.0
OUT_15882,906.45
OUT_15883,145.96
OUT_15884,138.6
OUT_15885,169.74
OUT_15886,976.83
OUT_15887,140.7
OUT_15888,118.21
OUT_15889,110.09
OUT_15890,2166.59
OUT_15891,118.08
OUT_15892,121.55
OUT_15893,123.61
OUT_15894,174.4
OUT_15895,909.81
OUT_15896,157.19
OUT_15897,110.63
OUT_15898,127.0
OUT_15899,953.71
OUT_15900,270.31
OUT_15901,284.59
OUT_15902,150.38
OUT_15903,122.52
OUT_15904,94.04
OUT_15905,290.56
OUT_15906,2094.52
OUT_15907,142.06
OUT_15908,306.61
OUT_15909,229.67
OUT_15910,131.71
OUT_15911,328.34
OUT_15912,963.11
OUT_15913,128.0
OUT_15914,148.43
OUT_15915,137.04
OUT_15916,156.12
OUT_15917,157.36
OUT_15918,124.58
OUT_15919,1138.85
OUT_15920,249.6
OUT_15921,982.17
OUT_15922,913.96
OUT_15923,92.95
OUT_15924,243.51
OUT_15925,128.86
OUT_15926,984.81
OUT_15927,118.55
OUT_15928,154.28
OUT_15929,273.21
OUT_15930,942.71
OUT_15931,872.78
OUT_15932,125.64
OUT_15933,126.59
OUT_15934,1026.51
OUT_15935,241.6
OUT_15936,87.28
OUT_15937,144.68
OUT_15938,157.8
OUT_15939,134.04
OUT_15940,128.2
OUT_15941,153.49
OUT_15942,997.21
OUT_15943,144.08
OUT_15944,152.53
OUT_15945,316.27
OUT_15946,159.46
OUT_15947,116.51
OUT_15948,134.39
OUT_15949,145.96
OUT_15950,119.3
OUT_15951,1974.35
OUT_15952,956.54
OUT_15953,272.05
OUT_15954,269.24
OUT_15955,941.27
OUT_15956,122.85
OUT_15957,134.41
OUT_15958,911.58
OUT_15959,259.51
OUT_15960,118.65
OUT_15961,210.38
OUT_15962,236.05
OUT_15963,120.36
OUT_15964,121.34
OUT_15965,112.9
OUT_15966,292.05
OUT_15967,116.2
OUT_15968,1005.87
OUT_15969,152.26
OUT_15970,134.45
OUT_15971,2205.2
OUT_15972,251.64
OUT_15973,298.26
OUT_15974,248.2
OUT_15975,226.58
OUT_15976,135.5
OUT_15977,114.06
OUT_15978,305.44
OUT_15979,1117.72
OUT_15980,106.94
OUT_15981,129.3
OUT_15982,105.15
OUT_15983,141.77
OUT_15984,160.27
OUT_15985,948.25
OUT_15986,295.94
OUT_15987,146.45
OUT_15988,131.87
OUT_15989,920.13
OUT_15990,242.78
OUT_15991,138.57
OUT_15992,110.31
OUT_15993,255.81
OUT_15994,282.15
OUT_15995,143.32
OUT_15996,989.93
OUT_15997,153.03
OUT_15998,272.06
OUT_15999,133.13
OUT_16000,946.81
OUT_16001,301.3
OUT_16002,177.39
OUT_16003,317.64
OUT_16004,958.42
OUT_16005,150.84
OUT_16006,257.31
OUT_16007,127.48
OUT_16008,284.26
OUT_16009,110.39
OUT_16010,169.02
OUT_16011,132.08
OUT_16012,98.94
OUT_16013,132.19
OUT_16014,122.98
OUT_16015,129.02
OUT_16016,973.16
OUT_16017,141.3
OUT_16018,146.02
OUT_16019,239.84
OUT_16020,292.04
OUT_16021,131.26
OUT_16022,120.58
OUT_16023,291.36
OUT_16024,135.23
OUT_16025,243.97
OUT_16026,234.97
OUT_16027,99.65
OUT_16028,134.32
OUT_16029,249.81
OUT_16030,121.99
OUT_16031,253.17
OUT_16032,104.62
OUT_16033,145.65
OUT_16034,906.62
OUT_16035,296.32
OUT_16036,269.92
OUT_16037,112.37
OUT_16038,131.38
OUT_16039,138.69
OUT_16040,126.23
OUT_16041,2153.76
OUT_16042,290.56
OUT_16043,959.73
OUT_16044,139.86
OUT_16045,319.53
OUT_16046,260.04
OUT_16047,134.11
OUT_16048,257.36
OUT_16049,890.8
OUT_16050,104.19
OUT_16051,118.33
OUT_16052,146.75
OUT_16053,121.81
OUT_16054,251.65
OUT_16055,940.45
OUT_16056,144.85
OUT_16057,147.23
OUT_16058,287.75
OUT_16059,96.83
OUT_16060,156.3
OUT_16061,110.75
OUT_16062,266.88
OUT_16063,265.93
OUT_16064,1012.4
OUT_16065,158.33
OUT_16066,129.73
OUT_16067,141.35
OUT_16068,133.92
OUT_16069,260.16
OUT_16070,114.68
OUT_16071,2106.92
OUT_16072,121.33
OUT_16073,132.0
OUT_16074,124.13
OUT_16075,2154.65
OUT_16076,131.23
OUT_16077,287.13
OUT_16078,337.21
OUT_16079,331.03
OUT_16080,139.3
OUT_16081,142.06
OUT_16082,298.1
OUT_16083,1013.98
OUT_16084,258.15
OUT_16085,2109.89
OUT_16086,1045.86
OUT_16087,245.44
OUT_16088,889.28
OUT_16089,136.93
OUT_16090,115.95
OUT_16091,118.7
OUT_16092,128.61
OUT_16093,306.39
OUT_16094,2207.55
OUT_16095,150.18
OUT_16096,147.32
OUT_16097,984.52
OUT_16098,114.76
OUT_16099,264.66
OUT_16100,117.41
OUT_16101,111.04
OUT_16102,228.42
OUT_16103,259.41
OUT_16104,299.71
OUT_16105,253.32
OUT_16106,288.15
OUT_16107,266.38
OUT_16108,1945.55
OUT_16109,126.05
OUT_16110,153.05
OUT_16111,132.93
OUT_16112,291.73
OUT_16113,897.22
OUT_16114,876.94
OUT_16115,108.5
OUT_16116,931.85
OUT_16117,112.6
OUT_16118,114.69
OUT_16119,149.09
OUT_16120,119.17
OUT_16121,138.67
OUT_16122,112.51
OUT_16123,981.22
OUT_16124,238.06
OUT_16125,151.96
OUT_16126,281.35
OUT_16127,120.04
OUT_16128,291.22
OUT_16129,148.35
OUT_16130,245.76
OUT_16131,125.64
OUT_16132,159.61
OUT_16133,135.59
OUT_16134,125.66
OUT_16135,884.92
OUT_16136,807.35
OUT_16137,148.2
OUT_16138,121.59
OUT_16139,156.24
OUT_16140,307.1
OUT_16141,136.24
OUT_16142,1014.56
OUT_16143,1147.21
OUT_16144,878.75
OUT_16145,169.54
OUT_16146,1064.66
OUT_16147,241.06
OUT_16148,90.61
OUT_16149,108.67
OUT_16150,950.0
OUT_16151,131.06
OUT_16152,132.18
OUT_16153,1005.93
OUT_16154,295.69
OUT_16155,169.0
OUT_16156,250.46
OUT_16157,139.86
OUT_16158,248.27
OUT_16159,166.58
OUT_16160,110.59
OUT_16161,297.78
OUT_16162,299.61
OUT_16163,144.89
OUT_16164,1130.16
OUT_16165,109.55
OUT_16166,133.4
OUT_16167,138.27
OUT_16168,80.74
OUT_16169,2203.05
OUT_16170,966.8
OUT_16171,243.8
OUT_16172,884.39
OUT_16173,261.36
OUT_16174,110.01
OUT_16175,148.34
OUT_16176,955.49
OUT_16177,236.5
OUT_16178,78.01
OUT_16179,332.46
OUT_16180,2014.38
OUT_16181,240.77
OUT_16182,106.75
OUT_16183,2197.82
OUT_16184,993.98
OUT_16185,944.8
OUT_16186,171.41
OUT_16187,151.78
OUT_16188,170.79
OUT_16189,278.0
OUT_16190,963.18
OUT_16191,140.39
OUT_16192,277.45
OUT_16193,292.45
OUT_16194,1031.76
OUT_16195,2135.39
OUT_16196,260.47
OUT_16197,126.66
OUT_16198,132.7
OUT_16199,2039.45
OUT_16200,162.31
OUT_16201,902.32
OUT_16202,128.79
OUT_16203,124.72
OUT_16204,299.84
OUT_16205,142.35
OUT_16206,130.77
OUT_16207,287.53
OUT_16208,135.42
OUT_16209,846.11
OUT_16210,135.26
OUT_16211,95.18
OUT_16212,130.02
OUT_16213,163.94
OUT_16214,151.7
OUT_16215,901.41
OUT_16216,920.42
OUT_16217,258.18
OUT_16218,130.14
OUT_16219,1096.67
OUT_16220,153.42
OUT_16221,80.21
OUT_16222,141.24
OUT_16223,2053.57
OUT_16224,180.86
OUT_16225,237.18
OUT_16226,132.94
OUT_16227,141.14
OUT_16228,2237.83
OUT_16229,2151.15
OUT_16230,291.26
OUT_16231,111.94
OUT_16232,144.14
OUT_16233,134.3
OUT_16234,357.92
OUT_16235,313.19
OUT_16236,138.84
OUT_16237,256.93
OUT_16238,2250.71
OUT_16239,168.03
OUT_16240,221.43
OUT_16241,168.35
OUT_16242,239.88
OUT_16243,919.31
OUT_16244,883.45
OUT_16245,940.7
OUT_16246,160.43
OUT_16247,127.13
OUT_16248,297.94
OUT_16249,137.28
OUT_16250,148.19
OUT_16251,115.55
OUT_16252,1083.61
OUT_16253,137.8
OUT_16254,1008.19
OUT_16255,945.34
OUT_16256,248.73
OUT_16257,129.5
OUT_16258,992.03
OUT_16259,113.83
OUT_16260,151.56
OUT_16261,273.5
OUT_16262,142.47
OUT_16263,147.58
OUT_16264,124.62
OUT_16265,140.17
OUT_16266,136.74
OUT_16267,118.25
OUT_16268,111.84
OUT_16269,252.25
OUT_16270,102.08
OUT_16271,963.73
OUT_16272,276.09
OUT_16273,893.63
OUT_16274,158.38
OUT_16275,967.15
OUT_16276,143.52
OUT_16277,123.64
OUT_16278,266.58
OUT_16279,274.11
OUT_16280,157.81
OUT_16281,112.32
OUT_16282,152.0
OUT_16283,290.51
OUT_16284,869.46
OUT_16285,113.12
OUT_16286,118.19
OUT_16287,270.42
OUT_16288,302.99
OUT_16289,134.19
OUT_16290,142.02
OUT_16291,129.69
OUT_16292,245.24
OUT_16293,283.04
OUT_16294,139.29
OUT_16295,133.65
OUT_16296,270.51
OUT_16297,302.35
OUT_16298,138.18
OUT_16299,357.57
OUT_16300,989.61
OUT_16301,139.97
OUT_16302,906.42
OUT_16303,2074.87
OUT_16304,2056.07
OUT_16305,117.59
OUT_16306,128.08
OUT_16307,151.05
OUT_16308,136.08
OUT_16309,311.67
OUT_16310,299.82
OUT_16311,953.68
OUT_16312,161.83
OUT_16313,105.42
OUT_16314,2082.79
OUT_16315,978.39
OUT_16316,126.63
OUT_16317,1160.65
OUT_16318,927.57
OUT_16319,96.98
OUT_16320,141.45
OUT_16321,291.04
OUT_16322,1126.05
OUT_16323,290.25
OUT_16324,150.66
OUT_16325,122.66
OUT_16326,944.88
OUT_16327,233.86
OUT_16328,1022.5
OUT_16329,2166.86
OUT_16330,975.83
OUT_16331,2145.89
OUT_16332,119.73
OUT_16333,124.97
OUT_16334,850.63
OUT_16335,224.62
OUT_16336,2202.87
OUT_16337,149.32
OUT_16338,149.87
OUT_16339,122.25
OUT_16340,134.47
OUT_16341,280.97
OUT_16342,115.44
OUT_16343,888.44
OUT_16344,170.5
OUT_16345,124.2
OUT_16346,110.21
OUT_16347,158.72
OUT_16348,333.75
OUT_16349,867.39
OUT_16350,120.98
OUT_16351,1042.92
OUT_16352,141.57
OUT_16353,147.02
OUT_16354,165.17
OUT_16355,132.07
OUT_16356,115.59
OUT_16357,100.49
OUT_16358,147.09
OUT_16359,289.29
OUT_16360,126.74
OUT_16361,113.08
OUT_16362,1011.29
OUT_16363,132.2
OUT_16364,1019.17
OUT_16365,100.54
OUT_16366,136.44
OUT_16367,266.33
OUT_16368,109.31
OUT_16369,110.9
OUT_16370,242.2
OUT_16371,88.15
OUT_16372,132.31
OUT_16373,128.23
OUT_16374,122.45
OUT_16375,295.48
OUT_16376,153.23
OUT_16377,138.65
OUT_16378,149.75
OUT_16379,128.7
OUT_16380,128.49
OUT_16381,147.85
OUT_16382,1028.87
OUT_16383,928.02
OUT_16384,268.93
OUT_16385,122.89
OUT_16386,152.36
OUT_16387,282.63
OUT_16388,2102.1
OUT_16389,1049.5
OUT_16390,280.69
OUT_16391,132.58
OUT_16392,120.21
OUT_16393,115.08
OUT_16394,989.37
OUT_16395,126.02
OUT_16396,164.5
OUT_16397,993.03
OUT_16398,253.91
OUT_16399,110.74
OUT_16400,104.14
OUT_16401,129.42
OUT_16402,280.24
OUT_16403,1214.67
OUT_16404,289.63
OUT_16405,95.44
OUT_16406,147.34
OUT_16407,259.04
OUT_16408,94.4
OUT_16409,290.82
OUT_16410,106.37
OUT_16411,336.65
OUT_16412,142.09
OUT_16413,968.41
OUT_16414,1089.42
OUT_16415,109.71
OUT_16416,137.1
OUT_16417,979.1
OUT_16418,99.55
OUT_16419,237.18
OUT_16420,157.02
OUT_16421,294.21
OUT_16422,118.85
OUT_16423,321.18
OUT_16424,981.89
OUT_16425,243.06
OUT_16426,1016.11
OUT_16427,151.24
OUT_16428,155.96
OUT_16429,349.22
OUT_16430,130.78
OUT_16431,134.3
OUT_16432,140.61
OUT_16433,232.3
OUT_16434,118.1
OUT_16435,876.1
OUT_16436,274.08
OUT_16437,2180.15
OUT_16438,147.53
OUT_16439,297.65
OUT_16440,161.97
OUT_16441,2234.04
OUT_16442,119.03
OUT_16443,117.19
OUT_16444,268.9
OUT_16445,165.16
OUT_16446,105.14
OUT_16447,148.07
OUT_16448,247.27
OUT_16449,288.63
OUT_16450,110.37
OUT_16451,878.44
OUT_16452,237.95
OUT_16453,135.41
OUT_16454,247.46
OUT_16455,303.82
OUT_16456,130.02
OUT_16457,266.19
OUT_16458,119.54
OUT_16459,1089.91
OUT_16460,2157.28
OUT_16461,270.92
OUT_16462,126.88
OUT_16463,242.25
OUT_16464,173.12
OUT_16465,261.96
OUT_16466,115.3
OUT_16467,818.7
OUT_16468,293.53
OUT_16469,127.92
OUT_16470,1013.08
OUT_16471,119.7
OUT_16472,135.42
OUT_16473,140.13
OUT_16474,140.86
OUT_16475,144.56
OUT_16476,162.27
OUT_16477,270.52
OUT_16478,250.91
OUT_16479,252.67
OUT_16480,260.98
OUT_16481,90.53
OUT_16482,115.17
OUT_16483,245.36
OUT_16484,277.54
OUT_16485,158.54
OUT_16486,120.29
OUT_16487,240.8
OUT_16488,2164.43
OUT_16489,231.94
OUT_16490,105.61
OUT_16491,146.95
OUT_16492,2067.92
OUT_16493,119.17
OUT_16494,264.64
OUT_16495,161.11
OUT_16496,238.97
OUT_16497,966.41
OUT_16498,133.09
OUT_16499,254.32
OUT_16500,120.91
OUT_16501,234.04
OUT_16502,949.74
OUT_16503,131.09
OUT_16504,120.24
OUT_16505,134.89
OUT_16506,121.35
OUT_16507,115.02
OUT_16508,124.58
OUT_16509,159.8
OUT_16510,133.71
OUT_16511,826.7
OUT_16512,129.45
OUT_16513,242.91
OUT_16514,324.99
OUT_16515,287.68
OUT_16516,238.7
OUT_16517,257.85
OUT_16518,127.08
OUT_16519,163.46
OUT_16520,2125.08
OUT_16521,313.82
OUT_16522,96.11
OUT_16523,115.65
OUT_16524,251.77
OUT_16525,246.98
OUT_16526,95.83
OUT_16527,168.43
OUT_16528,139.97
OUT_16529,306.99
OUT_16530,966.31
OUT_16531,879.32
OUT_16532,122.31
OUT_16533,255.35
OUT_16534,128.27
OUT_16535,114.85
OUT_16536,992.84
OUT_16537,323.07
OUT_16538,2164.06
OUT_16539,282.67
OUT_16540,869.85
OUT_16541,148.61
OUT_16542,269.95
OUT_16543,283.58
OUT_16544,320.12
OUT_16545,160.8
OUT_16546,164.12
OUT_16547,136.78
OUT_16548,2170.61
OUT_16549,111.55
OUT_16550,123.53
OUT_16551,244.96
OUT_16552,138.79
OUT_16553,284.05
OUT_16554,123.96
OUT_16555,167.48
OUT_16556,130.6
OUT_16557,152.74
OUT_16558,291.95
OUT_16559,274.78
OUT_16560,110.58
OUT_16561,159.45
OUT_16562,142.91
OUT_16563,135.62
OUT_16564,116.61
OUT_16565,151.55
OUT_16566,157.14
OUT_16567,152.01
OUT_16568,143.98
OUT_16569,281.1
OUT_16570,2198.44
OUT_16571,123.31
OUT_16572,136.27
OUT_16573,2243.67
OUT_16574,142.1
OUT_16575,154.85
OUT_16576,874.22
OUT_16577,103.24
OUT_16578,280.52
OUT_16579,257.05
OUT_16580,126.04
OUT_16581,104.8
OUT_16582,134.65
OUT_16583,918.18
OUT_16584,152.97
OUT_16585,117.33
OUT_16586,903.71
OUT_16587,145.06
OUT_16588,239.33
OUT_16589,132.71
OUT_16590,1004.23
OUT_16591,108.59
OUT_16592,254.89
OUT_16593,978.46
OUT_16594,135.86
OUT_16595,126.86
OUT_16596,2185.27
OUT_16597,1997.06
OUT_16598,1011.07
OUT_16599,118.61
OUT_16600,88.02
OUT_16601,223.44
OUT_16602,906.31
OUT_16603,138.06
OUT_16604,129.96
OUT_16605,2164.98
OUT_16606,112.5
OUT_16607,288.49
OUT_16608,144.43
OUT_16609,268.96
OUT_16610,131.6
OUT_16611,114.95
OUT_16612,242.81
OUT_16613,157.7
OUT_16614,144.95
OUT_16615,149.98
OUT_16616,291.43
OUT_16617,262.59
OUT_16618,130.77
OUT_16619,246.7
OUT_16620,243.62
OUT_16621,102.74
OUT_16622,250.63
OUT_16623,838.86
OUT_16624,117.58
OUT_16625,128.74
OUT_16626,124.82
OUT_16627,117.62
OUT_16628,134.37
OUT_16629,130.12
OUT_16630,157.91
OUT_16631,264.55
OUT_16632,289.03
OUT_16633,934.39
OUT_16634,153.02
OUT_16635,126.32
OUT_16636,145.46
OUT_16637,157.36
OUT_16638,138.63
OUT_16639,2123.97
OUT_16640,291.71
OUT_16641,855.7
OUT_16642,303.31
OUT_16643,277.71
OUT_16644,244.75
OUT_16645,241.76
OUT_16646,281.27
OUT_16647,254.75
OUT_16648,170.31
OUT_16649,956.24
OUT_16650,114.94
OUT_16651,155.06
OUT_16652,292.21
OUT_16653,122.14
OUT_16654,925.35
OUT_16655,155.18
OUT_16656,1016.94
OUT_16657,852.49
OUT_16658,106.59
OUT_16659,1020.59
OUT_16660,128.96
OUT_16661,119.12
OUT_16662,256.08
OUT_16663,102.94
OUT_16664,130.51
OUT_16665,278.11
OUT_16666,137.0
OUT_16667,123.42
OUT_16668,119.41
OUT_16669,110.67
OUT_16670,933.77
OUT_16671,135.31
OUT_16672,160.18
OUT_16673,233.61
OUT_16674,129.12
OUT_16675,906.76
OUT_16676,981.92
OUT_16677,87.89
OUT_16678,121.61
OUT_16679,102.48
OUT_16680,321.07
OUT_16681,113.78
OUT_16682,104.41
OUT_16683,137.7
OUT_16684,120.73
OUT_16685,277.05
OUT_16686,137.52
OUT_16687,1128.91
OUT_16688,2124.4
OUT_16689,134.37
OUT_16690,816.13
OUT_16691,118.44
OUT_16692,245.65
OUT_16693,133.97
OUT_16694,344.47
OUT_16695,129.46
OUT_16696,131.14
OUT_16697,81.39
OUT_16698,297.74
OUT_16699,140.14
OUT_16700,114.35
OUT_16701,109.16
OUT_16702,276.96
OUT_16703,900.98
OUT_16704,110.06
OUT_16705,284.6
OUT_16706,155.23
OUT_16707,983.41
OUT_16708,103.77
OUT_16709,108.23
OUT_16710,123.57
OUT_16711,974.23
OUT_16712,912.6
OUT_16713,129.89
OUT_16714,142.49
OUT_16715,149.63
OUT_16716,291.28
OUT_16717,282.22
OUT_16718,135.75
OUT_16719,259.59
OUT_16720,144.04
OUT_16721,297.05
OUT_16722,172.98
OUT_16723,148.96
OUT_16724,898.22
OUT_16725,299.69
OUT_16726,328.06
OUT_16727,142.49
OUT_16728,1048.48
OUT_16729,97.08
OUT_16730,132.76
OUT_16731,236.68
OUT_16732,245.47
OUT_16733,126.39
OUT_16734,156.32
OUT_16735,132.17
OUT_16736,145.33
OUT_16737,227.33
OUT_16738,879.05
OUT_16739,315.95
OUT_16740,297.12
OUT_16741,872.11
OUT_16742,871.06
OUT_16743,137.86
OUT_16744,114.42
OUT_16745,300.6
OUT_16746,269.26
OUT_16747,224.26
OUT_16748,129.6
OUT_16749,830.08
OUT_16750,91.91
OUT_16751,135.73
OUT_16752,110.66
OUT_16753,938.96
OUT_16754,112.86
OUT_16755,146.85
OUT_16756,136.27
OUT_16757,294.09
OUT_16758,137.52
OUT_16759,113.54
OUT_16760,256.93
OUT_16761,163.65
OUT_16762,286.33
OUT_16763,149.96
OUT_16764,152.56
OUT_16765,104.59
OUT_16766,225.7
OUT_16767,97.77
OUT_16768,246.48
OUT_16769,995.62
OUT_16770,260.73
OUT_16771,125.71
OUT_16772,169.48
OUT_16773,81.77
OUT_16774,135.66
OUT_16775,879.88
OUT_16776,242.25
OUT_16777,235.11
OUT_16778,328.0
OUT_16779,132.43
OUT_16780,98.84
OUT_16781,118.43
OUT_16782,131.74
OUT_16783,293.91
OUT_16784,269.65
OUT_16785,901.94
OUT_16786,1083.13
OUT_16787,886.68
OUT_16788,149.74
OUT_16789,144.94
OUT_16790,281.99
OUT_16791,936.24
OUT_16792,122.5
OUT_16793,268.94
OUT_16794,254.76
OUT_16795,116.93
OUT_16796,281.66
OUT_16797,134.24
OUT_16798,159.21
OUT_16799,127.7
OUT_16800,167.58
OUT_16801,146.3
OUT_16802,165.66
OUT_16803,120.19
OUT_16804,1023.83
OUT_16805,110.11
OUT_16806,966.96
OUT_16807,330.38
OUT_16808,1066.83
OUT_16809,2242.56
OUT_16810,239.65
OUT_16811,131.27
OUT_16812,1020.43
OUT_16813,988.0
OUT_16814,140.73
OUT_16815,979.79
OUT_16816,140.15
OUT_16817,278.06
OUT_16818,300.53
OUT_16819,178.01
OUT_16820,937.76
OUT_16821,349.79
OUT_16822,107.94
OUT_16823,117.93
OUT_16824,286.32
OUT_16825,140.15
OUT_16826,128.42
OUT_16827,2038.52
OUT_16828,251.88
OUT_16829,99.63
OUT_16830,1049.09
OUT_16831,123.6
OUT_16832,994.36
OUT_16833,287.02
OUT_16834,291.04
OUT_16835,145.19
OUT_16836,132.75
OUT_16837,107.71
OUT_16838,890.16
OUT_16839,245.71
OUT_16840,1005.59
OUT_16841,988.34
OUT_16842,127.97
OUT_16843,139.15
OUT_16844,227.71
OUT_16845,82.21
OUT_16846,128.17
OUT_16847,115.99
OUT_16848,2058.53
OUT_16849,116.92
OUT_16850,144.39
OUT_16851,879.71
OUT_16852,228.25
OUT_16853,161.85
OUT_16854,135.61
OUT_16855,245.77
OUT_16856,280.52
OUT_16857,281.66
OUT_16858,922.58
OUT_16859,139.83
OUT_16860,218.86
OUT_16861,276.45
OUT_16862,126.44
OUT_16863,1047.77
OUT_16864,2111.31
OUT_16865,151.55
OUT_16866,299.17
OUT_16867,157.35
OUT_16868,1059.72
OUT_16869,131.29
OUT_16870,270.93
OUT_16871,142.25
OUT_16872,985.7
OUT_16873,239.53
OUT_16874,288.22
OUT_16875,229.11
OUT_16876,905.06
OUT_16877,154.8
OUT_16878,137.47
OUT_16879,160.81
OUT_16880,1037.21
OUT_16881,113.45
OUT_16882,254.67
OUT_16883,118.09
OUT_16884,1163.44
OUT_16885,134.67
OUT_16886,116.48
OUT_16887,145.4
OUT_16888,265.93
OUT_16889,305.3
OUT_16890,127.29
OUT_16891,991.98
OUT_16892,127.07
OUT_16893,264.31
OUT_16894,291.56
OUT_16895,97.76
OUT_16896,135.74
OUT_16897,140.1
OUT_16898,111.24
OUT_16899,1162.13
OUT_16900,879.71
OUT_16901,109.55
OUT_16902,256.87
OUT_16903,119.98
OUT_16904,127.05
OUT_16905,256.53
OUT_16906,143.11
OUT_16907,122.81
OUT_16908,930.12
OUT_16909,883.24
OUT_16910,132.73
OUT_16911,124.36
OUT_16912,138.92
OUT_16913,239.21
OUT_16914,156.22
OUT_16915,135.29
OUT_16916,130.78
OUT_16917,145.97
OUT_16918,93.16
OUT_16919,149.32
OUT_16920,265.44
OUT_16921,249.39
OUT_16922,132.46
OUT_16923,260.59
OUT_16924,965.93
OUT_16925,1165.32
OUT_16926,99.04
OUT_16927,254.61
OUT_16928,233.2
OUT_16929,154.21
OUT_16930,287.86
OUT_16931,110.26
OUT_16932,282.97
OUT_16933,118.7
OUT_16934,292.88
OUT_16935,2148.91
OUT_16936,267.92
OUT_16937,915.95
OUT_16938,131.56
OUT_16939,100.43
OUT_16940,108.78
OUT_16941,146.82
OUT_16942,251.49
OUT_16943,134.13
OUT_16944,288.03
OUT_16945,153.91
OUT_16946,2057.33
OUT_16947,130.44
OUT_16948,141.43
OUT_16949,132.65
OUT_16950,175.96
OUT_16951,112.16
OUT_16952,140.08
OUT_16953,111.87
OUT_16954,111.03
OUT_16955,123.49
OUT_16956,141.27
OUT_16957,134.21
OUT_16958,948.08
OUT_16959,2187.26
OUT_16960,148.06
OUT_16961,299.56
OUT_16962,143.72
OUT_16963,94.01
OUT_16964,136.91
OUT_16965,256.74
OUT_16966,142.65
OUT_16967,311.82
OUT_16968,259.41
OUT_16969,242.0
OUT_16970,294.23
OUT_16971,920.52
OUT_16972,149.29
OUT_16973,118.84
OUT_16974,264.09
OUT_16975,259.56
OUT_16976,108.95
OUT_16977,973.15
OUT_16978,124.84
OUT_16979,120.7
OUT_16980,108.94
OUT_16981,134.76
OUT_16982,139.85
OUT_16983,330.94
OUT_16984,143.07
OUT_16985,257.19
OUT_16986,2055.93
OUT_16987,284.03
OUT_16988,270.16
OUT_16989,289.02
OUT_16990,2157.48
OUT_16991,318.86
OUT_16992,134.31
OUT_16993,119.92
OUT_16994,244.48
OUT_16995,129.72
OUT_16996,310.58
OUT_16997,241.05
OUT_16998,146.2
OUT_16999,272.39
OUT_17000,97.72
OUT_17001,150.24
OUT_17002,341.25
OUT_17003,164.62
OUT_17004,361.6
OUT_17005,371.02
OUT_17006,358.51
OUT_17007,364.59
OUT_17008,1179.11
OUT_17009,2490.9
OUT_17010,2587.36
OUT_17011,151.48
OUT_17012,142.9
OUT_17013,142.41
OUT_17014,2485.03
OUT_17015,322.45
OUT_17016,183.12
OUT_17017,190.45
OUT_17018,154.07
OUT_17019,382.86
OUT_17020,162.63
OUT_17021,1114.4
OUT_17022,176.16
OUT_17023,150.41
OUT_17024,138.21
OUT_17025,1326.49
OUT_17026,99.07
OUT_17027,143.04
OUT_17028,1175.35
OUT_17029,121.58
OUT_17030,200.32
OUT_17031,137.51
OUT_17032,159.09
OUT_17033,149.85
OUT_17034,308.63
OUT_17035,153.13
OUT_17036,148.58
OUT_17037,332.95
OUT_17038,140.01
OUT_17039,382.39
OUT_17040,149.88
OUT_17041,370.09
OUT_17042,143.53
OUT_17043,169.77
OUT_17044,1338.39
OUT_17045,201.95
OUT_17046,86.59
OUT_17047,1144.34
OUT_17048,114.5
OUT_17049,2616.11
OUT_17050,330.7
OUT_17051,154.48
OUT_17052,141.06
OUT_17053,353.92
OUT_17054,310.14
OUT_17055,162.13
OUT_17056,347.85
OUT_17057,330.12
OUT_17058,1081.56
OUT_17059,334.45
OUT_17060,185.66
OUT_17061,327.82
OUT_17062,182.33
OUT_17063,169.21
OUT_17064,351.53
OUT_17065,145.73
OUT_17066,1061.9
OUT_17067,2530.88
OUT_17068,319.28
OUT_17069,282.08
OUT_17070,389.39
OUT_17071,2494.25
OUT_17072,199.76
OUT_17073,328.78
OUT_17074,326.29
OUT_17075,159.71
OUT_17076,151.59
OUT_17077,150.23
OUT_17078,1161.85
OUT_17079,163.3
OUT_17080,277.16
OUT_17081,149.84
OUT_17082,2434.15
OUT_17083,167.56
OUT_17084,171.7
OUT_17085,1178.27
OUT_17086,166.57
OUT_17087,1475.31
OUT_17088,1382.72
OUT_17089,167.32
OUT_17090,126.46
OUT_17091,167.04
OUT_17092,1219.13
OUT_17093,178.56
OUT_17094,170.92
OUT_17095,321.28
OUT_17096,161.5
OUT_17097,137.52
OUT_17098,367.81
OUT_17099,372.02
OUT_17100,363.29
OUT_17101,1218.59
OUT_17102,344.94
OUT_17103,173.32
OUT_17104,333.4
OUT_17105,115.44
OUT_17106,120.24
OUT_17107,370.97
OUT_17108,174.78
OUT_17109,156.48
OUT_17110,1081.31
OUT_17111,340.21
OUT_17112,148.63
OUT_17113,192.85
OUT_17114,183.43
OUT_17115,180.09
OUT_17116,151.11
OUT_17117,152.84
OUT_17118,144.99
OUT_17119,373.86
OUT_17120,169.94
OUT_17121,1175.15
OUT_17122,315.0
OUT_17123,1208.17
OUT_17124,1101.68
OUT_17125,352.89
OUT_17126,163.27
OUT_17127,144.42
OUT_17128,165.59
OUT_17129,1103.76
OUT_17130,130.5
OUT_17131,2352.1
OUT_17132,165.63
OUT_17133,138.82
OUT_17134,196.3
OUT_17135,337.76
OUT_17136,385.6
OUT_17137,325.08
OUT_17138,193.08
OUT_17139,165.01
OUT_17140,310.08
OUT_17141,384.06
OUT_17142,314.33
OUT_17143,339.49
OUT_17144,321.23
OUT_17145,139.2
OUT_17146,144.28
OUT_17147,176.89
OUT_17148,320.32
OUT_17149,340.12
OUT_17150,186.09
OUT_17151,108.36
OUT_17152,387.14
OUT_17153,2412.35
OUT_17154,160.99
OUT_17155,175.78
OUT_17156,158.78
OUT_17157,339.75
OUT_17158,329.03
OUT_17159,288.11
OUT_17160,1053.59
OUT_17161,370.35
OUT_17162,1468.1
OUT_17163,154.39
OUT_17164,173.01
OUT_17165,159.34
OUT_17166,163.36
OUT_17167,1475.34
OUT_17168,141.0
OUT_17169,189.47
OUT_17170,163.53
OUT_17171,188.2
OUT_17172,1111.11
OUT_17173,343.05
OUT_17174,140.63
OUT_17175,2455.43
OUT_17176,149.15
OUT_17177,316.89
OUT_17178,1197.13
OUT_17179,280.42
OUT_17180,193.23
OUT_17181,171.78
OUT_17182,150.33
OUT_17183,1296.54
OUT_17184,177.65
OUT_17185,168.87
OUT_17186,343.11
OUT_17187,2596.45
OUT_17188,194.55
OUT_17189,380.48
OUT_17190,174.14
OUT_17191,190.42
OUT_17192,1154.78
OUT_17193,306.26
OUT_17194,330.89
OUT_17195,171.27
OUT_17196,161.65
OUT_17197,146.42
OUT_17198,571.85
OUT_17199,165.87
OUT_17200,397.3
OUT_17201,382.78
OUT_17202,371.33
OUT_17203,137.22
OUT_17204,320.48
OUT_17205,123.08
OUT_17206,386.62
OUT_17207,1146.05
OUT_17208,1140.95
OUT_17209,175.41
OUT_17210,134.89
OUT_17211,187.55
OUT_17212,175.6
OUT_17213,143.29
OUT_17214,352.93
OUT_17215,399.76
OUT_17216,2473.04
OUT_17217,172.26
OUT_17218,171.09
OUT_17219,139.65
OUT_17220,159.33
OUT_17221,141.22
OUT_17222,359.68
OUT_17223,135.05
OUT_17224,286.78
OUT_17225,383.74
OUT_17226,178.5
OUT_17227,109.23
OUT_17228,176.45
OUT_17229,157.41
OUT_17230,133.83
OUT_17231,1340.37
OUT_17232,1070.32
OUT_17233,311.43
OUT_17234,429.33
OUT_17235,148.59
OUT_17236,166.92
OUT_17237,176.04
OUT_17238,146.53
OUT_17239,384.7
OUT_17240,336.22
OUT_17241,369.96
OUT_17242,345.13
OUT_17243,115.92
OUT_17244,152.74
OUT_17245,364.68
OUT_17246,356.3
OUT_17247,344.37
OUT_17248,328.7
OUT_17249,147.74
OUT_17250,381.81
OUT_17251,125.09
OUT_17252,172.88
OUT_17253,289.72
OUT_17254,176.36
OUT_17255,199.0
OUT_17256,140.28
OUT_17257,399.95
OUT_17258,166.3
OUT_17259,370.5
OUT_17260,358.42
OUT_17261,132.11
OUT_17262,167.53
OUT_17263,1381.45
OUT_17264,152.38
OUT_17265,175.13
OUT_17266,150.0
OUT_17267,201.43
OUT_17268,174.79
OUT_17269,324.83
OUT_17270,1239.44
OUT_17271,135.71
OUT_17272,534.32
OUT_17273,352.8
OUT_17274,184.2
OUT_17275,413.7
OUT_17276,342.03
OUT_17277,349.93
OUT_17278,152.01
OUT_17279,110.62
OUT_17280,2418.7
OUT_17281,168.15
OUT_17282,337.17
OUT_17283,183.89
OUT_17284,162.28
OUT_17285,373.16
OUT_17286,176.32
OUT_17287,143.54
OUT_17288,141.54
OUT_17289,284.58
OUT_17290,132.95
OUT_17291,166.34
OUT_17292,181.64
OUT_17293,390.89
OUT_17294,183.63
OUT_17295,162.24
OUT_17296,183.51
OUT_17297,150.76
OUT_17298,160.61
OUT_17299,137.09
OUT_17300,161.96
OUT_17301,1182.97
OUT_17302,336.13
OUT_17303,381.85
OUT_17304,1047.47
OUT_17305,358.63
OUT_17306,133.15
OUT_17307,393.91
OUT_17308,315.25
OUT_17309,191.18
OUT_17310,182.47
OUT_17311,151.55
OUT_17312,1189.87
OUT_17313,173.97
OUT_17314,1092.12
OUT_17315,1196.25
OUT_17316,131.06
OUT_17317,367.73
OUT_17318,1273.91
OUT_17319,162.26
OUT_17320,370.29
OUT_17321,1162.88
OUT_17322,505.64
OUT_17323,322.63
OUT_17324,1144.14
OUT_17325,364.06
OUT_17326,2665.55
OUT_17327,155.03
OUT_17328,354.36
OUT_17329,1226.87
OUT_17330,125.86
OUT_17331,131.15
OUT_17332,152.02
OUT_17333,200.41
OUT_17334,1192.66
OUT_17335,179.08
OUT_17336,170.43
OUT_17337,154.94
OUT_17338,323.9
OUT_17339,339.24
OUT_17340,145.3
OUT_17341,135.42
OUT_17342,386.6
OUT_17343,352.66
OUT_17344,120.13
OUT_17345,1030.78
OUT_17346,146.6
OUT_17347,170.05
OUT_17348,1216.15
OUT_17349,166.73
OUT_17350,1173.81
OUT_17351,174.2
OUT_17352,156.87
OUT_17353,162.57
OUT_17354,1119.41
OUT_17355,118.42
OUT_17356,147.44
OUT_17357,194.46
OUT_17358,162.3
OUT_17359,130.52
OUT_17360,183.35
OUT_17361,157.92
OUT_17362,422.23
OUT_17363,156.43
OUT_17364,351.93
OUT_17365,152.17
OUT_17366,1336.79
OUT_17367,190.06
OUT_17368,160.54
OUT_17369,148.41
OUT_17370,191.31
OUT_17371,2626.16
OUT_17372,1287.79
OUT_17373,303.92
OUT_17374,1225.29
OUT_17375,152.74
OUT_17376,176.52
OUT_17377,123.66
OUT_17378,1070.46
OUT_17379,151.8
OUT_17380,155.98
OUT_17381,157.27
OUT_17382,146.76
OUT_17383,205.74
OUT_17384,125.02
OUT_17385,362.39
OUT_17386,348.32
OUT_17387,200.62
OUT_17388,176.29
OUT_17389,2544.85
OUT_17390,152.19
OUT_17391,160.8
OUT_17392,1248.97
OUT_17393,146.46
OUT_17394,321.25
OUT_17395,153.3
OUT_17396,378.57
OUT_17397,365.15
OUT_17398,159.18
OUT_17399,196.35
OUT_17400,337.84
OUT_17401,183.51
OUT_17402,322.95
OUT_17403,345.41
OUT_17404,394.99
OUT_17405,1231.53
OUT_17406,94.59
OUT_17407,177.77
OUT_17408,1355.17
OUT_17409,154.51
OUT_17410,162.69
OUT_17411,168.7
OUT_17412,164.25
OUT_17413,342.37
OUT_17414,356.81
OUT_17415,353.95
OUT_17416,1322.25
OUT_17417,137.01
OUT_17418,390.19
OUT_17419,378.5
OUT_17420,315.45
OUT_17421,192.99
OUT_17422,1129.65
OUT_17423,1303.57
OUT_17424,2453.14
OUT_17425,2634.28
OUT_17426,147.76
OUT_17427,191.27
OUT_17428,174.88
OUT_17429,156.08
OUT_17430,1236.13
OUT_17431,132.02
OUT_17432,328.66
OUT_17433,1222.15
OUT_17434,156.19
OUT_17435,1204.01
OUT_17436,1170.74
OUT_17437,2510.28
OUT_17438,157.7
OUT_17439,145.59
OUT_17440,1133.47
OUT_17441,214.27
OUT_17442,137.4
OUT_17443,314.4
OUT_17444,145.33
OUT_17445,143.88
OUT_17446,311.2
OUT_17447,1022.54
OUT_17448,186.5
OUT_17449,167.52
OUT_17450,312.19
OUT_17451,326.37
OUT_17452,203.56
OUT_17453,392.08
OUT_17454,194.03
OUT_17455,159.4
OUT_17456,167.22
OUT_17457,1127.21
OUT_17458,172.41
OUT_17459,1206.99
OUT_17460,318.75
OUT_17461,134.08
OUT_17462,151.43
OUT_17463,293.55
OUT_17464,327.79
OUT_17465,189.63
OUT_17466,187.81
OUT_17467,180.38
OUT_17468,382.91
OUT_17469,170.8
OUT_17470,178.03
OUT_17471,375.67
OUT_17472,171.99
OUT_17473,407.31
OUT_17474,1176.06
OUT_17475,193.92
OUT_17476,338.93
OUT_17477,1211.33
OUT_17478,1192.06
OUT_17479,169.73
OUT_17480,151.6
OUT_17481,174.3
OUT_17482,180.24
OUT_17483,375.11
OUT_17484,390.08
OUT_17485,147.32
OUT_17486,188.56
OUT_17487,162.54
OUT_17488,167.31
OUT_17489,188.09
OUT_17490,206.13
OUT_17491,321.24
OUT_17492,1326.64
OUT_17493,105.13
OUT_17494,1175.92
OUT_17495,1147.72
OUT_17496,174.84
OUT_17497,135.99
OUT_17498,174.44
OUT_17499,154.0
OUT_17500,404.51
OUT_17501,361.37
OUT_17502,352.6
OUT_17503,145.86
OUT_17504,121.39
OUT_17505,181.59
OUT_17506,1056.56
OUT_17507,141.88
OUT_17508,1162.21
OUT_17509,116.72
OUT_17510,144.26
OUT_17511,172.24
OUT_17512,178.91
OUT_17513,147.92
OUT_17514,149.6
OUT_17515,150.75
OUT_17516,364.0
OUT_17517,162.01
OUT_17518,151.08
OUT_17519,368.23
OUT_17520,289.03
OUT_17521,309.42
OUT_17522,1206.85
OUT_17523,171.52
OUT_17524,1172.88
OUT_17525,184.57
OUT_17526,346.1
OUT_17527,319.83
OUT_17528,335.81
OUT_17529,160.58
OUT_17530,1291.92
OUT_17531,176.19
OUT_17532,1174.77
OUT_17533,138.7
OUT_17534,129.7
OUT_17535,330.03
OUT_17536,166.36
OUT_17537,124.49
OUT_17538,379.76
OUT_17539,159.49
OUT_17540,1200.79
OUT_17541,160.83
OUT_17542,351.19
OUT_17543,152.97
OUT_17544,190.98
OUT_17545,162.27
OUT_17546,172.28
OUT_17547,118.43
OUT_17548,183.79
OUT_17549,2578.08
OUT_17550,277.48
OUT_17551,155.14
OUT_17552,196.8
OUT_17553,179.93
OUT_17554,334.92
OUT_17555,150.81
OUT_17556,355.69
OUT_17557,146.31
OUT_17558,147.22
OUT_17559,335.37
OUT_17560,159.43
OUT_17561,145.64
OUT_17562,170.9
OUT_17563,200.65
OUT_17564,170.56
OUT_17565,151.64
OUT_17566,372.26
OUT_17567,331.02
OUT_17568,349.93
OUT_17569,193.15
OUT_17570,188.51
OUT_17571,154.58
OUT_17572,350.64
OUT_17573,142.12
OUT_17574,1167.34
OUT_17575,107.69
OUT_17576,151.69
OUT_17577,362.4
OUT_17578,180.43
OUT_17579,275.81
OUT_17580,132.32
OUT_17581,1174.06
OUT_17582,151.88
OUT_17583,356.93
OUT_17584,1314.87
OUT_17585,1225.56
OUT_17586,174.08
OUT_17587,318.07
OUT_17588,143.22
OUT_17589,344.71
OUT_17590,172.7
OUT_17591,161.26
OUT_17592,97.99
OUT_17593,180.88
OUT_17594,176.44
OUT_17595,138.22
OUT_17596,1145.22
OUT_17597,175.45
OUT_17598,2486.5
OUT_17599,173.75
OUT_17600,174.89
OUT_17601,1102.96
OUT_17602,1034.26
OUT_17603,381.2
OUT_17604,1340.12
OUT_17605,303.8
OUT_17606,2466.89
OUT_17607,1134.56
OUT_17608,147.98
OUT_17609,163.29
OUT_17610,474.61
OUT_17611,191.74
OUT_17612,175.16
OUT_17613,323.3
OUT_17614,334.64
OUT_17615,348.23
OUT_17616,146.91
OUT_17617,153.51
OUT_17618,2431.79
OUT_17619,411.38
OUT_17620,154.21
OUT_17621,1131.81
OUT_17622,1197.04
OUT_17623,136.89
OUT_17624,337.52
OUT_17625,295.34
OUT_17626,122.62
OUT_17627,145.41
OUT_17628,139.59
OUT_17629,1339.77
OUT_17630,272.33
OUT_17631,131.18
OUT_17632,328.39
OUT_17633,169.4
OUT_17634,176.15
OUT_17635,191.32
OUT_17636,1276.27
OUT_17637,118.49
OUT_17638,126.18
OUT_17639,169.36
OUT_17640,257.92
OUT_17641,131.32
OUT_17642,152.28
OUT_17643,121.5
OUT_17644,159.26
OUT_17645,311.17
OUT_17646,1179.84
OUT_17647,154.52
OUT_17648,128.44
OUT_17649,166.21
OUT_17650,188.38
OUT_17651,1179.45
OUT_17652,2451.24
OUT_17653,359.96
OUT_17654,353.37
OUT_17655,128.3
OUT_17656,1178.48
OUT_17657,169.64
OUT_17658,155.76
OUT_17659,407.66
OUT_17660,1044.37
OUT_17661,1242.01
OUT_17662,1148.2
OUT_17663,163.8
OUT_17664,1254.77
OUT_17665,172.99
OUT_17666,168.49
OUT_17667,1149.22
OUT_17668,1184.59
OUT_17669,175.68
OUT_17670,176.18
OUT_17671,289.56
OUT_17672,131.51
OUT_17673,1201.99
OUT_17674,175.81
OUT_17675,330.96
OUT_17676,400.94
OUT_17677,1188.91
OUT_17678,244.51
OUT_17679,322.1
OUT_17680,167.9
OUT_17681,134.33
OUT_17682,140.35
OUT_17683,367.62
OUT_17684,149.38
OUT_17685,319.78
OUT_17686,147.71
OUT_17687,2575.39
OUT_17688,332.44
OUT_17689,178.83
OUT_17690,122.61
OUT_17691,159.05
OUT_17692,195.92
OUT_17693,165.55
OUT_17694,1234.57
OUT_17695,151.11
OUT_17696,390.13
OUT_17697,281.06
OUT_17698,2520.21
OUT_17699,350.45
OUT_17700,155.53
OUT_17701,121.96
OUT_17702,148.87
OUT_17703,320.04
OUT_17704,161.29
OUT_17705,154.17
OUT_17706,121.93
OUT_17707,1363.32
OUT_17708,162.02
OUT_17709,392.79
OUT_17710,146.93
OUT_17711,166.97
OUT_17712,163.04
OUT_17713,190.59
OUT_17714,163.87
OUT_17715,147.76
OUT_17716,116.95
OUT_17717,1029.08
OUT_17718,1148.07
OUT_17719,165.58
OUT_17720,393.91
OUT_17721,302.41
OUT_17722,176.75
OUT_17723,167.47
OUT_17724,121.26
OUT_17725,169.44
OUT_17726,2531.52
OUT_17727,358.83
OUT_17728,144.67
OUT_17729,336.03
OUT_17730,140.86
OUT_17731,157.21
OUT_17732,342.26
OUT_17733,124.49
OUT_17734,180.03
OUT_17735,344.79
OUT_17736,1150.57
OUT_17737,1112.84
OUT_17738,1134.37
OUT_17739,1197.21
OUT_17740,373.65
OUT_17741,360.76
OUT_17742,326.08
OUT_17743,171.87
OUT_17744,323.68
OUT_17745,132.3
OUT_17746,180.23
OUT_17747,163.68
OUT_17748,180.93
OUT_17749,177.56
OUT_17750,176.91
OUT_17751,158.11
OUT_17752,1156.91
OUT_17753,404.78
OUT_17754,2518.09
OUT_17755,378.95
OUT_17756,381.24
OUT_17757,155.44
OUT_17758,171.92
OUT_17759,119.02
OUT_17760,184.57
OUT_17761,1118.78
OUT_17762,283.9
OUT_17763,330.71
OUT_17764,347.59
OUT_17765,130.59
OUT_17766,138.22
OUT_17767,128.48
OUT_17768,192.26
OUT_17769,2499.63
OUT_17770,1348.3
OUT_17771,337.3
OUT_17772,156.3
OUT_17773,169.92
OUT_17774,193.48
OUT_17775,361.05
OUT_17776,1012.05
OUT_17777,440.71
OUT_17778,1167.16
OUT_17779,129.1
OUT_17780,279.1
OUT_17781,197.36
OUT_17782,346.8
OUT_17783,1436.37
OUT_17784,165.42
OUT_17785,196.34
OUT_17786,286.59
OUT_17787,181.69
OUT_17788,191.3
OUT_17789,143.98
OUT_17790,141.46
OUT_17791,1127.2
OUT_17792,339.05
OUT_17793,178.96
OUT_17794,166.75
OUT_17795,173.7
OUT_17796,159.87
OUT_17797,148.55
OUT_17798,182.59
OUT_17799,151.68
OUT_17800,1227.78
OUT_17801,306.64
OUT_17802,347.1
OUT_17803,190.57
OUT_17804,135.2
OUT_17805,2561.39
OUT_17806,143.79
OUT_17807,107.57
OUT_17808,284.23
OUT_17809,366.27
OUT_17810,162.81
OUT_17811,365.73
OUT_17812,146.94
OUT_17813,143.5
OUT_17814,149.32
OUT_17815,1183.38
OUT_17816,197.38
OUT_17817,163.09
OUT_17818,1161.28
OUT_17819,156.95
OUT_17820,1140.33
OUT_17821,167.25
OUT_17822,134.92
OUT_17823,181.71
OUT_17824,354.26
OUT_17825,179.0
OUT_17826,333.26
OUT_17827,1149.11
OUT_17828,172.44
OUT_17829,149.71
OUT_17830,1169.65
OUT_17831,1351.69
OUT_17832,175.32
OUT_17833,183.54
OUT_17834,310.98
OUT_17835,370.1
OUT_17836,2736.76
OUT_17837,182.93
OUT_17838,1138.27
OUT_17839,1157.96
OUT_17840,126.22
OUT_17841,175.72
OUT_17842,126.5
OUT_17843,2426.33
OUT_17844,282.25
OUT_17845,1190.69
OUT_17846,324.22
OUT_17847,341.52
OUT_17848,209.65
OUT_17849,346.19
OUT_17850,191.63
OUT_17851,365.74
OUT_17852,356.54
OUT_17853,293.68
OUT_17854,2599.43
OUT_17855,1309.29
OUT_17856,1320.05
OUT_17857,177.83
OUT_17858,334.95
OUT_17859,308.31
OUT_17860,148.43
OUT_17861,174.44
OUT_17862,170.01
OUT_17863,148.42
OUT_17864,187.81
OUT_17865,162.38
OUT_17866,167.05
OUT_17867,359.56
OUT_17868,196.04
OUT_17869,277.62
OUT_17870,136.35
OUT_17871,351.12
OUT_17872,176.47
OUT_17873,190.86
OUT_17874,202.5
OUT_17875,352.98
OUT_17876,320.46
OUT_17877,132.29
OUT_17878,339.84
OUT_17879,173.19
OUT_17880,2446.88
OUT_17881,175.06
OUT_17882,328.4
OUT_17883,343.88
OUT_17884,1227.87
OUT_17885,190.03
OUT_17886,344.49
OUT_17887,179.41
OUT_17888,142.88
OUT_17889,363.69
OUT_17890,152.6
OUT_17891,1352.32
OUT_17892,155.96
OUT_17893,192.71
OUT_17894,121.7
OUT_17895,152.74
OUT_17896,170.16
OUT_17897,146.62
OUT_17898,102.9
OUT_17899,335.17
OUT_17900,181.0
OUT_17901,158.11
OUT_17902,1098.59
OUT_17903,167.12
OUT_17904,172.39
OUT_17905,129.42
OUT_17906,1082.06
OUT_17907,355.89
OUT_17908,144.19
OUT_17909,128.59
OUT_17910,2568.26
OUT_17911,102.21
OUT_17912,314.28
OUT_17913,132.59
OUT_17914,172.39
OUT_17915,170.02
OUT_17916,144.4
OUT_17917,161.98
OUT_17918,1168.38
OUT_17919,164.26
OUT_17920,176.66
OUT_17921,136.38
OUT_17922,177.94
OUT_17923,2543.54
OUT_17924,168.75
OUT_17925,114.17
OUT_17926,333.61
OUT_17927,363.56
OUT_17928,175.05
OUT_17929,134.7
OUT_17930,179.14
OUT_17931,146.81
OUT_17932,144.95
OUT_17933,1098.5
OUT_17934,380.72
OUT_17935,317.82
OUT_17936,1171.31
OUT_17937,332.74
OUT_17938,115.15
OUT_17939,169.84
OUT_17940,160.81
OUT_17941,157.69
OUT_17942,181.22
OUT_17943,157.43
OUT_17944,1114.7
OUT_17945,151.63
OUT_17946,161.49
OUT_17947,1110.69
OUT_17948,169.08
OUT_17949,173.37
OUT_17950,180.29
OUT_17951,155.75
OUT_17952,151.53
OUT_17953,139.98
OUT_17954,158.37
OUT_17955,1131.04
OUT_17956,341.14
OUT_17957,324.82
OUT_17958,137.24
OUT_17959,173.41
OUT_17960,171.33
OUT_17961,154.15
OUT_17962,169.45
OUT_17963,337.72
OUT_17964,311.91
OUT_17965,154.34
OUT_17966,175.68
OUT_17967,1172.92
OUT_17968,168.34
OUT_17969,116.87
OUT_17970,152.08
OUT_17971,146.18
OUT_17972,371.23
OUT_17973,1061.06
OUT_17974,167.43
OUT_17975,1327.78
OUT_17976,176.41
OUT_17977,129.07
OUT_17978,171.15
OUT_17979,1050.4
OUT_17980,146.92
OUT_17981,155.49
OUT_17982,172.58
OUT_17983,2597.56
OUT_17984,120.53
OUT_17985,115.9
OUT_17986,1150.14
OUT_17987,1081.12
OUT_17988,1126.08
OUT_17989,2443.3
OUT_17990,198.96
OUT_17991,316.58
OUT_17992,139.36
OUT_17993,162.89
OUT_17994,341.92
OUT_17995,1065.58
OUT_17996,136.27
OUT_17997,157.23
OUT_17998,140.58
OUT_17999,178.19
OUT_18000,174.51
OUT_18001,167.16
OUT_18002,139.21
OUT_18003,136.63
OUT_18004,343.68
OUT_18005,106.14
OUT_18006,1282.87
OUT_18007,158.81
OUT_18008,179.66
OUT_18009,170.91
OUT_18010,213.43
OUT_18011,1150.74
OUT_18012,1191.04
OUT_18013,167.55
OUT_18014,184.45
OUT_18015,344.57
OUT_18016,153.65
OUT_18017,1242.15
OUT_18018,1029.81
OUT_18019,175.59
OUT_18020,327.45
OUT_18021,159.62
OUT_18022,2589.99
OUT_18023,2552.72
OUT_18024,166.99
OUT_18025,388.39
OUT_18026,337.99
OUT_18027,355.06
OUT_18028,388.49
OUT_18029,2501.87
OUT_18030,158.05
OUT_18031,358.45
OUT_18032,141.98
OUT_18033,330.07
OUT_18034,358.18
OUT_18035,1188.8
OUT_18036,1517.35
OUT_18037,166.91
OUT_18038,155.82
OUT_18039,131.75
OUT_18040,326.2
OUT_18041,190.44
OUT_18042,170.64
OUT_18043,190.29
OUT_18044,352.14
OUT_18045,371.78
OUT_18046,285.17
OUT_18047,185.02
OUT_18048,151.86
OUT_18049,161.84
OUT_18050,1234.02
OUT_18051,313.44
OUT_18052,178.74
OUT_18053,349.18
OUT_18054,156.09
OUT_18055,2477.99
OUT_18056,112.24
OUT_18057,197.37
OUT_18058,413.22
OUT_18059,134.14
OUT_18060,1037.42
OUT_18061,329.34
OUT_18062,309.98
OUT_18063,139.31
OUT_18064,107.98
OUT_18065,166.44
OUT_18066,100.99
OUT_18067,349.36
OUT_18068,372.65
OUT_18069,179.38
OUT_18070,135.26
OUT_18071,2544.08
OUT_18072,1208.77
OUT_18073,312.23
OUT_18074,182.69
OUT_18075,346.8
OUT_18076,166.99
OUT_18077,105.87
OUT_18078,391.19
OUT_18079,200.37
OUT_18080,100.28
OUT_18081,156.65
OUT_18082,144.16
OUT_18083,196.86
OUT_18084,155.29
OUT_18085,324.38
OUT_18086,1470.45
OUT_18087,336.8
OUT_18088,152.15
OUT_18089,161.69
OUT_18090,306.75
OUT_18091,377.32
OUT_18092,311.29
OUT_18093,275.04
OUT_18094,343.14
OUT_18095,390.25
OUT_18096,173.68
OUT_18097,162.75
OUT_18098,143.3
OUT_18099,1309.6
OUT_18100,370.15
OUT_18101,171.5
OUT_18102,382.58
OUT_18103,176.65
OUT_18104,559.79
OUT_18105,196.45
OUT_18106,401.84
OUT_18107,158.64
OUT_18108,334.89
OUT_18109,139.39
OUT_18110,1050.63
OUT_18111,148.74
OUT_18112,109.91
OUT_18113,129.2
OUT_18114,173.22
OUT_18115,130.82
OUT_18116,151.12
OUT_18117,347.62
OUT_18118,143.48
OUT_18119,97.4
OUT_18120,191.96
OUT_18121,138.57
OUT_18122,180.97
OUT_18123,353.45
OUT_18124,195.09
OUT_18125,2600.02
OUT_18126,187.13
OUT_18127,158.86
OUT_18128,2658.64
OUT_18129,189.2
OUT_18130,1133.85
OUT_18131,339.29
OUT_18132,172.2
OUT_18133,168.67
OUT_18134,168.79
OUT_18135,190.65
OUT_18136,261.93
OUT_18137,145.3
OUT_18138,152.42
OUT_18139,114.43
OUT_18140,193.92
OUT_18141,1142.01
OUT_18142,149.56
OUT_18143,119.05
OUT_18144,357.78
OUT_18145,371.04
OUT_18146,343.99
OUT_18147,179.43
OUT_18148,156.98
OUT_18149,1182.53
OUT_18150,1128.14
OUT_18151,163.88
OUT_18152,299.77
OUT_18153,319.53
OUT_18154,401.63
OUT_18155,331.2
OUT_18156,404.47
OUT_18157,1434.2
OUT_18158,1121.98
OUT_18159,117.35
OUT_18160,1163.68
OUT_18161,116.52
OUT_18162,162.18
OUT_18163,1003.91
OUT_18164,168.99
OUT_18165,148.6
OUT_18166,2492.7
OUT_18167,1198.74
OUT_18168,131.92
OUT_18169,150.93
OUT_18170,1159.95
OUT_18171,130.85
OUT_18172,1074.35
OUT_18173,329.33
OUT_18174,323.63
OUT_18175,344.23
OUT_18176,173.19
OUT_18177,129.35
OUT_18178,165.46
OUT_18179,370.1
OUT_18180,175.11
OUT_18181,133.99
OUT_18182,193.95
OUT_18183,344.78
OUT_18184,192.03
OUT_18185,421.55
OUT_18186,328.95
OUT_18187,1338.52
OUT_18188,179.81
OUT_18189,357.25
OUT_18190,195.96
OUT_18191,1075.36
OUT_18192,355.35
OUT_18193,159.06
OUT_18194,393.04
OUT_18195,346.92
OUT_18196,165.55
OUT_18197,176.44
OUT_18198,145.91
OUT_18199,197.23
OUT_18200,329.08
OUT_18201,183.35
OUT_18202,326.88
OUT_18203,1121.7
OUT_18204,341.57
OUT_18205,146.74
OUT_18206,172.62
OUT_18207,1132.74
OUT_18208,287.05
OUT_18209,2432.3
OUT_18210,1425.8
OUT_18211,329.59
OUT_18212,152.43
OUT_18213,188.97
OUT_18214,178.59
OUT_18215,305.19
OUT_18216,370.45
OUT_18217,360.03
OUT_18218,1156.1
OUT_18219,196.54
OUT_18220,1242.01
OUT_18221,334.75
OUT_18222,314.45
OUT_18223,1056.94
OUT_18224,356.39
OUT_18225,174.53
OUT_18226,1093.5
OUT_18227,396.07
OUT_18228,181.62
OUT_18229,188.72
OUT_18230,155.23
OUT_18231,169.1
OUT_18232,132.69
OUT_18233,124.22
OUT_18234,1130.38
OUT_18235,149.87
OUT_18236,160.93
OUT_18237,143.09
OUT_18238,187.25
OUT_18239,119.82
OUT_18240,1078.49
OUT_18241,2404.9
OUT_18242,1222.04
OUT_18243,179.08
OUT_18244,141.91
OUT_18245,384.31
OUT_18246,345.2
OUT_18247,195.76
OUT_18248,327.42
OUT_18249,349.32
OUT_18250,163.91
OUT_18251,161.29
OUT_18252,188.84
OUT_18253,163.42
OUT_18254,1152.37
OUT_18255,126.15
OUT_18256,183.89
OUT_18257,1079.72
OUT_18258,157.61
OUT_18259,163.95
OUT_18260,169.44
OUT_18261,153.19
OUT_18262,122.17
OUT_18263,1310.8
OUT_18264,1140.69
OUT_18265,327.96
OUT_18266,166.15
OUT_18267,1210.36
OUT_18268,98.63
OUT_18269,153.89
OUT_18270,131.23
OUT_18271,153.42
OUT_18272,106.12
OUT_18273,146.37
OUT_18274,384.83
OUT_18275,1371.02
OUT_18276,154.9
OUT_18277,162.1
OUT_18278,150.94
OUT_18279,2644.22
OUT_18280,137.37
OUT_18281,351.0
OUT_18282,130.42
OUT_18283,173.72
OUT_18284,165.95
OUT_18285,349.58
OUT_18286,1298.99
OUT_18287,304.18
OUT_18288,177.17
OUT_18289,364.59
OUT_18290,1305.16
OUT_18291,1053.76
OUT_18292,110.55
OUT_18293,1147.9
OUT_18294,149.19
OUT_18295,160.97
OUT_18296,1176.47
OUT_18297,399.78
OUT_18298,156.21
OUT_18299,308.05
OUT_18300,361.51
OUT_18301,177.01
OUT_18302,155.09
OUT_18303,170.29
OUT_18304,173.63
OUT_18305,1401.25
OUT_18306,353.5
OUT_18307,145.26
OUT_18308,306.17
OUT_18309,355.28
OUT_18310,364.48
OUT_18311,107.02
OUT_18312,187.79
OUT_18313,343.59
OUT_18314,1321.37
OUT_18315,95.88
OUT_18316,128.7
OUT_18317,336.38
OUT_18318,150.16
OUT_18319,320.3
OUT_18320,185.67
OUT_18321,1264.34
OUT_18322,359.03
OUT_18323,347.97
OUT_18324,354.36
OUT_18325,148.21
OUT_18326,151.07
OUT_18327,209.98
OUT_18328,149.44
OUT_18329,168.41
OUT_18330,1341.41
OUT_18331,1065.79
OUT_18332,158.62
OUT_18333,175.1
OUT_18334,1084.8
OUT_18335,351.42
OUT_18336,186.97
OUT_18337,1268.06
OUT_18338,2504.15
OUT_18339,357.5
OUT_18340,170.58
OUT_18341,373.72
OUT_18342,404.71
OUT_18343,391.47
OUT_18344,134.81
OUT_18345,178.24
OUT_18346,335.1
OUT_18347,184.98
OUT_18348,169.19
OUT_18349,170.89
OUT_18350,175.93
OUT_18351,172.51
OUT_18352,2727.48
OUT_18353,111.34
OUT_18354,391.77
OUT_18355,108.51
OUT_18356,153.8
OUT_18357,127.43
OUT_18358,1135.45
OUT_18359,129.09
OUT_18360,165.8
OUT_18361,328.73
OUT_18362,334.51
OUT_18363,332.04
OUT_18364,143.5
OUT_18365,330.86
OUT_18366,312.29
OUT_18367,149.63
OUT_18368,1214.76
OUT_18369,324.96
OUT_18370,147.85
OUT_18371,173.84
OUT_18372,160.31
OUT_18373,121.62
OUT_18374,117.24
OUT_18375,129.74
OUT_18376,171.25
OUT_18377,2385.71
OUT_18378,332.59
OUT_18379,168.25
OUT_18380,364.49
OUT_18381,140.96
OUT_18382,1090.59
OUT_18383,1394.1
OUT_18384,129.09
OUT_18385,123.21
OUT_18386,147.56
OUT_18387,1497.84
OUT_18388,139.95
OUT_18389,104.46
OUT_18390,163.71
OUT_18391,345.43
OUT_18392,1084.41
OUT_18393,185.73
OUT_18394,364.88
OUT_18395,189.92
OUT_18396,179.17
OUT_18397,106.87
OUT_18398,1224.93
OUT_18399,348.69
OUT_18400,188.15
OUT_18401,167.27
OUT_18402,149.38
OUT_18403,415.43
OUT_18404,209.05
OUT_18405,276.04
OUT_18406,167.95
OUT_18407,1163.43
OUT_18408,2557.89
OUT_18409,322.19
OUT_18410,478.49
OUT_18411,301.68
OUT_18412,185.81
OUT_18413,1196.6
OUT_18414,395.67
OUT_18415,141.11
OUT_18416,433.21
OUT_18417,154.97
OUT_18418,153.91
OUT_18419,157.84
OUT_18420,347.98
OUT_18421,319.59
OUT_18422,352.44
OUT_18423,167.03
OUT_18424,122.06
OUT_18425,323.82
OUT_18426,164.0
OUT_18427,374.85
OUT_18428,158.45
OUT_18429,324.92
OUT_18430,142.35
OUT_18431,373.79
OUT_18432,180.72
OUT_18433,145.8
OUT_18434,181.53
OUT_18435,186.99
OUT_18436,141.49
OUT_18437,152.06
OUT_18438,132.78
OUT_18439,401.42
OUT_18440,1438.47
OUT_18441,173.72
OUT_18442,140.99
OUT_18443,191.6
OUT_18444,320.71
OUT_18445,160.61
OUT_18446,355.64
OUT_18447,1219.9
OUT_18448,110.47
OUT_18449,329.14
OUT_18450,196.13
OUT_18451,155.62
OUT_18452,2484.08
OUT_18453,153.48
OUT_18454,1187.61
OUT_18455,173.74
OUT_18456,192.12
OUT_18457,164.42
OUT_18458,198.36
OUT_18459,352.14
OUT_18460,171.46
OUT_18461,338.93
OUT_18462,184.04
OUT_18463,168.89
OUT_18464,168.26
OUT_18465,159.21
OUT_18466,151.34
OUT_18467,148.99
OUT_18468,2566.57
OUT_18469,337.02
OUT_18470,150.02
OUT_18471,165.65
OUT_18472,139.82
OUT_18473,995.83
OUT_18474,157.91
OUT_18475,187.16
OUT_18476,331.51
OUT_18477,2383.4
OUT_18478,111.54
OUT_18479,2672.78
OUT_18480,130.95
OUT_18481,1178.88
OUT_18482,308.53
OUT_18483,152.19
OUT_18484,154.81
OUT_18485,359.8
OUT_18486,1189.12
OUT_18487,163.04
OUT_18488,181.43
OUT_18489,173.94
OUT_18490,96.4
OUT_18491,1218.43
OUT_18492,201.43
OUT_18493,155.54
OUT_18494,143.65
OUT_18495,151.79
OUT_18496,204.92
OUT_18497,395.14
OUT_18498,147.71
OUT_18499,182.85
OUT_18500,182.87
OUT_18501,2561.55
OUT_18502,1179.48
OUT_18503,123.66
OUT_18504,1076.55
OUT_18505,320.5
OUT_18506,311.0
OUT_18507,1069.4
OUT_18508,321.39
OUT_18509,162.41
OUT_18510,152.83
OUT_18511,2400.08
OUT_18512,166.77
OUT_18513,144.69
OUT_18514,159.24
OUT_18515,201.94
OUT_18516,173.34
OUT_18517,172.61
OUT_18518,358.67
OUT_18519,199.13
OUT_18520,183.05
OUT_18521,396.9
OUT_18522,1184.81
OUT_18523,1190.31
OUT_18524,350.5
OUT_18525,134.66
OUT_18526,193.47
OUT_18527,422.03
OUT_18528,187.1
OUT_18529,135.39
OUT_18530,163.38
OUT_18531,319.35
OUT_18532,1146.47
OUT_18533,138.69
OUT_18534,171.46
OUT_18535,170.89
OUT_18536,155.35
OUT_18537,1250.08
OUT_18538,399.95
OUT_18539,343.94
OUT_18540,140.71
OUT_18541,297.59
OUT_18542,1125.63
OUT_18543,125.84
OUT_18544,135.24
OUT_18545,1136.03
OUT_18546,377.81
OUT_18547,326.98
OUT_18548,357.93
OUT_18549,331.63
OUT_18550,167.81
OUT_18551,126.27
OUT_18552,169.75
OUT_18553,198.1
OUT_18554,380.29
OUT_18555,324.09
OUT_18556,1140.83
OUT_18557,138.18
OUT_18558,114.61
OUT_18559,266.13
OUT_18560,180.47
OUT_18561,162.04
OUT_18562,382.99
OUT_18563,174.07
OUT_18564,115.46
OUT_18565,113.37
OUT_18566,169.34
OUT_18567,315.88
OUT_18568,150.15
OUT_18569,360.23
OUT_18570,171.03
OUT_18571,120.72
OUT_18572,1041.41
OUT_18573,388.7
OUT_18574,181.96
OUT_18575,350.52
OUT_18576,347.22
OUT_18577,316.87
OUT_18578,317.53
OUT_18579,271.03
OUT_18580,168.37
OUT_18581,332.19
OUT_18582,420.37
OUT_18583,159.19
OUT_18584,285.27
OUT_18585,154.97
OUT_18586,136.12
OUT_18587,343.03
OUT_18588,124.04
OUT_18589,1187.75
OUT_18590,100.35
OUT_18591,173.73
OUT_18592,162.81
OUT_18593,356.55
OUT_18594,134.8
OUT_18595,178.54
OUT_18596,177.27
OUT_18597,352.57
OUT_18598,144.43
OUT_18599,145.75
OUT_18600,174.68
OUT_18601,166.62
OUT_18602,356.86
OUT_18603,195.72
OUT_18604,1121.14
OUT_18605,211.82
OUT_18606,139.75
OUT_18607,1180.11
OUT_18608,326.02
OUT_18609,182.71
OUT_18610,180.58
OUT_18611,388.98
OUT_18612,192.55
OUT_18613,181.88
OUT_18614,1064.13
OUT_18615,149.85
OUT_18616,159.32
OUT_18617,344.94
OUT_18618,169.99
OUT_18619,298.85
OUT_18620,167.38
OUT_18621,178.12
OUT_18622,321.01
OUT_18623,1199.98
OUT_18624,142.29
OUT_18625,170.79
OUT_18626,329.14
OUT_18627,336.01
OUT_18628,326.57
OUT_18629,128.27
OUT_18630,1108.38
OUT_18631,1089.13
OUT_18632,336.37
OUT_18633,156.84
OUT_18634,153.03
OUT_18635,398.57
OUT_18636,348.75
OUT_18637,1234.32
OUT_18638,186.14
OUT_18639,151.75
OUT_18640,101.89
OUT_18641,368.31
OUT_18642,178.29
OUT_18643,181.05
OUT_18644,177.93
OUT_18645,158.29
OUT_18646,366.25
OUT_18647,488.22
OUT_18648,1149.64
OUT_18649,339.19
OUT_18650,169.69
OUT_18651,139.89
OUT_18652,364.26
OUT_18653,89.6
OUT_18654,169.81
OUT_18655,154.79
OUT_18656,181.07
OUT_18657,183.0
OUT_18658,234.26
OUT_18659,1207.84
OUT_18660,1086.9
OUT_18661,188.84
OUT_18662,358.98
OUT_18663,267.94
OUT_18664,143.79
OUT_18665,164.37
OUT_18666,173.69
OUT_18667,1043.11
OUT_18668,498.14
OUT_18669,325.09
OUT_18670,360.53
OUT_18671,2488.53
OUT_18672,192.64
OUT_18673,90.93
OUT_18674,1094.7
OUT_18675,1135.48
OUT_18676,320.11
OUT_18677,167.72
OUT_18678,318.45
OUT_18679,353.98
OUT_18680,410.04
OUT_18681,147.83
OUT_18682,2542.02
OUT_18683,150.16
OUT_18684,1181.37
OUT_18685,153.0
OUT_18686,166.75
OUT_18687,179.71
OUT_18688,359.65
OUT_18689,1161.24
OUT_18690,129.67
OUT_18691,155.17
OUT_18692,161.7
OUT_18693,346.97
OUT_18694,117.5
OUT_18695,130.78
OUT_18696,365.95
OUT_18697,154.67
OUT_18698,135.78
OUT_18699,143.7
OUT_18700,379.1
OUT_18701,1112.97
OUT_18702,352.84
OUT_18703,351.18
OUT_18704,154.85
OUT_18705,110.5
OUT_18706,130.72
OUT_18707,1175.43
OUT_18708,167.74
OUT_18709,178.99
OUT_18710,150.08
OUT_18711,162.17
OUT_18712,398.66
OUT_18713,121.93
OUT_18714,1107.47
OUT_18715,1259.17
OUT_18716,116.6
OUT_18717,175.65
OUT_18718,118.3
OUT_18719,343.2
OUT_18720,219.06
OUT_18721,152.65
OUT_18722,125.81
OUT_18723,222.55
OUT_18724,147.83
OUT_18725,103.46
OUT_18726,163.35
OUT_18727,380.6
OUT_18728,341.11
OUT_18729,400.01
OUT_18730,188.14
OUT_18731,163.78
OUT_18732,1405.85
OUT_18733,170.11
OUT_18734,166.46
OUT_18735,395.5
OUT_18736,348.27
OUT_18737,2473.31
OUT_18738,2505.53
OUT_18739,361.03
OUT_18740,1146.27
OUT_18741,327.75
OUT_18742,118.15
OUT_18743,117.67
OUT_18744,132.25
OUT_18745,1133.38
OUT_18746,113.08
OUT_18747,130.02
OUT_18748,346.78
OUT_18749,162.65
OUT_18750,133.89
OUT_18751,1017.94
OUT_18752,156.36
OUT_18753,186.54
OUT_18754,1142.63
OUT_18755,355.58
OUT_18756,153.96
OUT_18757,129.67
OUT_18758,166.14
OUT_18759,152.83
OUT_18760,115.01
OUT_18761,1544.14
OUT_18762,327.51
OUT_18763,146.26
OUT_18764,175.03
OUT_18765,221.62
OUT_18766,361.23
OUT_18767,1356.18
OUT_18768,1202.82
OUT_18769,178.46
OUT_18770,134.8
OUT_18771,170.24
OUT_18772,1177.63
OUT_18773,183.12
OUT_18774,369.87
OUT_18775,342.24
OUT_18776,162.91
OUT_18777,370.42
OUT_18778,162.06
OUT_18779,367.86
OUT_18780,155.25
OUT_18781,367.8
OUT_18782,364.64
OUT_18783,168.25
OUT_18784,188.59
OUT_18785,200.52
OUT_18786,133.4
OUT_18787,150.28
OUT_18788,2441.74
OUT_18789,329.7
OUT_18790,411.01
OUT_18791,1057.77
OUT_18792,161.81
OUT_18793,2558.3
OUT_18794,169.24
OUT_18795,349.76
OUT_18796,2486.58
OUT_18797,164.75
OUT_18798,169.85
OUT_18799,351.15
OUT_18800,295.61
OUT_18801,311.78
OUT_18802,2660.6
OUT_18803,159.22
OUT_18804,145.65
OUT_18805,2570.88
OUT_18806,171.03
OUT_18807,149.88
OUT_18808,126.28
OUT_18809,143.57
OUT_18810,174.1
OUT_18811,177.94
OUT_18812,157.39
OUT_18813,152.66
OUT_18814,365.58
OUT_18815,1096.12
OUT_18816,168.47
OUT_18817,149.55
OUT_18818,137.64
OUT_18819,1124.27
OUT_18820,183.51
OUT_18821,339.9
OUT_18822,160.34
OUT_18823,386.42
OUT_18824,176.4
OUT_18825,1097.59
OUT_18826,368.74
OUT_18827,2436.07
OUT_18828,140.18
OUT_18829,318.12
OUT_18830,191.21
OUT_18831,170.82
OUT_18832,391.29
OUT_18833,374.76
OUT_18834,115.07
OUT_18835,1171.7
OUT_18836,148.06
OUT_18837,157.05
OUT_18838,1183.78
OUT_18839,161.11
OUT_18840,280.92
OUT_18841,178.67
OUT_18842,152.64
OUT_18843,358.0
OUT_18844,2498.38
OUT_18845,164.58
OUT_18846,143.13
OUT_18847,164.5
OUT_18848,349.92
OUT_18849,164.13
OUT_18850,2519.44
OUT_18851,184.96
OUT_18852,1188.28
OUT_18853,365.83
OUT_18854,140.27
OUT_18855,1109.71
OUT_18856,159.36
OUT_18857,115.22
OUT_18858,1142.05
OUT_18859,166.08
OUT_18860,338.6
OUT_18861,161.34
OUT_18862,312.82
OUT_18863,1090.24
OUT_18864,311.91
OUT_18865,175.45
OUT_18866,1088.5
OUT_18867,364.5
OUT_18868,162.68
OUT_18869,164.56
OUT_18870,299.98
OUT_18871,180.38
OUT_18872,313.12
OUT_18873,327.65
OUT_18874,1065.29
OUT_18875,141.63
OUT_18876,381.12
OUT_18877,2448.08
OUT_18878,163.68
OUT_18879,150.39
OUT_18880,169.24
OUT_18881,98.35
OUT_18882,330.91
OUT_18883,323.94
OUT_18884,373.38
OUT_18885,1178.44
OUT_18886,198.51
OUT_18887,170.94
OUT_18888,334.43
OUT_18889,132.78
OUT_18890,355.94
OUT_18891,148.3
OUT_18892,388.45
OUT_18893,160.95
OUT_18894,311.26
OUT_18895,177.62
OUT_18896,1146.77
OUT_18897,388.98
OUT_18898,149.91
OUT_18899,115.86
OUT_18900,310.39
OUT_18901,187.58
OUT_18902,331.97
OUT_18903,1106.12
OUT_18904,377.74
OUT_18905,392.45
OUT_18906,150.31
OUT_18907,142.05
OUT_18908,176.03
OUT_18909,1095.92
OUT_18910,278.17
OUT_18911,1202.89
OUT_18912,1280.78
OUT_18913,1036.32
OUT_18914,386.65
OUT_18915,369.64
OUT_18916,163.6
OUT_18917,162.22
OUT_18918,171.59
OUT_18919,1163.78
OUT_18920,182.44
OUT_18921,390.37
OUT_18922,321.32
OUT_18923,120.91
OUT_18924,330.86
OUT_18925,372.99
OUT_18926,175.75
OUT_18927,171.68
OUT_18928,183.4
OUT_18929,338.68
OUT_18930,1177.54
OUT_18931,178.47
OUT_18932,169.65
OUT_18933,341.02
OUT_18934,2430.81
OUT_18935,165.58
OUT_18936,150.3
OUT_18937,123.83
OUT_18938,269.82
OUT_18939,1132.62
OUT_18940,142.37
OUT_18941,1130.73
OUT_18942,420.07
OUT_18943,160.21
OUT_18944,273.78
OUT_18945,365.09
OUT_18946,149.64
OUT_18947,176.13
OUT_18948,371.89
OUT_18949,186.18
OUT_18950,1047.11
OUT_18951,331.05
OUT_18952,352.33
OUT_18953,173.94
OUT_18954,151.8
OUT_18955,188.92
OUT_18956,1201.74
OUT_18957,171.43
OUT_18958,1172.35
OUT_18959,165.45
OUT_18960,204.77
OUT_18961,158.18
OUT_18962,345.58
OUT_18963,170.07
OUT_18964,176.77
OUT_18965,257.56
OUT_18966,286.04
OUT_18967,169.52
OUT_18968,337.57
OUT_18969,136.59
OUT_18970,372.89
OUT_18971,142.39
OUT_18972,264.69
OUT_18973,324.99
OUT_18974,181.83
OUT_18975,380.63
OUT_18976,174.09
OUT_18977,184.93
OUT_18978,169.19
OUT_18979,347.49
OUT_18980,154.58
OUT_18981,149.18
OUT_18982,1204.3
OUT_18983,1105.04
OUT_18984,173.97
OUT_18985,2416.73
OUT_18986,1141.67
OUT_18987,172.74
OUT_18988,336.19
OUT_18989,156.47
OUT_18990,126.28
OUT_18991,144.36
OUT_18992,1155.63
OUT_18993,184.08
OUT_18994,383.22
OUT_18995,3824.62
OUT_18996,320.96
OUT_18997,191.47
OUT_18998,1144.48
OUT_18999,154.52
OUT_19000,159.38
OUT_19001,146.91
OUT_19002,340.49
OUT_19003,167.28
OUT_19004,1211.77
OUT_19005,156.14
OUT_19006,323.4
OUT_19007,173.44
OUT_19008,128.75
OUT_19009,161.49
OUT_19010,119.65
OUT_19011,156.0
OUT_19012,2441.66
OUT_19013,388.45
OUT_19014,141.0
OUT_19015,188.0
OUT_19016,164.62
OUT_19017,174.89
OUT_19018,1450.65
OUT_19019,156.67
OUT_19020,130.18
OUT_19021,163.34
OUT_19022,203.48
OUT_19023,372.7
OUT_19024,2478.85
OUT_19025,1200.81
OUT_19026,342.14
OUT_19027,293.87
OUT_19028,1129.45
OUT_19029,331.42
OUT_19030,2425.98
OUT_19031,152.72
OUT_19032,154.63
OUT_19033,395.63
OUT_19034,306.34
OUT_19035,159.89
OUT_19036,144.48
OUT_19037,156.66
OUT_19038,1227.7
OUT_19039,2601.19
OUT_19040,2527.42
OUT_19041,353.62
OUT_19042,402.82
OUT_19043,1131.93
OUT_19044,334.23
OUT_19045,1109.29
OUT_19046,407.24
OUT_19047,176.2
OUT_19048,136.93
OUT_19049,1150.54
OUT_19050,307.98
OUT_19051,1140.53
OUT_19052,346.39
OUT_19053,157.57
OUT_19054,333.47
OUT_19055,149.38
OUT_19056,148.67
OUT_19057,177.88
OUT_19058,403.52
OUT_19059,137.25
OUT_19060,281.43
OUT_19061,287.6
OUT_19062,353.68
OUT_19063,372.19
OUT_19064,416.68
OUT_19065,135.66
OUT_19066,148.44
OUT_19067,189.77
OUT_19068,2398.49
OUT_19069,292.01
OUT_19070,143.54
OUT_19071,165.05
OUT_19072,407.46
OUT_19073,269.44
OUT_19074,161.37
OUT_19075,1191.68
OUT_19076,312.4
OUT_19077,175.88
OUT_19078,205.01
OUT_19079,167.78
OUT_19080,175.37
OUT_19081,159.54
OUT_19082,135.16
OUT_19083,153.35
OUT_19084,160.94
OUT_19085,326.84
OUT_19086,113.07
OUT_19087,128.5
OUT_19088,199.1
OUT_19089,324.17
OUT_19090,372.52
OUT_19091,2489.99
OUT_19092,1083.98
OUT_19093,189.1
OUT_19094,1158.34
OUT_19095,192.07
OUT_19096,106.8
OUT_19097,157.2
OUT_19098,126.26
OUT_19099,160.86
OUT_19100,352.13
OUT_19101,169.87
OUT_19102,140.15
OUT_19103,285.35
OUT_19104,318.21
OUT_19105,303.3
OUT_19106,157.98
OUT_19107,150.5
OUT_19108,141.1
OUT_19109,152.06
OUT_19110,345.58
OUT_19111,140.26
OUT_19112,161.43
OUT_19113,152.4
OUT_19114,375.15
OUT_19115,1143.99
OUT_19116,365.85
OUT_19117,178.85
OUT_19118,142.31
OUT_19119,377.09
OUT_19120,386.48
OUT_19121,2549.98
OUT_19122,336.51
OUT_19123,175.32
OUT_19124,102.14
OUT_19125,1146.93
OUT_19126,2384.69
OUT_19127,162.48
OUT_19128,143.59
OUT_19129,355.35
OUT_19130,288.44
OUT_19131,311.9
OUT_19132,388.11
OUT_19133,1186.95
OUT_19134,353.86
OUT_19135,423.85
OUT_19136,142.69
OUT_19137,350.67
OUT_19138,141.82
OUT_19139,397.79
OUT_19140,176.73
OUT_19141,168.76
OUT_19142,1211.4
OUT_19143,179.01
OUT_19144,175.62
OUT_19145,185.91
OUT_19146,325.17
OUT_19147,149.65
OUT_19148,147.69
OUT_19149,118.09
OUT_19150,146.89
OUT_19151,2540.67
OUT_19152,353.8
OUT_19153,314.68
OUT_19154,1101.32
OUT_19155,165.87
OUT_19156,164.2
OUT_19157,126.38
OUT_19158,169.43
OUT_19159,1120.78
OUT_19160,418.9
OUT_19161,345.3
OUT_19162,141.38
OUT_19163,370.47
OUT_19164,289.95
OUT_19165,159.6
OUT_19166,182.44
OUT_19167,313.86
OUT_19168,152.13
OUT_19169,332.65
OUT_19170,156.09
OUT_19171,152.94
OUT_19172,172.85
OUT_19173,172.2
OUT_19174,153.26
OUT_19175,188.58
OUT_19176,343.21
OUT_19177,1135.68
OUT_19178,155.09
OUT_19179,159.7
OUT_19180,149.53
OUT_19181,163.33
OUT_19182,312.26
OUT_19183,150.87
OUT_19184,120.26
OUT_19185,391.97
OUT_19186,1159.83
OUT_19187,2473.77
OUT_19188,175.26
OUT_19189,151.6
OUT_19190,319.17
OUT_19191,121.46
OUT_19192,183.82
OUT_19193,195.57
OUT_19194,374.63
OUT_19195,330.87
OUT_19196,323.26
OUT_19197,180.35
OUT_19198,184.29
OUT_19199,115.66
OUT_19200,162.73
OUT_19201,2472.98
OUT_19202,129.05
OUT_19203,96.83
OUT_19204,1379.73
OUT_19205,127.32
OUT_19206,363.38
OUT_19207,316.29
OUT_19208,346.49
OUT_19209,287.25
OUT_19210,328.83
OUT_19211,1097.16
OUT_19212,160.09
OUT_19213,150.61
OUT_19214,1105.31
OUT_19215,153.79
OUT_19216,329.31
OUT_19217,329.32
OUT_19218,116.73
OUT_19219,180.28
OUT_19220,114.21
OUT_19221,146.81
OUT_19222,171.59
OUT_19223,157.66
OUT_19224,135.32
OUT_19225,377.27
OUT_19226,191.28
OUT_19227,385.73
OUT_19228,166.34
OUT_19229,344.0
OUT_19230,1107.54
OUT_19231,156.24
OUT_19232,305.16
OUT_19233,306.78
OUT_19234,180.06
OUT_19235,1208.37
OUT_19236,351.73
OUT_19237,127.86
OUT_19238,131.13
OUT_19239,160.47
OUT_19240,390.23
OUT_19241,176.86
OUT_19242,170.57
OUT_19243,306.41
OUT_19244,369.89
OUT_19245,185.98
OUT_19246,307.26
OUT_19247,138.95
OUT_19248,334.53
OUT_19249,340.54
OUT_19250,165.24
OUT_19251,168.04
OUT_19252,1055.84
OUT_19253,331.4
OUT_19254,94.58
OUT_19255,313.82
OUT_19256,129.42
OUT_19257,311.61
OUT_19258,2469.59
OUT_19259,113.65
OUT_19260,142.92
OUT_19261,325.19
OUT_19262,174.42
OUT_19263,344.47
OUT_19264,118.8
OUT_19265,335.99
OUT_19266,312.22
OUT_19267,141.52
OUT_19268,328.47
OUT_19269,140.82
OUT_19270,176.97
OUT_19271,357.57
OUT_19272,152.08
OUT_19273,1179.79
OUT_19274,166.32
OUT_19275,2561.32
OUT_19276,180.55
OUT_19277,159.61
OUT_19278,1096.73
OUT_19279,171.36
OUT_19280,171.62
OUT_19281,170.04
OUT_19282,1147.98
OUT_19283,341.41
OUT_19284,1143.73
OUT_19285,482.04
OUT_19286,160.2
OUT_19287,210.3
OUT_19288,106.22
OUT_19289,366.33
OUT_19290,179.62
OUT_19291,1376.09
OUT_19292,177.57
OUT_19293,159.22
OUT_19294,365.86
OUT_19295,375.24
OUT_19296,342.0
OUT_19297,145.78
OUT_19298,1157.06
OUT_19299,157.75
OUT_19300,1201.49
OUT_19301,168.33
OUT_19302,156.67
OUT_19303,2453.28
OUT_19304,147.0
OUT_19305,147.3
OUT_19306,159.6
OUT_19307,2582.97
OUT_19308,1067.24
OUT_19309,164.16
OUT_19310,2514.22
OUT_19311,2414.7
OUT_19312,2412.09
OUT_19313,183.52
OUT_19314,147.81
OUT_19315,94.53
OUT_19316,371.24
OUT_19317,146.08
OUT_19318,1246.23
OUT_19319,357.23
OUT_19320,1156.22
OUT_19321,175.11
OUT_19322,148.6
OUT_19323,1141.44
OUT_19324,357.0
OUT_19325,1088.27
OUT_19326,167.03
OUT_19327,176.72
OUT_19328,147.78
OUT_19329,174.05
OUT_19330,127.88
OUT_19331,326.75
OUT_19332,1331.86
OUT_19333,1100.12
OUT_19334,153.99
OUT_19335,173.2
OUT_19336,158.95
OUT_19337,123.43
OUT_19338,152.65
OUT_19339,1063.4
OUT_19340,147.01
OUT_19341,1109.11
OUT_19342,1186.78
OUT_19343,155.61
OUT_19344,1150.41
OUT_19345,412.37
OUT_19346,170.83
OUT_19347,193.86
OUT_19348,2634.19
OUT_19349,319.5
OUT_19350,1148.95
OUT_19351,142.95
OUT_19352,153.48
OUT_19353,335.39
OUT_19354,154.13
OUT_19355,1167.38
OUT_19356,1032.8
OUT_19357,1209.63
OUT_19358,345.87
OUT_19359,158.46
OUT_19360,1171.42
OUT_19361,161.09
OUT_19362,338.58
OUT_19363,299.64
OUT_19364,133.77
OUT_19365,2649.03
OUT_19366,2501.68
OUT_19367,356.74
OUT_19368,1432.4
OUT_19369,123.8
OUT_19370,148.11
OUT_19371,124.67
OUT_19372,344.02
OUT_19373,132.11
OUT_19374,175.48
OUT_19375,164.19
OUT_19376,145.24
OUT_19377,163.06
OUT_19378,143.88
OUT_19379,160.31
OUT_19380,151.65
OUT_19381,308.24
OUT_19382,1088.39
OUT_19383,285.96
OUT_19384,206.13
OUT_19385,126.19
OUT_19386,174.09
OUT_19387,156.31
OUT_19388,332.98
OUT_19389,169.0
OUT_19390,174.79
OUT_19391,163.71
OUT_19392,152.64
OUT_19393,372.95
OUT_19394,358.46
OUT_19395,161.54
OUT_19396,153.78
OUT_19397,1133.18
OUT_19398,181.69
OUT_19399,176.62
OUT_19400,137.25
OUT_19401,1115.47
OUT_19402,189.5
OUT_19403,322.61
OUT_19404,168.45
OUT_19405,1116.01
OUT_19406,173.28
OUT_19407,1125.33
OUT_19408,142.11
OUT_19409,330.08
OUT_19410,165.07
OUT_19411,163.59
OUT_19412,141.85
OUT_19413,171.2
OUT_19414,167.07
OUT_19415,312.56
OUT_19416,1149.09
OUT_19417,1186.75
OUT_19418,372.62
OUT_19419,190.87
OUT_19420,320.02
OUT_19421,203.12
OUT_19422,146.41
OUT_19423,334.55
OUT_19424,187.01
OUT_19425,335.33
OUT_19426,172.85
OUT_19427,137.62
OUT_19428,172.64
OUT_19429,131.69
OUT_19430,195.36
OUT_19431,337.35
OUT_19432,169.83
OUT_19433,181.96
OUT_19434,2538.3
OUT_19435,167.55
OUT_19436,328.36
OUT_19437,389.15
OUT_19438,139.73
OUT_19439,137.35
OUT_19440,359.08
OUT_19441,182.68
OUT_19442,126.84
OUT_19443,303.94
OUT_19444,162.02
OUT_19445,324.13
OUT_19446,159.08
OUT_19447,178.3
OUT_19448,192.83
OUT_19449,1142.58
OUT_19450,166.59
OUT_19451,388.68
OUT_19452,354.49
OUT_19453,164.65
OUT_19454,169.55
OUT_19455,168.17
OUT_19456,161.67
OUT_19457,152.98
OUT_19458,362.7
OUT_19459,359.22
OUT_19460,276.44
OUT_19461,130.31
OUT_19462,1196.88
OUT_19463,1281.74
OUT_19464,164.58
OUT_19465,176.13
OUT_19466,159.59
OUT_19467,330.23
OUT_19468,191.3
OUT_19469,159.89
OUT_19470,189.91
OUT_19471,287.7
OUT_19472,319.86
OUT_19473,1468.74
OUT_19474,134.02
OUT_19475,148.04
OUT_19476,357.55
OUT_19477,139.63
OUT_19478,388.28
OUT_19479,116.21
OUT_19480,186.59
OUT_19481,347.15
OUT_19482,344.24
OUT_19483,156.02
OUT_19484,118.41
OUT_19485,173.75
OUT_19486,96.14
OUT_19487,322.08
OUT_19488,142.56
OUT_19489,160.19
OUT_19490,158.75
OUT_19491,175.06
OUT_19492,277.26
OUT_19493,1173.95
OUT_19494,148.11
OUT_19495,1103.38
OUT_19496,148.62
OUT_19497,157.68
OUT_19498,165.08
OUT_19499,202.32
OUT_19500,159.53
OUT_19501,161.06
OUT_19502,1099.45
OUT_19503,178.49
OUT_19504,173.31
OUT_19505,156.85
OUT_19506,258.15
OUT_19507,149.24
OUT_19508,185.7
OUT_19509,368.34
OUT_19510,116.35
OUT_19511,359.85
OUT_19512,419.6
OUT_19513,364.94
OUT_19514,1090.75
OUT_19515,164.51
OUT_19516,172.48
OUT_19517,129.91
OUT_19518,148.73
OUT_19519,1145.26
OUT_19520,184.39
OUT_19521,1157.9
OUT_19522,158.62
OUT_19523,145.1
OUT_19524,177.12
OUT_19525,199.29
OUT_19526,175.68
OUT_19527,185.1
OUT_19528,114.25
OUT_19529,121.78
OUT_19530,160.96
OUT_19531,337.66
OUT_19532,110.12
OUT_19533,140.2
OUT_19534,129.83
OUT_19535,1135.24
OUT_19536,171.63
OUT_19537,1204.97
OUT_19538,362.63
OUT_19539,370.48
OUT_19540,329.8
OUT_19541,301.09
OUT_19542,163.26
OUT_19543,158.94
OUT_19544,1206.83
OUT_19545,165.29
OUT_19546,344.78
OUT_19547,321.79
OUT_19548,2603.57
OUT_19549,357.98
OUT_19550,331.61
OUT_19551,397.14
OUT_19552,1134.72
OUT_19553,172.43
OUT_19554,1152.74
OUT_19555,157.12
OUT_19556,1169.22
OUT_19557,140.64
OUT_19558,173.07
OUT_19559,158.64
OUT_19560,1156.9
OUT_19561,261.71
OUT_19562,366.35
OUT_19563,165.36
OUT_19564,203.95
OUT_19565,366.43
OUT_19566,166.4
OUT_19567,162.34
OUT_19568,376.74
OUT_19569,152.21
OUT_19570,1154.4
OUT_19571,363.02
OUT_19572,237.21
OUT_19573,108.62
OUT_19574,2644.2
OUT_19575,147.76
OUT_19576,428.58
OUT_19577,315.9
OUT_19578,165.63
OUT_19579,138.44
OUT_19580,125.2
OUT_19581,159.62
OUT_19582,179.56
OUT_19583,311.36
OUT_19584,366.29
OUT_19585,322.31
OUT_19586,117.11
OUT_19587,1172.86
OUT_19588,2544.62
OUT_19589,339.05
OUT_19590,321.2
OUT_19591,165.59
OUT_19592,314.87
OUT_19593,289.55
OUT_19594,293.53
OUT_19595,2413.35
OUT_19596,157.91
OUT_19597,358.15
OUT_19598,146.05
OUT_19599,1227.3
OUT_19600,372.52
OUT_19601,162.33
OUT_19602,1258.23
OUT_19603,171.99
OUT_19604,164.1
OUT_19605,1122.79
OUT_19606,176.05
OUT_19607,103.91
OUT_19608,171.1
OUT_19609,180.36
OUT_19610,176.92
OUT_19611,386.67
OUT_19612,163.13
OUT_19613,1124.35
OUT_19614,1179.49
OUT_19615,1025.96
OUT_19616,176.11
OUT_19617,349.72
OUT_19618,135.06
OUT_19619,159.07
OUT_19620,181.81
OUT_19621,179.86
OUT_19622,137.32
OUT_19623,321.23
OUT_19624,172.47
OUT_19625,1037.31
OUT_19626,176.37
OUT_19627,322.76
OUT_19628,1231.6
OUT_19629,382.56
OUT_19630,148.36
OUT_19631,157.53
OUT_19632,340.28
OUT_19633,294.51
OUT_19634,2617.27
OUT_19635,169.26
OUT_19636,1123.33
OUT_19637,2602.25
OUT_19638,151.65
OUT_19639,186.35
OUT_19640,100.94
OUT_19641,1294.3
OUT_19642,339.11
OUT_19643,342.19
OUT_19644,1092.15
OUT_19645,117.36
OUT_19646,2479.93
OUT_19647,171.12
OUT_19648,2505.4
OUT_19649,159.62
OUT_19650,158.43
OUT_19651,116.33
OUT_19652,1310.33
OUT_19653,381.64
OUT_19654,337.54
OUT_19655,165.54
OUT_19656,317.24
OUT_19657,304.2
OUT_19658,184.37
OUT_19659,174.15
OUT_19660,1146.27
OUT_19661,1395.63
OUT_19662,164.6
OUT_19663,169.93
OUT_19664,151.82
OUT_19665,322.73
OUT_19666,1121.52
OUT_19667,153.93
OUT_19668,330.76
OUT_19669,258.46
OUT_19670,371.54
OUT_19671,378.89
OUT_19672,1164.1
OUT_19673,203.75
OUT_19674,395.44
OUT_19675,343.93
OUT_19676,373.31
OUT_19677,353.46
OUT_19678,372.07
OUT_19679,127.1
OUT_19680,313.72
OUT_19681,380.54
OUT_19682,169.18
OUT_19683,115.84
OUT_19684,364.17
OUT_19685,111.79
OUT_19686,143.9
OUT_19687,361.83
OUT_19688,144.46
OUT_19689,177.23
OUT_19690,186.34
OUT_19691,1145.93
OUT_19692,162.26
OUT_19693,172.97
OUT_19694,160.6
OUT_19695,348.46
OUT_19696,1112.56
OUT_19697,373.3
OUT_19698,164.43
OUT_19699,103.25
OUT_19700,173.45
OUT_19701,165.9
OUT_19702,160.66
OUT_19703,1102.39
OUT_19704,388.36
OUT_19705,143.18
OUT_19706,150.34
OUT_19707,176.11
OUT_19708,305.71
OUT_19709,1188.82
OUT_19710,174.76
OUT_19711,167.07
OUT_19712,151.1
OUT_19713,156.53
OUT_19714,151.38
OUT_19715,422.71
OUT_19716,297.55
OUT_19717,173.86
OUT_19718,137.76
OUT_19719,190.55
OUT_19720,155.54
OUT_19721,155.83
OUT_19722,152.44
OUT_19723,154.16
OUT_19724,163.42
OUT_19725,370.77
OUT_19726,182.32
OUT_19727,132.8
OUT_19728,1164.22
OUT_19729,1159.88
OUT_19730,1192.36
OUT_19731,190.75
OUT_19732,157.41
OUT_19733,191.72
OUT_19734,333.25
OUT_19735,151.8
OUT_19736,157.28
OUT_19737,149.37
OUT_19738,316.5
OUT_19739,139.2
OUT_19740,174.81
OUT_19741,150.91
OUT_19742,400.84
OUT_19743,1163.49
OUT_19744,1154.46
OUT_19745,348.13
OUT_19746,124.8
OUT_19747,145.13
OUT_19748,158.47
OUT_19749,145.37
OUT_19750,400.74
OUT_19751,175.06
OUT_19752,172.7
OUT_19753,360.2
OUT_19754,167.57
OUT_19755,1103.17
OUT_19756,405.4
OUT_19757,1168.4
OUT_19758,352.85
OUT_19759,180.88
OUT_19760,143.22
OUT_19761,384.28
OUT_19762,144.25
OUT_19763,145.95
OUT_19764,103.03
OUT_19765,157.86
OUT_19766,107.05
OUT_19767,175.71
OUT_19768,181.59
OUT_19769,2422.26
OUT_19770,171.47
OUT_19771,145.96
OUT_19772,1231.53
OUT_19773,129.55
OUT_19774,1179.46
OUT_19775,158.91
OUT_19776,362.3
OUT_19777,355.08
OUT_19778,133.99
OUT_19779,167.05
OUT_19780,384.42
OUT_19781,162.78
OUT_19782,150.57
OUT_19783,111.28
OUT_19784,156.93
OUT_19785,329.36
OUT_19786,385.3
OUT_19787,340.67
OUT_19788,1188.57
OUT_19789,185.82
OUT_19790,133.53
OUT_19791,155.36
OUT_19792,164.86
OUT_19793,176.11
OUT_19794,348.36
OUT_19795,171.99
OUT_19796,137.96
OUT_19797,175.28
OUT_19798,120.92
OUT_19799,163.83
OUT_19800,394.01
OUT_19801,377.75
OUT_19802,2515.6
OUT_19803,1192.03
OUT_19804,335.31
OUT_19805,1048.06
OUT_19806,1275.27
OUT_19807,148.14
OUT_19808,1032.21
OUT_19809,345.64
OUT_19810,328.55
OUT_19811,181.63
OUT_19812,193.05
OUT_19813,184.68
OUT_19814,159.28
OUT_19815,165.61
OUT_19816,134.55
OUT_19817,1245.28
OUT_19818,127.55
OUT_19819,149.14
OUT_19820,159.93
OUT_19821,351.38
OUT_19822,177.65
OUT_19823,282.3
OUT_19824,120.8
OUT_19825,192.2
OUT_19826,383.29
OUT_19827,2400.3
OUT_19828,1193.64
OUT_19829,164.59
OUT_19830,349.35
OUT_19831,297.32
OUT_19832,174.6
OUT_19833,287.35
OUT_19834,326.81
OUT_19835,159.83
OUT_19836,124.35
OUT_19837,1450.5
OUT_19838,115.54
OUT_19839,143.26
OUT_19840,190.98
OUT_19841,179.93
OUT_19842,321.27
OUT_19843,311.32
OUT_19844,183.48
OUT_19845,116.2
OUT_19846,186.59
OUT_19847,191.55
OUT_19848,206.31
OUT_19849,148.12
OUT_19850,2607.96
OUT_19851,137.28
OUT_19852,2607.38
OUT_19853,379.92
OUT_19854,130.21
OUT_19855,188.96
OUT_19856,1104.06
OUT_19857,127.88
OUT_19858,146.43
OUT_19859,1153.1
OUT_19860,179.46
OUT_19861,134.47
OUT_19862,166.15
OUT_19863,368.54
OUT_19864,176.54
OUT_19865,2509.66
OUT_19866,165.22
OUT_19867,350.19
OUT_19868,119.26
OUT_19869,176.53
OUT_19870,172.85
OUT_19871,361.91
OUT_19872,119.59
OUT_19873,191.04
OUT_19874,354.96
OUT_19875,456.9
OUT_19876,393.6
OUT_19877,285.48
OUT_19878,355.12
OUT_19879,114.58
OUT_19880,148.62
OUT_19881,127.55
OUT_19882,135.59
OUT_19883,164.41
OUT_19884,183.5
OUT_19885,298.52
OUT_19886,94.39
OUT_19887,332.65
OUT_19888,171.02
OUT_19889,142.45
OUT_19890,145.98
OUT_19891,155.63
OUT_19892,365.92
OUT_19893,324.43
OUT_19894,1166.43
OUT_19895,150.28
OUT_19896,1465.35
OUT_19897,161.87
OUT_19898,1105.34
OUT_19899,374.74
OUT_19900,161.89
OUT_19901,164.67
OUT_19902,180.12
OUT_19903,181.74
OUT_19904,196.77
OUT_19905,168.67
OUT_19906,215.06
OUT_19907,336.62
OUT_19908,141.71
OUT_19909,138.27
OUT_19910,96.97
OUT_19911,173.62
OUT_19912,1197.16
OUT_19913,156.33
OUT_19914,138.85
OUT_19915,178.01
OUT_19916,145.0
OUT_19917,159.23
OUT_19918,157.08
OUT_19919,191.69
OUT_19920,181.19
OUT_19921,371.91
OUT_19922,182.3
OUT_19923,383.71
OUT_19924,177.83
OUT_19925,337.93
OUT_19926,126.26
OUT_19927,123.61
OUT_19928,356.87
OUT_19929,348.18
OUT_19930,162.18
OUT_19931,387.09
OUT_19932,177.17
OUT_19933,190.18
OUT_19934,1144.84
OUT_19935,1045.57
OUT_19936,112.71
OUT_19937,339.51
OUT_19938,135.45
OUT_19939,154.64
OUT_19940,1177.36
OUT_19941,1160.45
OUT_19942,146.38
OUT_19943,1159.01
OUT_19944,116.22
OUT_19945,155.58
OUT_19946,157.27
OUT_19947,1121.53
OUT_19948,199.11
OUT_19949,98.5
OUT_19950,107.55
OUT_19951,1152.2
OUT_19952,148.45
OUT_19953,346.85
OUT_19954,1122.53
OUT_19955,149.03
OUT_19956,113.94
OUT_19957,1053.28
OUT_19958,147.43
OUT_19959,1158.31
OUT_19960,1194.02
OUT_19961,195.12
OUT_19962,349.36
OUT_19963,145.59
OUT_19964,342.08
OUT_19965,337.18
OUT_19966,155.93
OUT_19967,137.77
OUT_19968,148.4
OUT_19969,130.71
OUT_19970,358.26
OUT_19971,344.85
OUT_19972,187.79
OUT_19973,159.79
OUT_19974,167.15
OUT_19975,363.88
OUT_19976,191.28
OUT_19977,2673.34
OUT_19978,1176.87
OUT_19979,404.51
OUT_19980,125.41
OUT_19981,138.6
OUT_19982,187.73
OUT_19983,137.01
OUT_19984,350.15
OUT_19985,1315.84
OUT_19986,341.54
OUT_19987,177.78
OUT_19988,170.38
OUT_19989,106.87
OUT_19990,165.29
OUT_19991,1238.8
OUT_19992,358.2
OUT_19993,290.31
OUT_19994,328.87
OUT_19995,331.67
OUT_19996,356.15
OUT_19997,172.21
OUT_19998,338.33
OUT_19999,142.56
OUT_20000,117.49
