Outlet_ID,Predicted_Maximum_Monthly_Liters
OUT_00001,557.86
OUT_00002,487.57
OUT_00003,540.84
OUT_00004,530.86
OUT_00005,540.24
OUT_00006,453.23
OUT_00007,506.05
OUT_00008,740.75
OUT_00009,462.95
OUT_00010,501.55
OUT_00011,523.38
OUT_00012,540.7
OUT_00013,530.44
OUT_00014,557.89
OUT_00015,512.28
OUT_00016,481.81
OUT_00017,568.2
OUT_00018,509.81
OUT_00019,739.66
OUT_00020,553.08
OUT_00021,467.59
OUT_00022,522.94
OUT_00023,523.21
OUT_00024,582.95
OUT_00026,601.23
OUT_00027,543.02
OUT_00028,513.3
OUT_00029,616.29
OUT_00031,565.41
OUT_00032,784.65
OUT_00033,587.2
OUT_00034,610.52
OUT_00035,596.04
OUT_00036,569.91
OUT_00037,575.87
OUT_00038,560.52
OUT_00039,517.22
OUT_00040,638.14
OUT_00041,578.91
OUT_00042,573.51
OUT_00043,506.08
OUT_00044,588.49
OUT_00045,596.08
OUT_00046,548.0
OUT_00047,530.16
OUT_00048,514.92
OUT_00049,620.97
OUT_00050,711.28
OUT_00051,520.8
OUT_00052,533.05
OUT_00053,570.39
OUT_00054,594.57
OUT_00055,528.2
OUT_00056,457.59
OUT_00057,579.97
OUT_00058,546.42
OUT_00059,519.81
OUT_00060,525.81
OUT_00061,582.67
OUT_00062,731.41
OUT_00063,466.89
OUT_00064,565.98
OUT_00065,454.94
OUT_00066,539.83
OUT_00067,547.93
OUT_00068,528.18
OUT_00069,551.84
OUT_00070,627.68
OUT_00072,629.72
OUT_00074,755.18
OUT_00075,472.94
OUT_00076,593.01
OUT_00077,540.35
OUT_00078,835.98
OUT_00079,765.5
OUT_00080,467.39
OUT_00081,504.63
OUT_00082,550.34
OUT_00083,477.21
OUT_00084,506.39
OUT_00085,569.31
OUT_00086,590.16
OUT_00087,689.3
OUT_00088,521.69
OUT_00089,483.95
OUT_00091,434.53
OUT_00092,608.62
OUT_00093,497.75
OUT_00094,564.58
OUT_00095,559.23
OUT_00096,590.2
OUT_00097,563.2
OUT_00098,527.43
OUT_00099,570.96
OUT_00100,576.54
OUT_00101,774.88
OUT_00102,476.44
OUT_00103,504.87
OUT_00104,605.54
OUT_00105,587.58
OUT_00106,486.37
OUT_00107,510.37
OUT_00108,710.91
OUT_00109,542.07
OUT_00110,546.44
OUT_00111,550.77
OUT_00112,708.57
OUT_00113,616.45
OUT_00114,502.01
OUT_00115,569.11
OUT_00116,521.82
OUT_00117,600.73
OUT_00118,587.14
OUT_00119,551.46
OUT_00120,571.96
OUT_00121,596.28
OUT_00122,515.8
OUT_00123,479.35
OUT_00124,580.72
OUT_00125,568.36
OUT_00126,537.86
OUT_00127,563.84
OUT_00128,587.05
OUT_00129,536.64
OUT_00130,538.03
OUT_00131,553.79
OUT_00132,585.44
OUT_00133,515.13
OUT_00134,712.2
OUT_00135,601.94
OUT_00136,538.43
OUT_00137,601.25
OUT_00138,525.72
OUT_00139,459.62
OUT_00140,520.33
OUT_00141,584.78
OUT_00142,579.11
OUT_00144,521.02
OUT_00145,547.8
OUT_00146,512.45
OUT_00147,605.19
OUT_00148,513.58
OUT_00149,572.94
OUT_00150,564.16
OUT_00151,598.52
OUT_00152,559.37
OUT_00153,545.02
OUT_00154,535.15
OUT_00155,562.04
OUT_00156,484.56
OUT_00157,548.76
OUT_00158,407.24
OUT_00159,441.81
OUT_00160,619.77
OUT_00161,553.05
OUT_00162,491.6
OUT_00163,576.77
OUT_00164,520.77
OUT_00165,498.76
OUT_00166,507.09
OUT_00167,557.38
OUT_00168,557.87
OUT_00169,540.54
OUT_00170,560.76
OUT_00172,728.06
OUT_00173,713.14
OUT_00174,518.34
OUT_00175,527.14
OUT_00176,593.39
OUT_00177,501.39
OUT_00178,557.55
OUT_00179,751.46
OUT_00180,523.52
OUT_00181,576.09
OUT_00182,563.1
OUT_00183,490.18
OUT_00185,557.21
OUT_00186,504.74
OUT_00187,547.54
OUT_00188,575.05
OUT_00189,549.09
OUT_00190,598.16
OUT_00191,640.32
OUT_00192,529.99
OUT_00193,528.44
OUT_00194,526.75
OUT_00195,540.16
OUT_00196,624.12
OUT_00197,568.38
OUT_00198,517.47
OUT_00199,485.86
OUT_00200,504.83
OUT_00201,407.76
OUT_00202,501.84
OUT_00203,530.16
OUT_00204,458.13
OUT_00205,627.03
OUT_00206,570.03
OUT_00207,534.95
OUT_00208,545.4
OUT_00209,542.21
OUT_00210,491.06
OUT_00211,512.58
OUT_00212,603.25
OUT_00213,585.35
OUT_00214,765.79
OUT_00215,538.69
OUT_00216,542.63
OUT_00217,552.11
OUT_00218,445.0
OUT_00219,549.6
OUT_00220,542.18
OUT_00221,555.27
OUT_00222,556.18
OUT_00223,571.98
OUT_00224,527.19
OUT_00225,532.51
OUT_00226,465.65
OUT_00227,517.36
OUT_00228,507.91
OUT_00229,505.83
OUT_00230,479.84
OUT_00231,547.38
OUT_00232,582.36
OUT_00233,517.12
OUT_00234,483.36
OUT_00235,481.88
OUT_00236,504.76
OUT_00237,611.68
OUT_00238,476.62
OUT_00239,490.77
OUT_00240,514.5
OUT_00241,610.24
OUT_00242,539.18
OUT_00243,539.32
OUT_00244,483.38
OUT_00245,495.1
OUT_00246,801.8
OUT_00247,664.41
OUT_00248,571.92
OUT_00249,543.89
OUT_00250,691.76
OUT_00251,470.87
OUT_00253,530.63
OUT_00254,549.84
OUT_00255,556.81
OUT_00256,484.01
OUT_00257,742.81
OUT_00258,712.87
OUT_00259,580.27
OUT_00260,436.92
OUT_00261,590.18
OUT_00262,588.92
OUT_00263,583.63
OUT_00264,549.42
OUT_00265,586.86
OUT_00266,579.27
OUT_00267,623.17
OUT_00268,498.67
OUT_00269,516.78
OUT_00270,582.11
OUT_00271,405.45
OUT_00272,465.65
OUT_00273,557.26
OUT_00274,483.99
OUT_00275,563.5
OUT_00276,502.59
OUT_00277,592.23
OUT_00278,581.41
OUT_00279,749.06
OUT_00280,557.05
OUT_00281,464.55
OUT_00282,573.81
OUT_00283,525.95
OUT_00284,603.21
OUT_00285,537.34
OUT_00286,566.04
OUT_00287,634.33
OUT_00288,560.09
OUT_00289,464.86
OUT_00290,540.21
OUT_00291,785.56
OUT_00292,565.34
OUT_00293,487.29
OUT_00294,456.01
OUT_00295,625.05
OUT_00296,556.78
OUT_00297,524.83
OUT_00298,463.11
OUT_00299,556.01
OUT_00300,527.46
OUT_00301,543.75
OUT_00302,543.01
OUT_00303,657.86
OUT_00304,416.77
OUT_00305,495.93
OUT_00306,521.21
OUT_00307,535.34
OUT_00308,498.05
OUT_00309,552.69
OUT_00310,548.64
OUT_00311,576.48
OUT_00312,572.86
OUT_00313,591.77
OUT_00314,506.01
OUT_00315,557.31
OUT_00316,514.72
OUT_00317,559.36
OUT_00318,556.39
OUT_00319,552.57
OUT_00320,468.09
OUT_00321,544.18
OUT_00322,536.89
OUT_00323,568.62
OUT_00324,476.53
OUT_00325,512.99
OUT_00326,588.53
OUT_00327,547.76
OUT_00328,566.83
OUT_00329,518.7
OUT_00330,524.23
OUT_00331,529.39
OUT_00332,556.7
OUT_00333,676.94
OUT_00334,563.34
OUT_00335,529.57
OUT_00336,575.81
OUT_00337,559.58
OUT_00338,544.1
OUT_00339,700.81
OUT_00340,550.58
OUT_00341,547.75
OUT_00342,511.58
OUT_00343,565.44
OUT_00344,568.83
OUT_00345,608.1
OUT_00346,553.97
OUT_00347,561.96
OUT_00348,495.57
OUT_00349,488.99
OUT_00350,753.91
OUT_00351,566.28
OUT_00352,437.36
OUT_00353,583.58
OUT_00354,593.05
OUT_00355,475.86
OUT_00356,504.53
OUT_00357,503.43
OUT_00358,613.56
OUT_00359,521.21
OUT_00360,553.79
OUT_00361,685.39
OUT_00362,550.23
OUT_00363,559.51
OUT_00364,531.84
OUT_00365,512.83
OUT_00366,546.65
OUT_00367,735.54
OUT_00368,569.31
OUT_00369,540.14
OUT_00370,506.24
OUT_00371,519.98
OUT_00372,612.7
OUT_00373,570.32
OUT_00374,630.61
OUT_00375,528.69
OUT_00376,625.91
OUT_00377,548.89
OUT_00378,562.22
OUT_00379,576.13
OUT_00380,543.28
OUT_00381,632.43
OUT_00382,416.95
OUT_00383,484.83
OUT_00384,542.92
OUT_00385,540.52
OUT_00386,568.86
OUT_00387,732.54
OUT_00388,563.74
OUT_00389,590.35
OUT_00390,491.1
OUT_00391,468.03
OUT_00392,509.96
OUT_00393,585.79
OUT_00394,507.02
OUT_00395,542.87
OUT_00396,522.48
OUT_00397,590.05
OUT_00398,535.81
OUT_00399,540.15
OUT_00400,494.22
OUT_00401,146.43
OUT_00402,545.51
OUT_00403,327.04
OUT_00404,131.59
OUT_00405,308.96
OUT_00406,123.19
OUT_00407,168.06
OUT_00408,126.37
OUT_00409,328.45
OUT_00410,332.45
OUT_00411,121.3
OUT_00412,125.96
OUT_00413,638.39
OUT_00414,124.68
OUT_00415,151.14
OUT_00416,396.41
OUT_00417,508.63
OUT_00418,311.11
OUT_00419,130.19
OUT_00420,122.26
OUT_00421,298.87
OUT_00422,286.85
OUT_00423,602.79
OUT_00424,548.55
OUT_00425,158.4
OUT_00426,325.63
OUT_00427,297.22
OUT_00428,855.39
OUT_00429,309.47
OUT_00430,159.57
OUT_00431,123.98
OUT_00432,898.97
OUT_00433,297.96
OUT_00434,913.63
OUT_00435,380.92
OUT_00436,125.41
OUT_00437,122.69
OUT_00438,310.43
OUT_00439,305.83
OUT_00440,173.59
OUT_00441,185.9
OUT_00442,168.83
OUT_00443,302.79
OUT_00444,336.14
OUT_00445,537.2
OUT_00446,136.15
OUT_00447,125.07
OUT_00448,136.55
OUT_00449,904.13
OUT_00450,554.64
OUT_00451,127.74
OUT_00452,161.91
OUT_00453,323.66
OUT_00454,342.82
OUT_00455,889.01
OUT_00456,300.89
OUT_00458,129.76
OUT_00459,303.25
OUT_00460,345.1
OUT_00461,129.35
OUT_00462,152.8
OUT_00463,551.5
OUT_00464,137.81
OUT_00465,336.8
OUT_00466,546.9
OUT_00467,126.21
OUT_00468,482.56
OUT_00469,162.26
OUT_00470,126.34
OUT_00471,315.86
OUT_00472,310.81
OUT_00473,125.41
OUT_00474,125.59
OUT_00475,137.22
OUT_00476,297.24
OUT_00477,144.78
OUT_00478,296.76
OUT_00479,127.62
OUT_00480,126.41
OUT_00481,127.54
OUT_00482,320.91
OUT_00483,140.95
OUT_00484,128.33
OUT_00485,360.19
OUT_00486,418.58
OUT_00487,121.36
OUT_00488,140.11
OUT_00489,337.8
OUT_00490,145.32
OUT_00491,131.07
OUT_00492,602.37
OUT_00493,383.56
OUT_00494,128.03
OUT_00495,142.58
OUT_00496,163.54
OUT_00497,297.03
OUT_00498,347.73
OUT_00499,391.26
OUT_00500,127.17
OUT_00501,322.72
OUT_00502,301.06
OUT_00503,460.43
OUT_00504,344.58
OUT_00505,120.76
OUT_00506,850.84
OUT_00507,917.08
OUT_00508,363.77
OUT_00509,313.18
OUT_00510,324.02
OUT_00513,123.94
OUT_00514,123.27
OUT_00515,528.18
OUT_00516,135.78
OUT_00517,294.36
OUT_00518,311.84
OUT_00519,142.31
OUT_00520,127.08
OUT_00521,141.7
OUT_00522,145.0
OUT_00523,125.53
OUT_00524,142.62
OUT_00525,530.79
OUT_00526,334.2
OUT_00527,311.23
OUT_00528,338.27
OUT_00529,339.46
OUT_00530,556.53
OUT_00531,133.52
OUT_00532,143.81
OUT_00533,123.24
OUT_00534,569.9
OUT_00536,130.02
OUT_00537,128.25
OUT_00538,167.6
OUT_00539,594.3
OUT_00540,121.66
OUT_00541,364.77
OUT_00542,127.34
OUT_00543,130.22
OUT_00544,121.62
OUT_00545,368.03
OUT_00546,317.13
OUT_00547,125.45
OUT_00548,124.19
OUT_00549,139.95
OUT_00550,292.08
OUT_00551,691.74
OUT_00552,122.33
OUT_00553,299.74
OUT_00554,124.97
OUT_00555,136.12
OUT_00556,321.87
OUT_00557,119.85
OUT_00558,127.32
OUT_00559,129.09
OUT_00560,320.23
OUT_00562,154.11
OUT_00563,129.37
OUT_00564,124.1
OUT_00565,371.42
OUT_00566,160.4
OUT_00567,596.96
OUT_00568,996.96
OUT_00569,128.55
OUT_00570,571.18
OUT_00572,153.39
OUT_00573,545.46
OUT_00574,348.93
OUT_00575,124.55
OUT_00576,295.89
OUT_00577,645.04
OUT_00578,129.18
OUT_00579,960.08
OUT_00580,536.56
OUT_00581,554.05
OUT_00583,126.52
OUT_00584,134.32
OUT_00585,362.15
OUT_00586,332.21
OUT_00587,304.54
OUT_00588,138.26
OUT_00589,636.5
OUT_00590,301.99
OUT_00591,607.01
OUT_00592,145.18
OUT_00593,130.4
OUT_00594,313.37
OUT_00595,305.01
OUT_00596,135.32
OUT_00597,130.43
OUT_00598,126.64
OUT_00599,128.15
OUT_00601,349.61
OUT_00602,127.55
OUT_00603,553.67
OUT_00604,406.38
OUT_00605,157.91
OUT_00606,572.4
OUT_00607,494.18
OUT_00608,362.2
OUT_00609,325.86
OUT_00610,561.94
OUT_00611,130.66
OUT_00612,151.27
OUT_00613,134.78
OUT_00614,575.49
OUT_00615,124.74
OUT_00616,345.85
OUT_00617,320.39
OUT_00618,304.93
OUT_00619,915.76
OUT_00620,390.12
OUT_00621,290.79
OUT_00622,126.48
OUT_00623,126.33
OUT_00624,376.52
OUT_00625,307.58
OUT_00626,546.41
OUT_00627,305.4
OUT_00628,136.91
OUT_00629,361.17
OUT_00630,142.14
OUT_00631,139.26
OUT_00632,126.75
OUT_00633,533.58
OUT_00634,405.85
OUT_00635,317.2
OUT_00636,303.99
OUT_00637,320.58
OUT_00638,389.18
OUT_00639,627.18
OUT_00640,344.23
OUT_00641,128.37
OUT_00642,311.87
OUT_00643,312.82
OUT_00644,299.71
OUT_00645,340.49
OUT_00646,137.86
OUT_00647,121.24
OUT_00648,287.54
OUT_00649,622.68
OUT_00650,306.4
OUT_00651,122.33
OUT_00652,372.43
OUT_00653,124.98
OUT_00654,136.82
OUT_00655,128.39
OUT_00656,316.17
OUT_00657,126.04
OUT_00658,388.62
OUT_00659,141.62
OUT_00660,607.54
OUT_00661,310.96
OUT_00662,370.38
OUT_00663,295.67
OUT_00664,142.74
OUT_00665,131.5
OUT_00666,572.25
OUT_00667,317.65
OUT_00668,134.55
OUT_00669,149.2
OUT_00670,343.48
OUT_00671,352.81
OUT_00672,164.94
OUT_00673,317.74
OUT_00674,482.78
OUT_00675,126.97
OUT_00676,184.44
OUT_00677,342.89
OUT_00679,162.66
OUT_00680,297.87
OUT_00681,123.66
OUT_00682,144.18
OUT_00683,426.57
OUT_00684,921.25
OUT_00685,125.66
OUT_00686,574.34
OUT_00687,628.6
OUT_00688,130.38
OUT_00689,872.31
OUT_00690,125.83
OUT_00691,920.19
OUT_00692,123.13
OUT_00693,373.72
OUT_00694,641.51
OUT_00695,131.57
OUT_00696,127.07
OUT_00697,339.37
OUT_00698,581.22
OUT_00699,553.58
OUT_00700,129.02
OUT_00701,127.31
OUT_00702,121.11
OUT_00703,293.66
OUT_00704,375.74
OUT_00705,130.16
OUT_00706,302.93
OUT_00707,124.08
OUT_00708,131.91
OUT_00709,130.83
OUT_00710,298.53
OUT_00711,134.24
OUT_00712,588.6
OUT_00713,131.22
OUT_00714,128.6
OUT_00715,313.55
OUT_00716,122.42
OUT_00717,523.01
OUT_00718,133.84
OUT_00719,137.16
OUT_00720,576.9
OUT_00721,130.36
OUT_00722,313.57
OUT_00723,124.55
OUT_00724,156.31
OUT_00725,125.52
OUT_00726,550.29
OUT_00727,311.63
OUT_00728,479.29
OUT_00729,123.93
OUT_00730,311.34
OUT_00731,586.85
OUT_00732,338.88
OUT_00733,292.2
OUT_00734,527.37
OUT_00735,128.29
OUT_00736,516.7
OUT_00737,562.17
OUT_00738,123.16
OUT_00739,156.43
OUT_00740,307.91
OUT_00741,160.65
OUT_00742,907.64
OUT_00744,300.37
OUT_00745,324.02
OUT_00746,487.63
OUT_00747,341.42
OUT_00748,167.07
OUT_00749,302.47
OUT_00750,311.0
OUT_00751,136.16
OUT_00752,123.73
OUT_00753,607.23
OUT_00754,154.28
OUT_00755,563.76
OUT_00756,347.62
OUT_00757,311.51
OUT_00758,129.57
OUT_00759,128.34
OUT_00760,122.05
OUT_00761,359.01
OUT_00762,140.12
OUT_00763,134.46
OUT_00764,391.27
OUT_00765,128.27
OUT_00766,128.56
OUT_00767,360.81
OUT_00768,136.98
OUT_00769,390.13
OUT_00770,142.5
OUT_00771,342.24
OUT_00772,359.32
OUT_00773,488.84
OUT_00774,135.86
OUT_00775,388.22
OUT_00776,123.82
OUT_00777,168.03
OUT_00778,845.6
OUT_00779,294.72
OUT_00780,124.52
OUT_00781,147.53
OUT_00782,149.79
OUT_00783,127.61
OUT_00784,147.65
OUT_00785,361.16
OUT_00786,129.81
OUT_00787,309.09
OUT_00788,312.01
OUT_00789,589.03
OUT_00790,125.08
OUT_00791,924.44
OUT_00792,704.08
OUT_00794,124.91
OUT_00795,551.19
OUT_00796,119.24
OUT_00797,323.33
OUT_00798,312.05
OUT_00799,624.32
OUT_00800,581.06
OUT_00801,129.02
OUT_00802,125.24
OUT_00803,316.33
OUT_00804,128.12
OUT_00805,119.5
OUT_00806,120.78
OUT_00807,165.37
OUT_00808,294.15
OUT_00809,371.86
OUT_00810,163.8
OUT_00811,122.22
OUT_00812,134.61
OUT_00813,129.64
OUT_00814,131.08
OUT_00815,898.53
OUT_00816,130.02
OUT_00817,148.72
OUT_00818,155.99
OUT_00819,123.62
OUT_00820,125.0
OUT_00821,169.92
OUT_00822,295.93
OUT_00823,594.05
OUT_00824,122.62
OUT_00825,309.07
OUT_00826,329.17
OUT_00827,128.98
OUT_00828,300.82
OUT_00829,128.05
OUT_00830,162.82
OUT_00831,135.99
OUT_00832,123.81
OUT_00833,345.49
OUT_00834,403.97
OUT_00835,351.97
OUT_00836,357.44
OUT_00837,592.69
OUT_00838,373.97
OUT_00839,145.34
OUT_00840,924.03
OUT_00841,172.13
OUT_00842,126.58
OUT_00844,120.14
OUT_00845,291.55
OUT_00846,127.7
OUT_00847,305.62
OUT_00848,328.3
OUT_00849,317.94
OUT_00850,136.29
OUT_00851,126.41
OUT_00852,304.48
OUT_00853,891.49
OUT_00854,316.04
OUT_00855,130.56
OUT_00856,847.87
OUT_00857,670.28
OUT_00858,128.73
OUT_00859,129.35
OUT_00860,131.32
OUT_00861,123.26
OUT_00862,125.22
OUT_00863,128.69
OUT_00864,122.34
OUT_00865,374.62
OUT_00866,317.66
OUT_00867,334.56
OUT_00868,166.19
OUT_00869,138.29
OUT_00870,351.38
OUT_00871,573.4
OUT_00872,126.73
OUT_00873,572.96
OUT_00874,327.8
OUT_00875,148.39
OUT_00876,143.76
OUT_00877,622.16
OUT_00878,315.06
OUT_00879,305.72
OUT_00880,126.0
OUT_00881,561.35
OUT_00882,137.68
OUT_00883,151.14
OUT_00884,357.69
OUT_00885,390.06
OUT_00886,869.38
OUT_00887,121.25
OUT_00888,122.54
OUT_00889,399.76
OUT_00890,297.62
OUT_00891,336.08
OUT_00892,132.82
OUT_00893,130.09
OUT_00894,134.96
OUT_00895,299.96
OUT_00896,121.78
OUT_00897,353.9
OUT_00898,131.97
OUT_00899,133.88
OUT_00900,134.01
OUT_00901,137.3
OUT_00902,124.47
OUT_00903,605.91
OUT_00904,125.15
OUT_00905,143.64
OUT_00906,625.8
OUT_00907,140.53
OUT_00908,132.42
OUT_00909,139.44
OUT_00910,128.51
OUT_00911,139.71
OUT_00912,513.78
OUT_00913,327.11
OUT_00914,368.68
OUT_00915,131.43
OUT_00916,310.88
OUT_00917,294.9
OUT_00918,571.21
OUT_00919,128.32
OUT_00920,338.83
OUT_00921,368.1
OUT_00922,128.02
OUT_00923,621.49
OUT_00924,364.62
OUT_00925,137.88
OUT_00926,126.81
OUT_00927,142.96
OUT_00928,146.41
OUT_00929,325.58
OUT_00930,305.41
OUT_00931,123.55
OUT_00932,156.83
OUT_00933,583.06
OUT_00934,563.92
OUT_00935,348.11
OUT_00936,121.03
OUT_00937,540.43
OUT_00938,310.59
OUT_00939,122.66
OUT_00940,142.03
OUT_00941,300.7
OUT_00942,299.8
OUT_00943,580.72
OUT_00944,133.83
OUT_00945,288.97
OUT_00946,124.79
OUT_00947,137.91
OUT_00948,124.82
OUT_00949,125.17
OUT_00950,121.92
OUT_00951,340.13
OUT_00952,575.22
OUT_00953,129.61
OUT_00954,570.48
OUT_00955,333.3
OUT_00956,337.89
OUT_00957,119.76
OUT_00958,129.45
OUT_00959,136.22
OUT_00960,516.85
OUT_00961,126.43
OUT_00962,393.39
OUT_00963,330.6
OUT_00964,122.7
OUT_00965,890.09
OUT_00966,122.5
OUT_00967,150.71
OUT_00968,123.81
OUT_00969,299.23
OUT_00970,128.55
OUT_00971,145.33
OUT_00972,317.86
OUT_00973,606.64
OUT_00974,133.13
OUT_00975,122.18
OUT_00976,319.3
OUT_00977,128.58
OUT_00978,127.47
OUT_00979,127.07
OUT_00980,134.37
OUT_00981,320.02
OUT_00982,131.78
OUT_00983,139.56
OUT_00984,132.84
OUT_00985,339.53
OUT_00986,572.07
OUT_00987,133.6
OUT_00988,310.42
OUT_00989,134.88
OUT_00990,596.2
OUT_00991,177.07
OUT_00992,304.29
OUT_00993,131.1
OUT_00994,564.54
OUT_00995,552.85
OUT_00996,876.98
OUT_00997,338.54
OUT_00998,300.08
OUT_00999,358.12
OUT_01000,129.85
OUT_01001,126.93
OUT_01002,122.37
OUT_01003,142.0
OUT_01004,123.43
OUT_01005,304.51
OUT_01006,941.16
OUT_01007,136.53
OUT_01008,333.28
OUT_01009,135.69
OUT_01010,300.01
OUT_01011,336.07
OUT_01012,334.12
OUT_01013,122.42
OUT_01014,291.41
OUT_01015,309.08
OUT_01016,295.46
OUT_01017,149.4
OUT_01018,582.92
OUT_01019,129.55
OUT_01020,126.24
OUT_01021,124.09
OUT_01022,180.26
OUT_01023,510.77
OUT_01024,128.93
OUT_01025,368.68
OUT_01026,307.9
OUT_01027,124.6
OUT_01028,159.99
OUT_01029,125.93
OUT_01030,131.36
OUT_01031,130.59
OUT_01032,895.28
OUT_01033,156.24
OUT_01034,126.18
OUT_01035,321.85
OUT_01036,513.62
OUT_01037,298.52
OUT_01038,308.27
OUT_01039,355.55
OUT_01040,366.82
OUT_01041,337.14
OUT_01042,131.4
OUT_01043,131.98
OUT_01044,851.08
OUT_01045,155.81
OUT_01046,124.23
OUT_01047,141.34
OUT_01048,131.35
OUT_01049,345.71
OUT_01050,138.53
OUT_01051,370.45
OUT_01052,127.25
OUT_01053,132.41
OUT_01054,326.36
OUT_01055,133.04
OUT_01056,376.96
OUT_01057,122.4
OUT_01058,310.88
OUT_01059,311.26
OUT_01060,317.02
OUT_01061,862.08
OUT_01062,121.99
OUT_01063,126.51
OUT_01064,131.58
OUT_01065,127.91
OUT_01066,127.96
OUT_01067,123.07
OUT_01068,155.65
OUT_01069,306.57
OUT_01070,142.34
OUT_01071,166.27
OUT_01072,333.06
OUT_01073,575.27
OUT_01074,351.39
OUT_01075,395.49
OUT_01076,329.2
OUT_01077,124.04
OUT_01078,150.24
OUT_01079,518.08
OUT_01080,304.14
OUT_01081,147.34
OUT_01082,124.55
OUT_01083,127.92
OUT_01084,122.16
OUT_01085,631.75
OUT_01086,307.74
OUT_01087,152.5
OUT_01088,125.12
OUT_01089,130.87
OUT_01090,535.47
OUT_01091,130.03
OUT_01092,127.01
OUT_01093,292.39
OUT_01094,141.11
OUT_01095,128.37
OUT_01096,150.91
OUT_01097,369.33
OUT_01098,128.42
OUT_01099,529.72
OUT_01100,948.58
OUT_01101,145.62
OUT_01102,338.53
OUT_01103,135.77
OUT_01104,127.54
OUT_01105,567.34
OUT_01106,128.74
OUT_01107,521.66
OUT_01108,838.19
OUT_01109,353.11
OUT_01110,338.61
OUT_01111,340.4
OUT_01112,125.49
OUT_01113,140.89
OUT_01114,129.04
OUT_01115,301.36
OUT_01116,310.17
OUT_01117,210.85
OUT_01118,129.8
OUT_01119,133.12
OUT_01120,130.3
OUT_01121,388.11
OUT_01122,151.6
OUT_01123,301.66
OUT_01124,914.87
OUT_01125,189.66
OUT_01126,129.89
OUT_01127,132.71
OUT_01128,123.51
OUT_01129,142.41
OUT_01130,564.04
OUT_01131,134.44
OUT_01132,124.61
OUT_01133,674.43
OUT_01134,580.26
OUT_01135,629.94
OUT_01136,142.21
OUT_01137,324.88
OUT_01138,305.94
OUT_01140,122.77
OUT_01141,131.41
OUT_01142,327.54
OUT_01143,127.37
OUT_01144,127.85
OUT_01145,298.6
OUT_01146,915.45
OUT_01147,122.47
OUT_01148,309.36
OUT_01149,334.56
OUT_01150,124.45
OUT_01151,128.34
OUT_01152,840.79
OUT_01153,650.89
OUT_01154,126.77
OUT_01155,132.19
OUT_01156,305.48
OUT_01157,358.3
OUT_01158,125.18
OUT_01159,122.22
OUT_01160,120.97
OUT_01161,124.02
OUT_01162,126.57
OUT_01163,127.7
OUT_01164,609.37
OUT_01165,129.82
OUT_01166,318.4
OUT_01167,145.85
OUT_01168,148.83
OUT_01169,153.54
OUT_01171,136.62
OUT_01172,120.86
OUT_01173,294.54
OUT_01174,121.2
OUT_01175,564.41
OUT_01176,307.68
OUT_01177,124.96
OUT_01178,571.19
OUT_01179,285.83
OUT_01180,308.79
OUT_01181,127.05
OUT_01182,334.74
OUT_01183,140.32
OUT_01184,136.39
OUT_01185,125.43
OUT_01186,122.89
OUT_01187,130.37
OUT_01188,120.8
OUT_01189,127.57
OUT_01190,128.32
OUT_01191,341.73
OUT_01192,124.55
OUT_01193,120.93
OUT_01194,127.44
OUT_01195,369.31
OUT_01196,124.96
OUT_01197,615.04
OUT_01198,282.58
OUT_01199,128.03
OUT_01200,126.56
OUT_01201,146.1
OUT_01202,124.64
OUT_01203,547.18
OUT_01204,313.71
OUT_01205,126.84
OUT_01206,122.84
OUT_01207,1030.73
OUT_01208,146.92
OUT_01210,363.13
OUT_01211,301.09
OUT_01212,928.89
OUT_01213,149.9
OUT_01214,634.89
OUT_01215,595.0
OUT_01217,659.07
OUT_01218,328.24
OUT_01219,131.2
OUT_01220,313.15
OUT_01221,877.7
OUT_01222,152.08
OUT_01223,306.99
OUT_01224,315.17
OUT_01225,324.18
OUT_01226,129.07
OUT_01227,135.05
OUT_01228,128.65
OUT_01229,127.2
OUT_01230,296.37
OUT_01231,173.05
OUT_01232,133.03
OUT_01233,355.06
OUT_01234,133.08
OUT_01235,297.97
OUT_01236,679.93
OUT_01237,121.33
OUT_01238,305.21
OUT_01239,617.91
OUT_01240,129.57
OUT_01241,881.51
OUT_01242,144.09
OUT_01243,134.45
OUT_01244,146.28
OUT_01245,138.73
OUT_01246,561.46
OUT_01247,129.2
OUT_01248,133.27
OUT_01249,125.43
OUT_01250,329.03
OUT_01251,154.43
OUT_01252,147.34
OUT_01253,567.05
OUT_01254,136.53
OUT_01255,128.92
OUT_01256,127.44
OUT_01257,134.67
OUT_01258,299.34
OUT_01259,124.75
OUT_01260,131.53
OUT_01261,135.84
OUT_01262,574.08
OUT_01263,549.23
OUT_01264,130.04
OUT_01265,297.74
OUT_01266,382.03
OUT_01267,534.69
OUT_01268,300.18
OUT_01269,130.38
OUT_01270,574.88
OUT_01271,126.37
OUT_01272,398.68
OUT_01273,609.36
OUT_01274,164.3
OUT_01275,150.7
OUT_01276,135.68
OUT_01277,150.14
OUT_01278,128.83
OUT_01279,299.18
OUT_01280,137.74
OUT_01281,324.51
OUT_01282,134.57
OUT_01283,141.42
OUT_01284,309.46
OUT_01285,131.04
OUT_01286,123.48
OUT_01287,537.22
OUT_01288,512.11
OUT_01289,129.46
OUT_01290,356.74
OUT_01291,569.24
OUT_01292,573.69
OUT_01293,370.72
OUT_01294,140.65
OUT_01295,389.19
OUT_01296,157.12
OUT_01297,132.33
OUT_01298,338.39
OUT_01299,868.41
OUT_01300,290.77
OUT_01301,122.82
OUT_01302,122.28
OUT_01303,126.06
OUT_01304,509.66
OUT_01305,128.28
OUT_01306,300.88
OUT_01307,327.6
OUT_01308,125.49
OUT_01309,157.0
OUT_01310,124.62
OUT_01311,124.52
OUT_01312,128.9
OUT_01313,122.67
OUT_01314,316.68
OUT_01315,125.79
OUT_01316,857.78
OUT_01317,121.68
OUT_01318,122.89
OUT_01319,122.84
OUT_01320,120.42
OUT_01321,124.36
OUT_01322,138.91
OUT_01323,406.43
OUT_01324,129.25
OUT_01325,302.92
OUT_01326,127.3
OUT_01327,122.34
OUT_01328,125.63
OUT_01329,145.99
OUT_01330,129.37
OUT_01331,592.6
OUT_01332,390.82
OUT_01333,126.54
OUT_01334,303.85
OUT_01335,128.15
OUT_01336,130.38
OUT_01337,140.22
OUT_01338,542.73
OUT_01339,122.92
OUT_01340,128.46
OUT_01341,145.19
OUT_01342,303.17
OUT_01343,130.31
OUT_01344,141.57
OUT_01345,129.52
OUT_01346,336.83
OUT_01347,294.29
OUT_01348,363.41
OUT_01349,159.92
OUT_01350,301.6
OUT_01351,147.96
OUT_01352,642.49
OUT_01353,137.61
OUT_01355,542.99
OUT_01356,379.96
OUT_01357,139.26
OUT_01358,298.38
OUT_01359,132.92
OUT_01360,342.93
OUT_01361,153.77
OUT_01362,907.91
OUT_01363,124.53
OUT_01364,308.16
OUT_01365,137.27
OUT_01366,329.45
OUT_01367,341.64
OUT_01368,129.08
OUT_01369,586.85
OUT_01370,129.03
OUT_01371,121.76
OUT_01372,297.63
OUT_01373,312.61
OUT_01374,371.99
OUT_01375,542.26
OUT_01376,858.78
OUT_01377,309.83
OUT_01378,124.88
OUT_01379,169.87
OUT_01380,371.23
OUT_01381,123.67
OUT_01382,538.5
OUT_01383,336.88
OUT_01384,151.0
OUT_01385,316.68
OUT_01386,326.25
OUT_01387,126.03
OUT_01388,145.46
OUT_01389,626.54
OUT_01390,174.15
OUT_01391,570.47
OUT_01392,171.4
OUT_01393,123.18
OUT_01394,137.79
OUT_01395,305.66
OUT_01396,615.24
OUT_01397,127.18
OUT_01398,142.62
OUT_01399,126.36
OUT_01400,566.28
OUT_01401,313.25
OUT_01402,148.38
OUT_01403,345.91
OUT_01404,131.62
OUT_01405,131.24
OUT_01406,130.7
OUT_01407,121.28
OUT_01408,347.47
OUT_01409,535.98
OUT_01410,573.8
OUT_01411,535.47
OUT_01412,298.14
OUT_01413,342.83
OUT_01414,126.36
OUT_01415,125.88
OUT_01416,160.8
OUT_01417,322.58
OUT_01418,301.58
OUT_01419,304.53
OUT_01421,129.52
OUT_01422,119.71
OUT_01423,121.46
OUT_01424,144.07
OUT_01425,315.92
OUT_01426,119.75
OUT_01427,120.96
OUT_01429,126.73
OUT_01430,150.33
OUT_01432,128.91
OUT_01433,125.29
OUT_01434,130.43
OUT_01436,347.51
OUT_01437,595.68
OUT_01438,137.31
OUT_01439,323.6
OUT_01440,910.52
OUT_01441,321.39
OUT_01442,311.04
OUT_01444,298.66
OUT_01445,323.6
OUT_01446,122.26
OUT_01447,533.07
OUT_01448,390.9
OUT_01449,305.48
OUT_01450,124.68
OUT_01451,319.64
OUT_01452,125.27
OUT_01453,597.78
OUT_01454,127.7
OUT_01455,131.21
OUT_01456,124.26
OUT_01457,125.89
OUT_01458,320.6
OUT_01459,125.6
OUT_01460,378.68
OUT_01461,630.94
OUT_01462,122.54
OUT_01463,129.35
OUT_01464,128.39
OUT_01465,143.0
OUT_01466,132.92
OUT_01467,161.96
OUT_01468,120.75
OUT_01469,123.44
OUT_01470,307.99
OUT_01471,896.29
OUT_01472,851.26
OUT_01473,634.3
OUT_01474,152.49
OUT_01475,127.8
OUT_01476,309.99
OUT_01477,169.07
OUT_01478,128.12
OUT_01479,143.59
OUT_01480,124.58
OUT_01481,532.83
OUT_01482,122.36
OUT_01483,313.12
OUT_01484,126.96
OUT_01485,613.25
OUT_01486,132.95
OUT_01487,142.63
OUT_01488,143.16
OUT_01489,130.07
OUT_01490,311.93
OUT_01491,143.11
OUT_01492,134.82
OUT_01493,126.04
OUT_01494,138.27
OUT_01495,352.35
OUT_01497,303.65
OUT_01498,301.9
OUT_01499,358.75
OUT_01500,542.42
OUT_01501,150.31
OUT_01502,315.7
OUT_01503,596.45
OUT_01504,296.37
OUT_01505,850.49
OUT_01506,599.24
OUT_01507,642.08
OUT_01508,125.75
OUT_01509,132.03
OUT_01510,307.06
OUT_01511,127.89
OUT_01512,138.64
OUT_01513,131.5
OUT_01514,847.44
OUT_01515,126.21
OUT_01516,147.71
OUT_01517,129.82
OUT_01518,317.21
OUT_01519,131.2
OUT_01520,614.29
OUT_01521,358.52
OUT_01522,125.13
OUT_01523,344.25
OUT_01524,306.26
OUT_01525,126.46
OUT_01526,329.04
OUT_01527,622.75
OUT_01528,917.06
OUT_01529,143.54
OUT_01530,131.63
OUT_01531,128.6
OUT_01532,554.14
OUT_01533,134.73
OUT_01534,126.67
OUT_01535,121.61
OUT_01536,130.82
OUT_01537,126.4
OUT_01538,159.04
OUT_01539,131.15
OUT_01540,622.61
OUT_01541,186.46
OUT_01542,125.69
OUT_01543,154.46
OUT_01544,158.86
OUT_01545,395.21
OUT_01546,372.16
OUT_01547,348.81
OUT_01548,127.16
OUT_01549,339.01
OUT_01550,294.14
OUT_01551,129.64
OUT_01552,388.76
OUT_01553,312.62
OUT_01554,881.6
OUT_01555,131.99
OUT_01556,140.95
OUT_01557,870.1
OUT_01558,122.62
OUT_01559,597.08
OUT_01560,555.86
OUT_01561,122.92
OUT_01562,123.45
OUT_01563,319.25
OUT_01564,155.79
OUT_01565,307.73
OUT_01566,141.31
OUT_01567,908.21
OUT_01568,129.18
OUT_01569,148.72
OUT_01570,526.29
OUT_01571,122.93
OUT_01572,367.86
OUT_01573,132.52
OUT_01574,122.74
OUT_01575,125.47
OUT_01576,126.17
OUT_01577,307.91
OUT_01578,306.93
OUT_01579,131.19
OUT_01580,138.86
OUT_01581,304.03
OUT_01582,571.4
OUT_01583,331.37
OUT_01584,121.18
OUT_01585,125.91
OUT_01586,139.08
OUT_01587,132.87
OUT_01588,310.7
OUT_01589,391.25
OUT_01590,123.9
OUT_01591,142.67
OUT_01592,123.14
OUT_01593,599.63
OUT_01594,358.25
OUT_01595,912.58
OUT_01596,330.47
OUT_01597,127.85
OUT_01598,298.35
OUT_01599,123.49
OUT_01600,145.93
OUT_01601,128.54
OUT_01602,354.54
OUT_01603,134.37
OUT_01604,137.36
OUT_01605,582.49
OUT_01606,124.11
OUT_01607,133.35
OUT_01608,129.43
OUT_01609,305.89
OUT_01610,326.95
OUT_01611,125.84
OUT_01612,121.0
OUT_01613,136.0
OUT_01614,128.16
OUT_01615,124.85
OUT_01616,144.54
OUT_01617,151.48
OUT_01618,137.31
OUT_01619,323.6
OUT_01620,337.21
OUT_01621,599.1
OUT_01622,130.24
OUT_01623,130.44
OUT_01624,872.58
OUT_01625,125.36
OUT_01626,127.32
OUT_01627,143.0
OUT_01628,124.97
OUT_01629,511.73
OUT_01630,129.64
OUT_01631,132.1
OUT_01632,126.64
OUT_01633,127.43
OUT_01634,530.09
OUT_01635,309.6
OUT_01636,302.52
OUT_01637,123.06
OUT_01638,304.97
OUT_01639,612.7
OUT_01640,869.59
OUT_01641,869.96
OUT_01642,122.49
OUT_01643,152.43
OUT_01644,128.02
OUT_01645,184.85
OUT_01646,128.12
OUT_01648,152.25
OUT_01649,123.59
OUT_01650,969.57
OUT_01651,182.79
OUT_01652,127.42
OUT_01653,322.56
OUT_01654,470.96
OUT_01655,124.53
OUT_01656,594.56
OUT_01657,127.24
OUT_01658,160.27
OUT_01659,126.61
OUT_01660,346.15
OUT_01661,350.23
OUT_01662,326.54
OUT_01663,123.27
OUT_01664,120.46
OUT_01665,853.18
OUT_01666,495.83
OUT_01667,315.44
OUT_01668,137.98
OUT_01669,125.73
OUT_01670,129.01
OUT_01671,125.5
OUT_01672,305.55
OUT_01673,132.48
OUT_01674,122.29
OUT_01675,299.55
OUT_01676,347.47
OUT_01677,125.51
OUT_01678,125.2
OUT_01679,483.91
OUT_01680,151.12
OUT_01681,122.08
OUT_01682,122.64
OUT_01683,138.32
OUT_01684,124.25
OUT_01685,124.05
OUT_01686,302.35
OUT_01688,322.86
OUT_01689,144.7
OUT_01690,127.05
OUT_01691,878.43
OUT_01692,344.67
OUT_01693,123.78
OUT_01694,558.74
OUT_01695,296.93
OUT_01696,131.18
OUT_01697,125.43
OUT_01698,126.44
OUT_01699,127.29
OUT_01700,130.64
OUT_01701,334.27
OUT_01702,131.82
OUT_01703,140.54
OUT_01704,323.28
OUT_01705,499.91
OUT_01707,126.01
OUT_01708,347.24
OUT_01709,161.06
OUT_01710,349.04
OUT_01711,122.73
OUT_01712,899.67
OUT_01713,121.21
OUT_01714,120.88
OUT_01715,313.23
OUT_01716,842.53
OUT_01717,153.89
OUT_01718,313.87
OUT_01719,124.11
OUT_01720,131.13
OUT_01721,127.92
OUT_01722,130.58
OUT_01723,291.29
OUT_01724,126.98
OUT_01725,864.92
OUT_01726,128.91
OUT_01727,122.03
OUT_01728,125.84
OUT_01729,133.05
OUT_01730,377.45
OUT_01731,320.48
OUT_01732,309.16
OUT_01733,127.34
OUT_01734,311.79
OUT_01735,592.41
OUT_01736,931.48
OUT_01737,616.5
OUT_01738,313.99
OUT_01739,341.08
OUT_01740,586.13
OUT_01741,328.51
OUT_01742,306.42
OUT_01743,123.8
OUT_01744,128.32
OUT_01745,133.86
OUT_01746,404.52
OUT_01747,140.74
OUT_01748,138.76
OUT_01749,564.22
OUT_01750,126.06
OUT_01751,152.2
OUT_01752,126.83
OUT_01753,141.8
OUT_01754,301.87
OUT_01755,407.72
OUT_01756,290.68
OUT_01757,603.62
OUT_01758,602.77
OUT_01759,136.34
OUT_01760,890.44
OUT_01761,131.03
OUT_01762,131.7
OUT_01763,315.5
OUT_01764,150.05
OUT_01765,142.29
OUT_01766,523.68
OUT_01767,610.43
OUT_01768,357.23
OUT_01769,134.57
OUT_01770,291.35
OUT_01771,139.59
OUT_01772,343.29
OUT_01773,126.14
OUT_01774,399.39
OUT_01775,519.04
OUT_01776,137.13
OUT_01777,167.88
OUT_01778,339.34
OUT_01779,127.58
OUT_01780,399.17
OUT_01781,127.69
OUT_01782,896.14
OUT_01783,147.57
OUT_01784,204.47
OUT_01785,605.74
OUT_01786,122.18
OUT_01787,160.02
OUT_01788,292.19
OUT_01789,129.99
OUT_01790,132.32
OUT_01791,129.44
OUT_01792,168.3
OUT_01793,127.23
OUT_01794,363.36
OUT_01795,339.71
OUT_01796,140.19
OUT_01797,124.0
OUT_01798,305.01
OUT_01799,157.65
OUT_01800,298.56
OUT_01801,578.91
OUT_01802,635.41
OUT_01803,600.75
OUT_01804,300.82
OUT_01805,315.63
OUT_01806,587.44
OUT_01807,151.42
OUT_01808,301.05
OUT_01809,318.79
OUT_01810,175.59
OUT_01811,123.67
OUT_01812,126.16
OUT_01813,388.69
OUT_01814,300.81
OUT_01815,123.14
OUT_01816,152.04
OUT_01817,147.38
OUT_01818,149.56
OUT_01819,149.44
OUT_01820,377.68
OUT_01821,907.87
OUT_01822,138.05
OUT_01823,129.13
OUT_01824,147.21
OUT_01825,646.96
OUT_01826,590.7
OUT_01827,628.06
OUT_01828,384.9
OUT_01829,125.12
OUT_01830,122.99
OUT_01831,128.37
OUT_01832,128.81
OUT_01833,124.61
OUT_01834,540.4
OUT_01835,576.73
OUT_01836,124.97
OUT_01837,122.63
OUT_01838,325.35
OUT_01839,322.16
OUT_01840,127.26
OUT_01841,883.9
OUT_01842,303.3
OUT_01843,124.53
OUT_01844,569.15
OUT_01845,134.65
OUT_01846,131.12
OUT_01847,652.78
OUT_01848,331.92
OUT_01849,129.95
OUT_01850,290.88
OUT_01851,584.06
OUT_01852,539.91
OUT_01853,398.52
OUT_01854,559.27
OUT_01855,127.4
OUT_01856,314.76
OUT_01857,140.59
OUT_01858,137.79
OUT_01859,155.05
OUT_01860,321.42
OUT_01861,310.59
OUT_01862,125.75
OUT_01863,294.71
OUT_01865,129.13
OUT_01866,134.76
OUT_01867,121.56
OUT_01868,318.73
OUT_01869,916.21
OUT_01870,132.72
OUT_01872,300.05
OUT_01873,366.85
OUT_01874,140.76
OUT_01875,323.25
OUT_01876,300.15
OUT_01877,635.9
OUT_01878,667.88
OUT_01879,908.44
OUT_01880,317.75
OUT_01881,132.77
OUT_01882,153.75
OUT_01883,131.46
OUT_01884,124.95
OUT_01885,380.32
OUT_01886,139.02
OUT_01887,625.33
OUT_01888,120.15
OUT_01889,300.7
OUT_01890,120.89
OUT_01891,589.63
OUT_01892,286.71
OUT_01893,133.03
OUT_01894,414.67
OUT_01895,157.35
OUT_01896,128.4
OUT_01897,586.25
OUT_01898,321.31
OUT_01899,546.29
OUT_01900,126.55
OUT_01901,910.52
OUT_01902,129.01
OUT_01903,861.07
OUT_01904,129.34
OUT_01905,124.92
OUT_01906,885.49
OUT_01907,561.75
OUT_01908,613.55
OUT_01909,149.2
OUT_01910,133.26
OUT_01911,337.09
OUT_01912,143.13
OUT_01913,313.89
OUT_01914,158.69
OUT_01915,123.9
OUT_01916,132.99
OUT_01917,314.81
OUT_01918,122.17
OUT_01919,139.98
OUT_01920,126.61
OUT_01921,124.3
OUT_01922,150.39
OUT_01923,131.52
OUT_01924,134.21
OUT_01925,600.48
OUT_01926,647.45
OUT_01927,330.69
OUT_01928,563.95
OUT_01929,364.3
OUT_01930,146.54
OUT_01931,126.61
OUT_01932,344.01
OUT_01933,126.51
OUT_01934,119.93
OUT_01936,128.38
OUT_01937,900.28
OUT_01938,325.7
OUT_01939,327.53
OUT_01940,126.32
OUT_01941,323.56
OUT_01942,133.59
OUT_01943,129.33
OUT_01944,887.67
OUT_01945,123.72
OUT_01946,400.29
OUT_01947,121.75
OUT_01948,360.5
OUT_01949,136.2
OUT_01951,551.1
OUT_01952,121.42
OUT_01953,601.22
OUT_01954,330.29
OUT_01955,588.93
OUT_01956,123.27
OUT_01957,122.32
OUT_01958,323.82
OUT_01959,143.76
OUT_01960,123.46
OUT_01961,528.76
OUT_01962,131.42
OUT_01963,612.26
OUT_01964,132.88
OUT_01965,352.72
OUT_01966,120.94
OUT_01967,539.9
OUT_01968,293.34
OUT_01969,133.05
OUT_01970,841.86
OUT_01971,308.74
OUT_01972,121.01
OUT_01973,156.68
OUT_01974,124.44
OUT_01975,327.67
OUT_01976,303.01
OUT_01977,130.2
OUT_01978,127.77
OUT_01979,393.68
OUT_01980,327.22
OUT_01981,301.23
OUT_01982,578.44
OUT_01983,334.96
OUT_01984,548.13
OUT_01985,614.11
OUT_01986,129.77
OUT_01987,121.26
OUT_01988,286.08
OUT_01989,305.06
OUT_01990,131.37
OUT_01991,608.68
OUT_01992,299.95
OUT_01993,123.37
OUT_01994,297.45
OUT_01995,127.15
OUT_01996,580.04
OUT_01997,544.05
OUT_01998,143.62
OUT_01999,667.36
OUT_02000,320.4
OUT_02001,131.42
OUT_02002,175.64
OUT_02003,136.84
OUT_02004,137.87
OUT_02005,303.54
OUT_02006,416.47
OUT_02007,293.94
OUT_02008,294.91
OUT_02009,335.05
OUT_02010,122.32
OUT_02011,143.56
OUT_02012,361.49
OUT_02013,121.66
OUT_02014,517.2
OUT_02015,121.07
OUT_02016,582.7
OUT_02017,612.74
OUT_02018,340.9
OUT_02019,123.33
OUT_02020,124.44
OUT_02021,126.99
OUT_02022,924.44
OUT_02023,147.83
OUT_02024,301.37
OUT_02025,927.9
OUT_02026,420.4
OUT_02027,347.8
OUT_02028,335.92
OUT_02029,286.4
OUT_02030,329.57
OUT_02031,123.23
OUT_02032,386.67
OUT_02033,155.33
OUT_02034,1078.51
OUT_02035,127.99
OUT_02036,131.77
OUT_02037,127.63
OUT_02038,138.18
OUT_02039,127.96
OUT_02040,284.43
OUT_02041,124.95
OUT_02042,137.49
OUT_02044,518.7
OUT_02045,293.74
OUT_02046,148.11
OUT_02048,151.06
OUT_02050,126.34
OUT_02051,392.35
OUT_02053,149.37
OUT_02054,575.23
OUT_02055,346.43
OUT_02056,917.51
OUT_02057,328.03
OUT_02058,558.47
OUT_02059,329.58
OUT_02060,133.88
OUT_02061,132.84
OUT_02062,128.35
OUT_02063,128.62
OUT_02064,138.04
OUT_02065,119.53
OUT_02066,558.66
OUT_02067,120.01
OUT_02068,606.79
OUT_02069,125.15
OUT_02070,128.22
OUT_02071,152.3
OUT_02073,889.63
OUT_02074,123.78
OUT_02075,123.62
OUT_02076,127.26
OUT_02077,144.84
OUT_02078,863.79
OUT_02079,332.86
OUT_02080,125.49
OUT_02081,130.37
OUT_02082,185.21
OUT_02083,1019.26
OUT_02084,382.03
OUT_02085,539.21
OUT_02086,303.56
OUT_02087,313.51
OUT_02088,543.82
OUT_02089,142.09
OUT_02090,128.39
OUT_02091,130.82
OUT_02092,348.94
OUT_02093,125.37
OUT_02094,541.27
OUT_02095,296.14
OUT_02096,804.36
OUT_02097,646.11
OUT_02098,379.36
OUT_02099,390.03
OUT_02100,127.92
OUT_02101,200.1
OUT_02102,147.89
OUT_02103,348.24
OUT_02104,437.75
OUT_02105,119.69
OUT_02106,137.5
OUT_02107,126.43
OUT_02108,121.69
OUT_02109,168.72
OUT_02110,131.14
OUT_02111,170.03
OUT_02112,125.07
OUT_02113,349.76
OUT_02114,339.73
OUT_02115,143.28
OUT_02116,130.28
OUT_02117,126.41
OUT_02118,303.61
OUT_02119,290.65
OUT_02120,129.43
OUT_02121,548.23
OUT_02122,126.18
OUT_02123,307.33
OUT_02124,400.71
OUT_02125,130.23
OUT_02126,129.17
OUT_02127,125.82
OUT_02128,482.21
OUT_02129,156.06
OUT_02130,127.36
OUT_02131,525.95
OUT_02132,317.54
OUT_02133,589.95
OUT_02134,333.14
OUT_02135,409.53
OUT_02136,530.25
OUT_02137,314.83
OUT_02138,633.55
OUT_02139,650.43
OUT_02140,148.05
OUT_02141,306.05
OUT_02142,160.44
OUT_02143,305.52
OUT_02144,134.88
OUT_02145,127.69
OUT_02146,516.1
OUT_02147,357.8
OUT_02148,377.59
OUT_02149,126.31
OUT_02150,127.39
OUT_02151,290.54
OUT_02152,913.63
OUT_02153,128.26
OUT_02154,132.49
OUT_02155,307.58
OUT_02156,122.27
OUT_02157,338.4
OUT_02158,125.97
OUT_02159,132.89
OUT_02160,136.27
OUT_02161,136.06
OUT_02162,302.73
OUT_02163,159.07
OUT_02164,331.59
OUT_02165,141.37
OUT_02166,128.78
OUT_02167,124.91
OUT_02168,125.96
OUT_02169,127.65
OUT_02170,162.6
OUT_02171,120.76
OUT_02172,313.98
OUT_02173,128.23
OUT_02174,125.47
OUT_02175,120.39
OUT_02176,918.64
OUT_02177,357.31
OUT_02178,139.91
OUT_02179,347.14
OUT_02180,901.04
OUT_02181,616.05
OUT_02182,137.15
OUT_02183,304.22
OUT_02184,304.49
OUT_02185,302.99
OUT_02186,134.21
OUT_02187,382.72
OUT_02188,131.35
OUT_02189,130.23
OUT_02190,877.1
OUT_02191,349.95
OUT_02192,322.02
OUT_02193,401.69
OUT_02194,137.74
OUT_02195,123.44
OUT_02196,293.97
OUT_02197,120.32
OUT_02198,122.54
OUT_02199,125.06
OUT_02200,362.66
OUT_02201,583.2
OUT_02203,626.36
OUT_02204,313.04
OUT_02205,601.23
OUT_02206,133.04
OUT_02207,596.73
OUT_02208,125.88
OUT_02209,136.31
OUT_02210,136.38
OUT_02211,136.74
OUT_02212,423.89
OUT_02213,123.62
OUT_02214,179.99
OUT_02215,316.56
OUT_02216,326.27
OUT_02217,533.6
OUT_02218,376.73
OUT_02219,317.62
OUT_02220,133.12
OUT_02221,183.93
OUT_02222,128.43
OUT_02223,323.59
OUT_02224,317.49
OUT_02225,139.34
OUT_02226,353.3
OUT_02227,128.56
OUT_02228,290.41
OUT_02229,327.8
OUT_02230,313.07
OUT_02231,143.9
OUT_02232,135.77
OUT_02233,138.7
OUT_02234,341.74
OUT_02235,127.77
OUT_02236,982.85
OUT_02237,122.62
OUT_02238,583.48
OUT_02239,130.55
OUT_02240,135.47
OUT_02241,128.61
OUT_02242,539.43
OUT_02243,681.25
OUT_02244,299.52
OUT_02245,123.47
OUT_02246,604.54
OUT_02247,128.0
OUT_02248,358.44
OUT_02249,319.22
OUT_02250,124.31
OUT_02251,128.28
OUT_02252,142.41
OUT_02253,305.58
OUT_02254,307.53
OUT_02255,307.98
OUT_02256,140.23
OUT_02257,383.41
OUT_02258,125.42
OUT_02259,125.43
OUT_02260,151.42
OUT_02261,132.14
OUT_02262,146.6
OUT_02263,321.6
OUT_02265,185.06
OUT_02266,126.63
OUT_02267,645.25
OUT_02268,124.06
OUT_02269,301.43
OUT_02270,127.3
OUT_02271,163.66
OUT_02272,331.94
OUT_02273,312.72
OUT_02274,126.8
OUT_02275,343.23
OUT_02276,141.39
OUT_02278,129.6
OUT_02279,510.3
OUT_02280,350.73
OUT_02281,131.07
OUT_02282,122.99
OUT_02283,128.18
OUT_02284,369.51
OUT_02285,129.77
OUT_02286,474.17
OUT_02287,304.9
OUT_02288,368.31
OUT_02289,130.45
OUT_02290,128.43
OUT_02291,149.37
OUT_02292,146.53
OUT_02293,128.81
OUT_02294,156.93
OUT_02295,319.91
OUT_02296,291.24
OUT_02297,129.47
OUT_02298,604.6
OUT_02299,126.23
OUT_02300,119.87
OUT_02301,506.31
OUT_02302,124.03
OUT_02303,614.9
OUT_02304,325.33
OUT_02305,345.38
OUT_02306,188.02
OUT_02307,142.81
OUT_02308,576.6
OUT_02309,127.08
OUT_02310,518.73
OUT_02311,324.63
OUT_02312,341.99
OUT_02314,361.51
OUT_02315,128.39
OUT_02316,120.26
OUT_02317,121.22
OUT_02318,325.55
OUT_02319,129.36
OUT_02320,331.04
OUT_02321,182.58
OUT_02322,846.53
OUT_02323,139.73
OUT_02324,301.87
OUT_02325,149.75
OUT_02326,127.37
OUT_02327,127.41
OUT_02328,138.14
OUT_02329,126.78
OUT_02330,179.07
OUT_02331,162.29
OUT_02332,316.48
OUT_02334,564.71
OUT_02335,134.76
OUT_02336,127.27
OUT_02338,123.09
OUT_02339,211.28
OUT_02340,134.68
OUT_02341,385.81
OUT_02342,149.57
OUT_02343,367.3
OUT_02344,562.77
OUT_02345,133.25
OUT_02346,550.17
OUT_02347,355.86
OUT_02348,123.48
OUT_02349,331.67
OUT_02350,318.37
OUT_02351,1054.51
OUT_02352,333.81
OUT_02353,365.82
OUT_02354,323.25
OUT_02355,302.11
OUT_02356,127.31
OUT_02357,124.72
OUT_02358,613.53
OUT_02359,144.86
OUT_02360,132.18
OUT_02361,307.15
OUT_02362,130.27
OUT_02363,152.79
OUT_02364,382.74
OUT_02365,337.84
OUT_02366,149.62
OUT_02367,148.12
OUT_02368,125.72
OUT_02369,609.39
OUT_02370,152.74
OUT_02371,901.84
OUT_02372,136.55
OUT_02373,955.82
OUT_02374,328.38
OUT_02375,291.96
OUT_02376,139.05
OUT_02377,122.19
OUT_02378,126.36
OUT_02379,357.62
OUT_02380,131.71
OUT_02381,123.76
OUT_02382,142.19
OUT_02383,862.37
OUT_02385,548.53
OUT_02386,492.4
OUT_02387,630.35
OUT_02388,163.01
OUT_02390,367.56
OUT_02391,294.47
OUT_02392,199.86
OUT_02393,126.02
OUT_02394,304.47
OUT_02395,136.03
OUT_02396,332.32
OUT_02397,126.08
OUT_02398,124.65
OUT_02399,484.81
OUT_02400,138.27
OUT_02402,128.18
OUT_02403,124.82
OUT_02404,634.45
OUT_02405,640.01
OUT_02406,123.52
OUT_02407,298.25
OUT_02408,329.05
OUT_02409,319.21
OUT_02410,161.99
OUT_02411,142.2
OUT_02412,124.78
OUT_02413,135.2
OUT_02414,121.15
OUT_02415,603.04
OUT_02416,548.73
OUT_02417,151.9
OUT_02418,482.5
OUT_02419,296.08
OUT_02420,130.36
OUT_02421,149.11
OUT_02422,1010.6
OUT_02423,300.7
OUT_02424,124.0
OUT_02425,296.86
OUT_02427,416.49
OUT_02428,332.33
OUT_02429,132.21
OUT_02430,318.23
OUT_02431,887.4
OUT_02432,134.84
OUT_02433,127.78
OUT_02435,135.96
OUT_02436,606.96
OUT_02437,914.98
OUT_02438,121.14
OUT_02439,332.25
OUT_02440,142.18
OUT_02441,127.21
OUT_02442,315.12
OUT_02443,128.99
OUT_02444,544.06
OUT_02445,372.13
OUT_02446,367.46
OUT_02447,127.17
OUT_02448,137.79
OUT_02449,121.45
OUT_02450,126.17
OUT_02451,295.74
OUT_02452,608.07
OUT_02453,126.78
OUT_02454,334.99
OUT_02455,138.53
OUT_02456,130.18
OUT_02457,306.77
OUT_02458,588.64
OUT_02459,930.49
OUT_02460,334.99
OUT_02461,179.14
OUT_02462,131.13
OUT_02463,128.53
OUT_02464,133.51
OUT_02465,129.16
OUT_02467,125.91
OUT_02468,127.45
OUT_02469,305.87
OUT_02470,374.75
OUT_02471,875.76
OUT_02472,293.57
OUT_02474,146.75
OUT_02475,877.71
OUT_02476,126.23
OUT_02477,154.19
OUT_02478,124.2
OUT_02479,592.49
OUT_02480,139.27
OUT_02481,164.52
OUT_02482,566.12
OUT_02483,167.55
OUT_02484,399.34
OUT_02485,126.78
OUT_02486,292.91
OUT_02487,138.28
OUT_02488,132.7
OUT_02489,124.16
OUT_02490,294.49
OUT_02491,129.3
OUT_02492,287.83
OUT_02493,131.42
OUT_02494,307.96
OUT_02495,122.05
OUT_02496,313.84
OUT_02497,125.4
OUT_02498,596.93
OUT_02499,122.44
OUT_02500,295.73
OUT_02501,552.17
OUT_02502,310.89
OUT_02503,125.07
OUT_02504,130.45
OUT_02506,125.71
OUT_02507,123.29
OUT_02508,144.92
OUT_02509,379.59
OUT_02510,302.8
OUT_02511,310.33
OUT_02512,305.75
OUT_02513,123.36
OUT_02514,693.97
OUT_02515,634.5
OUT_02516,507.08
OUT_02517,309.0
OUT_02518,134.44
OUT_02519,125.05
OUT_02520,320.13
OUT_02521,123.18
OUT_02522,379.1
OUT_02523,402.03
OUT_02524,629.42
OUT_02525,608.79
OUT_02526,153.85
OUT_02527,322.1
OUT_02528,298.32
OUT_02529,137.12
OUT_02530,301.17
OUT_02531,306.3
OUT_02532,124.49
OUT_02533,152.13
OUT_02534,296.97
OUT_02535,133.26
OUT_02536,151.58
OUT_02538,516.03
OUT_02539,124.41
OUT_02540,120.17
OUT_02541,671.12
OUT_02542,122.78
OUT_02543,355.07
OUT_02544,310.77
OUT_02545,326.83
OUT_02546,140.85
OUT_02547,133.36
OUT_02548,321.86
OUT_02549,308.96
OUT_02550,143.95
OUT_02551,133.12
OUT_02552,511.48
OUT_02553,127.5
OUT_02554,125.13
OUT_02555,340.6
OUT_02556,128.96
OUT_02557,133.04
OUT_02558,139.64
OUT_02559,128.2
OUT_02560,128.87
OUT_02561,139.78
OUT_02562,142.92
OUT_02563,296.95
OUT_02564,124.65
OUT_02565,321.37
OUT_02566,365.03
OUT_02567,127.0
OUT_02568,357.77
OUT_02569,139.82
OUT_02570,306.67
OUT_02571,299.53
OUT_02572,121.63
OUT_02573,152.58
OUT_02574,303.94
OUT_02575,141.26
OUT_02576,871.35
OUT_02577,153.11
OUT_02578,668.05
OUT_02579,304.95
OUT_02580,123.04
OUT_02581,343.65
OUT_02582,865.18
OUT_02583,139.37
OUT_02584,134.29
OUT_02585,132.48
OUT_02586,908.32
OUT_02587,146.17
OUT_02588,129.74
OUT_02589,132.28
OUT_02590,289.6
OUT_02591,545.67
OUT_02592,323.6
OUT_02593,593.51
OUT_02594,133.79
OUT_02595,135.9
OUT_02596,623.76
OUT_02597,586.18
OUT_02598,578.17
OUT_02599,866.68
OUT_02600,385.96
OUT_02601,323.93
OUT_02602,128.75
OUT_02603,639.03
OUT_02604,142.66
OUT_02605,327.36
OUT_02606,493.07
OUT_02607,143.76
OUT_02608,316.82
OUT_02609,132.57
OUT_02610,373.69
OUT_02611,309.07
OUT_02612,321.43
OUT_02613,353.19
OUT_02614,129.57
OUT_02615,581.82
OUT_02616,589.75
OUT_02617,886.97
OUT_02618,129.74
OUT_02619,333.29
OUT_02620,137.83
OUT_02621,301.77
OUT_02622,125.7
OUT_02623,142.15
OUT_02624,122.67
OUT_02625,381.71
OUT_02626,522.72
OUT_02627,135.39
OUT_02628,309.37
OUT_02629,120.06
OUT_02630,125.33
OUT_02631,139.98
OUT_02632,327.5
OUT_02633,127.03
OUT_02634,119.77
OUT_02635,127.91
OUT_02636,1085.3
OUT_02637,126.29
OUT_02638,299.43
OUT_02639,124.72
OUT_02640,358.52
OUT_02641,590.02
OUT_02642,123.08
OUT_02643,642.68
OUT_02644,303.0
OUT_02645,128.62
OUT_02646,132.5
OUT_02647,629.69
OUT_02648,150.51
OUT_02649,124.61
OUT_02650,298.5
OUT_02651,304.31
OUT_02652,150.64
OUT_02653,121.82
OUT_02654,566.33
OUT_02655,149.9
OUT_02656,134.3
OUT_02657,128.7
OUT_02658,124.46
OUT_02659,122.22
OUT_02660,124.74
OUT_02661,310.31
OUT_02662,135.04
OUT_02663,357.52
OUT_02664,572.44
OUT_02665,645.23
OUT_02666,300.04
OUT_02667,181.07
OUT_02668,559.78
OUT_02669,130.22
OUT_02670,148.43
OUT_02671,156.85
OUT_02672,125.69
OUT_02673,124.77
OUT_02674,149.2
OUT_02675,128.1
OUT_02676,326.06
OUT_02677,126.23
OUT_02678,125.75
OUT_02679,121.28
OUT_02680,120.66
OUT_02681,137.89
OUT_02682,130.94
OUT_02683,119.92
OUT_02684,595.11
OUT_02685,127.38
OUT_02686,390.03
OUT_02687,124.26
OUT_02688,328.52
OUT_02689,124.53
OUT_02690,306.8
OUT_02691,582.12
OUT_02692,287.97
OUT_02693,124.75
OUT_02694,122.38
OUT_02695,127.5
OUT_02696,290.98
OUT_02697,347.17
OUT_02698,289.12
OUT_02699,383.35
OUT_02700,123.79
OUT_02701,604.73
OUT_02702,151.57
OUT_02703,361.6
OUT_02704,175.3
OUT_02705,129.53
OUT_02706,129.08
OUT_02707,144.88
OUT_02708,138.57
OUT_02709,125.14
OUT_02710,378.09
OUT_02711,127.11
OUT_02712,130.93
OUT_02713,146.15
OUT_02714,321.67
OUT_02715,137.25
OUT_02716,129.32
OUT_02717,607.97
OUT_02718,122.13
OUT_02719,130.53
OUT_02720,125.9
OUT_02721,938.12
OUT_02722,294.03
OUT_02723,130.26
OUT_02724,139.06
OUT_02725,153.81
OUT_02726,127.23
OUT_02727,126.44
OUT_02728,621.47
OUT_02729,125.56
OUT_02730,126.82
OUT_02731,287.23
OUT_02732,127.72
OUT_02733,126.79
OUT_02734,600.9
OUT_02735,134.75
OUT_02736,329.17
OUT_02737,304.24
OUT_02739,308.5
OUT_02740,352.1
OUT_02741,138.96
OUT_02742,133.2
OUT_02743,135.19
OUT_02744,347.87
OUT_02745,142.22
OUT_02746,373.35
OUT_02747,128.31
OUT_02748,127.77
OUT_02749,125.29
OUT_02750,124.96
OUT_02751,555.58
OUT_02752,126.31
OUT_02753,351.81
OUT_02754,128.45
OUT_02755,883.06
OUT_02756,138.22
OUT_02757,164.31
OUT_02758,1047.0
OUT_02759,171.84
OUT_02760,612.61
OUT_02761,147.23
OUT_02762,121.62
OUT_02763,127.8
OUT_02764,127.0
OUT_02765,604.51
OUT_02766,317.6
OUT_02767,299.56
OUT_02768,156.23
OUT_02769,132.84
OUT_02770,299.1
OUT_02771,137.53
OUT_02772,144.98
OUT_02773,302.32
OUT_02774,338.51
OUT_02775,373.86
OUT_02776,607.63
OUT_02777,162.25
OUT_02778,123.51
OUT_02779,122.28
OUT_02780,320.76
OUT_02781,311.9
OUT_02782,634.0
OUT_02783,872.68
OUT_02784,317.84
OUT_02785,123.41
OUT_02786,128.39
OUT_02787,122.49
OUT_02788,298.99
OUT_02789,131.62
OUT_02790,127.88
OUT_02791,355.86
OUT_02792,596.35
OUT_02793,294.57
OUT_02796,142.37
OUT_02797,393.15
OUT_02798,342.99
OUT_02799,121.04
OUT_02800,428.56
OUT_02801,128.51
OUT_02802,133.19
OUT_02803,129.45
OUT_02804,165.08
OUT_02805,153.36
OUT_02806,292.42
OUT_02807,303.21
OUT_02808,295.12
OUT_02809,124.74
OUT_02810,411.15
OUT_02811,160.67
OUT_02812,127.11
OUT_02813,151.25
OUT_02814,122.72
OUT_02815,156.87
OUT_02816,125.89
OUT_02817,300.01
OUT_02818,354.3
OUT_02819,379.6
OUT_02820,642.94
OUT_02821,302.24
OUT_02822,145.42
OUT_02823,139.2
OUT_02824,341.38
OUT_02825,146.46
OUT_02826,128.21
OUT_02827,383.7
OUT_02828,131.91
OUT_02829,594.39
OUT_02830,299.59
OUT_02831,126.11
OUT_02832,613.48
OUT_02833,337.11
OUT_02834,333.83
OUT_02835,126.1
OUT_02836,939.75
OUT_02837,133.08
OUT_02838,322.64
OUT_02839,152.18
OUT_02840,590.44
OUT_02841,845.72
OUT_02842,370.46
OUT_02843,136.11
OUT_02844,126.98
OUT_02845,127.57
OUT_02846,306.04
OUT_02847,169.08
OUT_02848,125.55
OUT_02849,357.66
OUT_02851,122.26
OUT_02852,293.55
OUT_02853,329.84
OUT_02854,848.29
OUT_02855,130.53
OUT_02856,125.38
OUT_02857,347.0
OUT_02858,550.8
OUT_02859,124.79
OUT_02860,866.51
OUT_02861,127.43
OUT_02863,356.56
OUT_02864,334.25
OUT_02865,945.83
OUT_02866,145.71
OUT_02867,138.53
OUT_02868,126.48
OUT_02869,125.0
OUT_02870,125.73
OUT_02871,138.75
OUT_02872,153.47
OUT_02873,324.19
OUT_02874,307.98
OUT_02875,301.37
OUT_02876,309.24
OUT_02877,138.88
OUT_02878,306.95
OUT_02879,121.61
OUT_02880,123.04
OUT_02881,129.05
OUT_02882,129.65
OUT_02883,1013.34
OUT_02885,122.04
OUT_02886,129.43
OUT_02887,342.66
OUT_02888,139.59
OUT_02889,138.81
OUT_02890,610.89
OUT_02891,125.21
OUT_02892,849.7
OUT_02893,133.46
OUT_02894,131.9
OUT_02895,534.17
OUT_02896,612.75
OUT_02897,331.82
OUT_02898,123.23
OUT_02899,122.39
OUT_02900,312.62
OUT_02901,357.57
OUT_02902,329.96
OUT_02903,135.4
OUT_02904,127.93
OUT_02905,132.3
OUT_02906,600.17
OUT_02908,120.39
OUT_02909,313.06
OUT_02910,302.66
OUT_02911,880.34
OUT_02912,129.75
OUT_02913,297.46
OUT_02914,123.42
OUT_02915,120.65
OUT_02916,127.75
OUT_02917,132.41
OUT_02918,121.82
OUT_02919,556.65
OUT_02920,306.38
OUT_02921,122.6
OUT_02922,570.37
OUT_02923,323.76
OUT_02924,388.9
OUT_02925,325.67
OUT_02926,130.63
OUT_02927,129.6
OUT_02928,173.14
OUT_02929,148.26
OUT_02930,615.98
OUT_02931,124.52
OUT_02932,339.45
OUT_02933,124.16
OUT_02934,123.78
OUT_02935,123.09
OUT_02936,885.26
OUT_02937,137.0
OUT_02938,135.16
OUT_02939,314.18
OUT_02940,127.89
OUT_02941,866.43
OUT_02942,128.29
OUT_02943,146.28
OUT_02944,139.0
OUT_02945,135.72
OUT_02947,132.78
OUT_02948,124.94
OUT_02949,295.79
OUT_02950,988.28
OUT_02951,128.98
OUT_02952,319.39
OUT_02953,293.32
OUT_02954,335.81
OUT_02955,148.09
OUT_02956,644.82
OUT_02957,143.6
OUT_02958,338.68
OUT_02959,338.46
OUT_02960,294.6
OUT_02961,136.48
OUT_02962,894.84
OUT_02963,294.04
OUT_02964,890.12
OUT_02965,129.66
OUT_02966,498.94
OUT_02967,122.75
OUT_02968,131.68
OUT_02969,680.41
OUT_02970,586.73
OUT_02971,342.16
OUT_02972,325.43
OUT_02973,310.71
OUT_02974,551.35
OUT_02975,132.44
OUT_02976,125.63
OUT_02977,384.6
OUT_02978,376.79
OUT_02979,124.53
OUT_02980,124.39
OUT_02981,134.26
OUT_02982,128.06
OUT_02983,330.43
OUT_02984,133.5
OUT_02985,314.0
OUT_02986,308.84
OUT_02987,125.38
OUT_02988,124.73
OUT_02989,317.31
OUT_02990,302.19
OUT_02991,138.96
OUT_02992,127.45
OUT_02993,311.78
OUT_02994,477.43
OUT_02995,128.7
OUT_02996,543.93
OUT_02997,618.89
OUT_02998,135.75
OUT_02999,139.19
OUT_03000,307.75
OUT_03001,308.83
OUT_03002,303.32
OUT_03003,141.84
OUT_03004,579.59
OUT_03005,128.13
OUT_03006,319.97
OUT_03007,129.16
OUT_03008,134.58
OUT_03009,321.25
OUT_03010,120.74
OUT_03011,120.09
OUT_03012,125.53
OUT_03013,300.51
OUT_03014,314.78
OUT_03015,303.46
OUT_03016,130.88
OUT_03017,317.14
OUT_03019,307.54
OUT_03020,889.45
OUT_03021,484.6
OUT_03022,146.08
OUT_03023,127.62
OUT_03024,289.29
OUT_03025,127.1
OUT_03026,121.33
OUT_03027,127.76
OUT_03028,303.29
OUT_03029,151.64
OUT_03030,124.25
OUT_03031,311.34
OUT_03032,136.42
OUT_03033,137.49
OUT_03034,129.3
OUT_03036,578.37
OUT_03037,850.66
OUT_03038,573.32
OUT_03039,361.85
OUT_03040,492.47
OUT_03041,325.27
OUT_03042,124.88
OUT_03043,334.09
OUT_03044,137.59
OUT_03045,167.64
OUT_03046,124.77
OUT_03047,120.2
OUT_03048,328.34
OUT_03049,126.17
OUT_03050,125.35
OUT_03051,132.3
OUT_03052,632.17
OUT_03053,369.88
OUT_03054,124.06
OUT_03055,332.63
OUT_03056,508.06
OUT_03057,135.92
OUT_03059,317.93
OUT_03060,126.99
OUT_03061,635.91
OUT_03062,128.86
OUT_03064,827.66
OUT_03065,857.43
OUT_03066,158.26
OUT_03067,138.37
OUT_03068,136.5
OUT_03069,297.56
OUT_03070,586.56
OUT_03071,145.51
OUT_03072,304.78
OUT_03073,132.11
OUT_03074,372.18
OUT_03075,1008.87
OUT_03076,417.31
OUT_03077,906.62
OUT_03078,845.4
OUT_03079,122.66
OUT_03080,141.87
OUT_03081,303.89
OUT_03082,123.51
OUT_03083,123.57
OUT_03084,596.94
OUT_03085,165.31
OUT_03086,157.38
OUT_03087,173.17
OUT_03088,544.29
OUT_03089,351.51
OUT_03090,295.43
OUT_03091,130.94
OUT_03092,153.31
OUT_03093,611.67
OUT_03094,132.93
OUT_03095,140.25
OUT_03096,158.14
OUT_03097,590.69
OUT_03098,130.49
OUT_03100,133.68
OUT_03101,142.48
OUT_03102,339.06
OUT_03103,306.55
OUT_03104,153.01
OUT_03105,134.17
OUT_03106,126.7
OUT_03107,131.22
OUT_03108,141.72
OUT_03109,123.45
OUT_03110,127.35
OUT_03111,121.82
OUT_03112,304.95
OUT_03113,299.0
OUT_03114,168.03
OUT_03115,175.71
OUT_03116,312.3
OUT_03117,119.56
OUT_03118,126.47
OUT_03119,143.78
OUT_03120,137.14
OUT_03121,127.33
OUT_03122,147.92
OUT_03123,126.57
OUT_03124,124.88
OUT_03125,346.24
OUT_03126,123.34
OUT_03127,134.24
OUT_03129,627.68
OUT_03130,181.44
OUT_03131,930.89
OUT_03132,122.18
OUT_03133,138.89
OUT_03134,613.29
OUT_03135,125.83
OUT_03136,292.96
OUT_03137,126.69
OUT_03138,128.8
OUT_03139,300.06
OUT_03140,124.16
OUT_03141,157.06
OUT_03142,300.97
OUT_03143,125.96
OUT_03144,134.29
OUT_03145,124.63
OUT_03146,379.48
OUT_03147,357.94
OUT_03148,983.53
OUT_03149,124.98
OUT_03150,309.73
OUT_03151,141.82
OUT_03152,121.5
OUT_03153,333.05
OUT_03154,571.54
OUT_03155,382.81
OUT_03156,303.06
OUT_03157,574.63
OUT_03158,125.63
OUT_03159,129.98
OUT_03160,364.41
OUT_03161,313.14
OUT_03162,140.59
OUT_03163,130.35
OUT_03164,567.65
OUT_03165,337.18
OUT_03166,127.3
OUT_03167,864.76
OUT_03168,124.64
OUT_03169,141.99
OUT_03170,407.83
OUT_03171,303.11
OUT_03172,132.22
OUT_03173,131.4
OUT_03174,172.62
OUT_03175,323.1
OUT_03176,132.44
OUT_03177,120.88
OUT_03178,124.24
OUT_03179,291.74
OUT_03180,127.73
OUT_03181,142.09
OUT_03182,145.34
OUT_03183,618.48
OUT_03184,381.65
OUT_03185,134.64
OUT_03186,368.57
OUT_03187,122.1
OUT_03188,129.97
OUT_03189,303.28
OUT_03190,169.26
OUT_03191,603.35
OUT_03193,130.41
OUT_03194,390.98
OUT_03195,137.11
OUT_03196,328.76
OUT_03197,124.1
OUT_03198,126.31
OUT_03199,320.98
OUT_03200,310.65
OUT_03201,356.9
OUT_03202,124.04
OUT_03203,141.77
OUT_03204,365.69
OUT_03205,121.33
OUT_03206,436.06
OUT_03207,129.08
OUT_03208,880.81
OUT_03209,136.15
OUT_03210,131.87
OUT_03211,300.55
OUT_03212,138.77
OUT_03213,331.19
OUT_03214,326.53
OUT_03215,345.0
OUT_03216,141.74
OUT_03217,349.69
OUT_03218,304.79
OUT_03219,146.05
OUT_03220,297.91
OUT_03221,364.68
OUT_03222,294.98
OUT_03223,125.49
OUT_03224,381.14
OUT_03225,141.49
OUT_03226,133.74
OUT_03227,298.94
OUT_03228,832.53
OUT_03229,865.37
OUT_03230,178.62
OUT_03231,375.85
OUT_03232,144.13
OUT_03233,525.36
OUT_03234,316.38
OUT_03235,146.68
OUT_03236,145.26
OUT_03237,147.0
OUT_03238,142.78
OUT_03239,150.5
OUT_03240,305.1
OUT_03241,136.07
OUT_03242,508.87
OUT_03243,130.65
OUT_03244,125.99
OUT_03245,308.73
OUT_03246,131.51
OUT_03247,124.03
OUT_03248,302.98
OUT_03249,122.97
OUT_03250,122.93
OUT_03251,619.01
OUT_03252,646.05
OUT_03253,124.59
OUT_03254,138.11
OUT_03255,309.4
OUT_03256,358.21
OUT_03257,128.59
OUT_03258,313.98
OUT_03259,300.21
OUT_03260,615.32
OUT_03261,137.89
OUT_03262,315.36
OUT_03263,124.85
OUT_03264,866.16
OUT_03265,315.96
OUT_03266,130.46
OUT_03267,126.36
OUT_03268,306.76
OUT_03269,306.83
OUT_03270,128.43
OUT_03271,560.32
OUT_03272,361.26
OUT_03273,569.11
OUT_03274,880.81
OUT_03275,130.39
OUT_03276,133.8
OUT_03277,146.1
OUT_03278,125.81
OUT_03279,124.8
OUT_03280,126.4
OUT_03281,862.74
OUT_03283,474.8
OUT_03284,124.63
OUT_03285,125.42
OUT_03286,157.65
OUT_03287,910.12
OUT_03288,349.19
OUT_03289,120.98
OUT_03290,133.48
OUT_03291,147.48
OUT_03292,177.5
OUT_03293,353.93
OUT_03294,141.99
OUT_03295,172.64
OUT_03296,887.83
OUT_03297,664.79
OUT_03298,134.9
OUT_03299,310.13
OUT_03300,303.63
OUT_03301,318.89
OUT_03302,546.89
OUT_03303,124.59
OUT_03304,131.18
OUT_03305,171.24
OUT_03306,130.32
OUT_03307,132.72
OUT_03308,308.17
OUT_03309,128.27
OUT_03311,170.31
OUT_03312,630.51
OUT_03313,123.98
OUT_03314,137.13
OUT_03315,949.28
OUT_03317,135.84
OUT_03318,128.94
OUT_03319,301.85
OUT_03320,133.2
OUT_03321,305.45
OUT_03322,346.47
OUT_03323,353.3
OUT_03324,569.48
OUT_03325,952.27
OUT_03326,136.49
OUT_03327,625.12
OUT_03328,582.58
OUT_03329,310.92
OUT_03330,935.81
OUT_03331,122.97
OUT_03332,120.17
OUT_03333,562.24
OUT_03334,621.78
OUT_03335,371.66
OUT_03336,300.42
OUT_03337,302.67
OUT_03338,148.62
OUT_03339,129.06
OUT_03340,344.36
OUT_03341,509.7
OUT_03342,133.84
OUT_03343,133.81
OUT_03344,509.4
OUT_03345,546.75
OUT_03346,944.64
OUT_03347,136.52
OUT_03348,123.58
OUT_03349,385.31
OUT_03350,299.94
OUT_03351,126.29
OUT_03352,304.04
OUT_03353,936.0
OUT_03354,126.35
OUT_03355,153.41
OUT_03356,146.98
OUT_03357,305.31
OUT_03358,884.49
OUT_03359,528.15
OUT_03360,181.34
OUT_03361,322.86
OUT_03362,130.25
OUT_03363,120.83
OUT_03364,125.85
OUT_03365,125.84
OUT_03366,326.44
OUT_03367,380.59
OUT_03368,546.49
OUT_03369,126.51
OUT_03370,361.79
OUT_03371,328.55
OUT_03372,135.64
OUT_03373,389.92
OUT_03374,126.15
OUT_03375,126.4
OUT_03376,129.3
OUT_03377,337.64
OUT_03378,121.84
OUT_03379,340.28
OUT_03380,163.95
OUT_03381,936.11
OUT_03382,131.98
OUT_03383,527.73
OUT_03384,130.09
OUT_03385,124.89
OUT_03386,185.84
OUT_03387,551.34
OUT_03388,520.09
OUT_03389,137.27
OUT_03390,138.79
OUT_03391,572.63
OUT_03392,125.3
OUT_03393,335.18
OUT_03394,120.18
OUT_03395,521.25
OUT_03396,319.34
OUT_03398,132.64
OUT_03399,127.29
OUT_03400,373.38
OUT_03401,314.28
OUT_03402,958.42
OUT_03403,139.01
OUT_03404,120.87
OUT_03405,124.67
OUT_03406,547.75
OUT_03407,308.96
OUT_03408,122.86
OUT_03409,343.0
OUT_03410,131.36
OUT_03411,878.5
OUT_03412,127.94
OUT_03413,626.19
OUT_03414,607.68
OUT_03415,879.03
OUT_03416,144.63
OUT_03418,619.59
OUT_03419,125.29
OUT_03420,132.01
OUT_03421,149.42
OUT_03422,129.26
OUT_03423,594.35
OUT_03424,577.7
OUT_03425,293.02
OUT_03426,125.35
OUT_03427,317.38
OUT_03428,119.99
OUT_03429,131.93
OUT_03430,307.28
OUT_03431,121.05
OUT_03432,138.18
OUT_03433,122.17
OUT_03434,319.63
OUT_03435,188.69
OUT_03436,633.28
OUT_03437,126.83
OUT_03438,385.63
OUT_03439,312.38
OUT_03440,127.25
OUT_03441,137.43
OUT_03442,312.91
OUT_03443,556.97
OUT_03444,605.13
OUT_03445,298.56
OUT_03446,509.59
OUT_03447,126.0
OUT_03448,313.83
OUT_03449,121.43
OUT_03450,314.99
OUT_03451,657.88
OUT_03452,122.66
OUT_03453,319.09
OUT_03454,226.45
OUT_03455,140.63
OUT_03456,124.17
OUT_03457,310.08
OUT_03458,904.41
OUT_03459,126.3
OUT_03460,124.65
OUT_03461,124.37
OUT_03462,130.12
OUT_03463,130.2
OUT_03464,123.86
OUT_03465,346.85
OUT_03466,328.85
OUT_03467,594.29
OUT_03468,306.46
OUT_03470,127.76
OUT_03471,125.64
OUT_03472,129.79
OUT_03473,121.33
OUT_03474,164.41
OUT_03475,130.07
OUT_03476,341.37
OUT_03477,309.3
OUT_03478,121.24
OUT_03479,164.89
OUT_03480,337.82
OUT_03481,125.3
OUT_03482,514.38
OUT_03483,124.82
OUT_03484,1002.8
OUT_03485,129.99
OUT_03486,173.87
OUT_03487,133.1
OUT_03488,124.56
OUT_03489,393.25
OUT_03490,118.72
OUT_03491,294.55
OUT_03492,621.51
OUT_03493,948.58
OUT_03494,380.95
OUT_03495,127.69
OUT_03496,128.32
OUT_03497,299.07
OUT_03498,330.2
OUT_03499,344.28
OUT_03500,138.29
OUT_03501,327.85
OUT_03502,119.31
OUT_03503,300.54
OUT_03504,125.08
OUT_03505,314.68
OUT_03506,311.1
OUT_03507,172.94
OUT_03508,548.48
OUT_03509,128.06
OUT_03510,139.0
OUT_03511,129.62
OUT_03512,122.73
OUT_03513,574.99
OUT_03514,125.11
OUT_03515,145.06
OUT_03516,125.21
OUT_03517,145.79
OUT_03518,298.32
OUT_03519,568.49
OUT_03520,128.63
OUT_03521,321.38
OUT_03522,133.35
OUT_03523,135.75
OUT_03524,397.27
OUT_03525,127.66
OUT_03526,130.5
OUT_03527,150.94
OUT_03528,127.75
OUT_03529,381.59
OUT_03530,161.78
OUT_03531,300.09
OUT_03532,161.54
OUT_03533,639.85
OUT_03534,408.46
OUT_03535,145.24
OUT_03536,162.02
OUT_03537,302.56
OUT_03538,129.59
OUT_03539,145.25
OUT_03540,129.05
OUT_03541,311.05
OUT_03542,326.19
OUT_03543,120.67
OUT_03544,124.94
OUT_03545,295.77
OUT_03546,127.31
OUT_03547,318.5
OUT_03548,130.29
OUT_03549,868.04
OUT_03550,308.19
OUT_03551,547.09
OUT_03552,372.42
OUT_03553,125.05
OUT_03554,334.0
OUT_03555,507.7
OUT_03556,940.68
OUT_03557,137.45
OUT_03558,323.46
OUT_03559,901.46
OUT_03560,336.19
OUT_03561,314.7
OUT_03562,131.06
OUT_03563,354.78
OUT_03564,381.75
OUT_03565,315.15
OUT_03566,144.84
OUT_03567,408.48
OUT_03568,182.94
OUT_03569,627.78
OUT_03570,917.64
OUT_03571,579.13
OUT_03572,494.64
OUT_03573,122.9
OUT_03574,351.7
OUT_03575,606.51
OUT_03576,124.93
OUT_03577,1000.32
OUT_03578,398.47
OUT_03579,523.72
OUT_03580,132.39
OUT_03581,127.98
OUT_03582,362.24
OUT_03583,132.53
OUT_03584,128.87
OUT_03585,134.15
OUT_03586,156.61
OUT_03587,326.39
OUT_03588,148.36
OUT_03589,124.0
OUT_03590,124.5
OUT_03591,883.85
OUT_03592,147.34
OUT_03593,132.51
OUT_03594,313.51
OUT_03595,286.01
OUT_03596,341.27
OUT_03597,596.66
OUT_03598,648.6
OUT_03599,138.82
OUT_03600,127.98
OUT_03601,296.15
OUT_03602,292.96
OUT_03603,122.8
OUT_03604,365.46
OUT_03605,136.1
OUT_03606,607.45
OUT_03607,301.24
OUT_03608,136.92
OUT_03609,125.18
OUT_03610,143.11
OUT_03611,123.79
OUT_03612,127.45
OUT_03613,141.96
OUT_03614,136.64
OUT_03615,554.71
OUT_03616,567.31
OUT_03617,134.63
OUT_03618,164.26
OUT_03619,303.29
OUT_03620,337.16
OUT_03621,178.76
OUT_03622,559.88
OUT_03623,323.15
OUT_03624,134.82
OUT_03625,123.3
OUT_03626,133.42
OUT_03627,128.18
OUT_03628,129.57
OUT_03629,617.49
OUT_03630,349.62
OUT_03631,617.75
OUT_03632,133.82
OUT_03633,159.41
OUT_03634,540.89
OUT_03635,921.29
OUT_03636,138.29
OUT_03637,306.02
OUT_03638,128.53
OUT_03639,125.48
OUT_03640,125.58
OUT_03641,359.35
OUT_03642,143.63
OUT_03643,453.65
OUT_03644,556.09
OUT_03645,351.44
OUT_03646,139.89
OUT_03647,125.38
OUT_03648,294.93
OUT_03649,296.86
OUT_03650,122.44
OUT_03651,559.76
OUT_03652,129.03
OUT_03653,905.72
OUT_03654,133.52
OUT_03655,283.74
OUT_03656,124.52
OUT_03657,128.51
OUT_03658,127.4
OUT_03659,122.06
OUT_03660,149.64
OUT_03661,133.25
OUT_03662,122.29
OUT_03663,309.88
OUT_03664,286.89
OUT_03665,605.81
OUT_03666,124.82
OUT_03667,629.49
OUT_03668,404.47
OUT_03669,617.12
OUT_03670,122.29
OUT_03671,328.88
OUT_03672,157.79
OUT_03673,132.05
OUT_03674,292.78
OUT_03675,123.36
OUT_03676,873.98
OUT_03677,122.4
OUT_03678,328.2
OUT_03679,124.39
OUT_03680,1025.34
OUT_03681,166.51
OUT_03682,154.44
OUT_03683,130.68
OUT_03684,139.02
OUT_03685,138.29
OUT_03686,851.79
OUT_03687,126.96
OUT_03688,123.41
OUT_03689,133.05
OUT_03690,123.52
OUT_03692,123.39
OUT_03693,123.73
OUT_03695,309.48
OUT_03696,121.75
OUT_03697,331.97
OUT_03698,306.06
OUT_03699,591.7
OUT_03700,376.97
OUT_03701,581.38
OUT_03702,141.12
OUT_03703,302.05
OUT_03704,298.63
OUT_03705,161.98
OUT_03706,130.28
OUT_03707,135.89
OUT_03708,142.77
OUT_03709,487.76
OUT_03710,309.23
OUT_03711,141.41
OUT_03712,125.84
OUT_03713,126.5
OUT_03714,321.98
OUT_03715,386.89
OUT_03716,130.36
OUT_03717,128.66
OUT_03718,334.31
OUT_03719,864.18
OUT_03720,128.89
OUT_03721,341.2
OUT_03722,129.22
OUT_03723,610.33
OUT_03724,906.01
OUT_03726,310.97
OUT_03727,150.78
OUT_03728,122.88
OUT_03729,385.02
OUT_03730,304.74
OUT_03731,325.18
OUT_03732,142.36
OUT_03733,131.59
OUT_03734,289.43
OUT_03735,300.09
OUT_03736,441.42
OUT_03737,146.24
OUT_03738,378.29
OUT_03739,611.28
OUT_03740,125.65
OUT_03741,937.61
OUT_03742,129.69
OUT_03743,307.54
OUT_03744,126.33
OUT_03745,143.12
OUT_03746,302.1
OUT_03747,128.7
OUT_03748,304.7
OUT_03749,130.54
OUT_03751,132.98
OUT_03752,126.6
OUT_03753,123.75
OUT_03754,603.84
OUT_03755,157.77
OUT_03756,286.07
OUT_03758,126.63
OUT_03759,121.84
OUT_03760,324.16
OUT_03761,122.65
OUT_03762,369.42
OUT_03763,127.52
OUT_03764,560.57
OUT_03766,831.5
OUT_03767,293.29
OUT_03768,124.64
OUT_03769,362.62
OUT_03770,312.74
OUT_03771,306.56
OUT_03772,527.17
OUT_03773,605.84
OUT_03774,134.0
OUT_03775,125.42
OUT_03776,142.47
OUT_03777,133.73
OUT_03778,125.98
OUT_03779,143.07
OUT_03780,142.47
OUT_03781,357.2
OUT_03782,349.87
OUT_03783,123.4
OUT_03784,128.24
OUT_03785,154.53
OUT_03786,926.89
OUT_03787,317.42
OUT_03788,129.97
OUT_03789,312.81
OUT_03790,125.95
OUT_03791,562.58
OUT_03792,317.95
OUT_03793,149.79
OUT_03794,126.79
OUT_03795,355.55
OUT_03796,562.44
OUT_03797,148.2
OUT_03798,285.54
OUT_03799,311.05
OUT_03800,530.8
OUT_03801,321.25
OUT_03802,318.12
OUT_03803,519.08
OUT_03804,317.22
OUT_03805,121.47
OUT_03806,127.44
OUT_03807,120.76
OUT_03808,130.3
OUT_03809,151.54
OUT_03810,133.86
OUT_03811,123.0
OUT_03812,133.77
OUT_03813,131.58
OUT_03814,886.82
OUT_03815,516.13
OUT_03816,142.66
OUT_03817,125.99
OUT_03818,127.24
OUT_03819,307.33
OUT_03820,121.85
OUT_03821,139.27
OUT_03822,191.39
OUT_03823,289.25
OUT_03824,607.6
OUT_03825,320.76
OUT_03826,121.46
OUT_03827,132.79
OUT_03828,535.8
OUT_03829,996.19
OUT_03830,143.1
OUT_03831,328.91
OUT_03832,305.89
OUT_03833,650.45
OUT_03834,147.31
OUT_03835,128.64
OUT_03836,144.56
OUT_03837,153.28
OUT_03838,132.78
OUT_03839,142.4
OUT_03840,593.02
OUT_03841,592.17
OUT_03842,373.37
OUT_03843,342.2
OUT_03844,576.32
OUT_03845,128.2
OUT_03846,390.4
OUT_03847,631.29
OUT_03848,382.26
OUT_03849,615.2
OUT_03850,496.97
OUT_03851,126.38
OUT_03853,307.84
OUT_03854,119.28
OUT_03855,181.95
OUT_03856,342.01
OUT_03857,137.19
OUT_03858,130.91
OUT_03859,142.66
OUT_03860,296.05
OUT_03861,545.02
OUT_03862,125.45
OUT_03863,510.86
OUT_03864,616.64
OUT_03865,130.17
OUT_03866,911.79
OUT_03867,136.12
OUT_03868,118.46
OUT_03869,379.51
OUT_03870,123.03
OUT_03871,126.2
OUT_03872,125.43
OUT_03873,322.41
OUT_03874,125.6
OUT_03875,299.48
OUT_03876,551.65
OUT_03877,321.53
OUT_03878,559.75
OUT_03879,144.83
OUT_03880,127.82
OUT_03881,125.99
OUT_03882,132.09
OUT_03883,126.58
OUT_03884,130.62
OUT_03885,830.91
OUT_03886,308.07
OUT_03887,145.51
OUT_03888,128.04
OUT_03889,381.03
OUT_03890,631.48
OUT_03891,341.07
OUT_03892,145.2
OUT_03893,587.59
OUT_03894,126.08
OUT_03895,487.83
OUT_03896,124.52
OUT_03897,341.61
OUT_03898,377.77
OUT_03899,301.44
OUT_03900,477.08
OUT_03901,127.2
OUT_03902,641.8
OUT_03903,137.02
OUT_03904,133.55
OUT_03905,362.83
OUT_03906,532.04
OUT_03907,318.77
OUT_03908,134.87
OUT_03909,305.22
OUT_03910,589.13
OUT_03911,935.13
OUT_03912,124.55
OUT_03913,151.08
OUT_03914,144.06
OUT_03915,131.48
OUT_03916,516.05
OUT_03917,122.54
OUT_03918,605.32
OUT_03919,141.76
OUT_03920,594.0
OUT_03922,331.27
OUT_03923,899.66
OUT_03924,133.73
OUT_03925,125.62
OUT_03926,569.81
OUT_03927,534.03
OUT_03928,933.89
OUT_03929,123.57
OUT_03930,320.79
OUT_03931,352.65
OUT_03932,401.56
OUT_03933,141.68
OUT_03934,320.38
OUT_03935,349.87
OUT_03936,131.62
OUT_03937,302.64
OUT_03938,127.29
OUT_03939,587.73
OUT_03940,308.79
OUT_03941,163.98
OUT_03942,386.04
OUT_03943,122.27
OUT_03944,926.56
OUT_03945,120.84
OUT_03946,121.69
OUT_03947,369.2
OUT_03948,123.7
OUT_03949,131.06
OUT_03950,133.85
OUT_03951,123.6
OUT_03952,123.69
OUT_03953,373.04
OUT_03954,882.1
OUT_03955,305.41
OUT_03956,128.2
OUT_03957,852.34
OUT_03958,325.94
OUT_03959,974.56
OUT_03960,621.81
OUT_03961,127.17
OUT_03962,129.13
OUT_03963,372.4
OUT_03964,383.87
OUT_03965,675.01
OUT_03966,127.94
OUT_03967,868.57
OUT_03968,176.24
OUT_03969,128.95
OUT_03970,129.4
OUT_03971,138.68
OUT_03972,557.02
OUT_03973,125.9
OUT_03974,310.87
OUT_03975,299.49
OUT_03976,161.85
OUT_03977,123.12
OUT_03978,158.8
OUT_03979,324.27
OUT_03980,622.75
OUT_03981,335.17
OUT_03982,539.62
OUT_03983,876.51
OUT_03984,140.82
OUT_03985,308.84
OUT_03986,562.19
OUT_03987,132.63
OUT_03988,576.01
OUT_03989,134.74
OUT_03990,126.02
OUT_03991,579.87
OUT_03992,325.76
OUT_03993,348.85
OUT_03994,583.56
OUT_03995,131.04
OUT_03996,141.92
OUT_03997,326.55
OUT_03998,127.17
OUT_03999,891.84
OUT_04000,127.63
OUT_04001,131.6
OUT_04002,153.15
OUT_04003,132.15
OUT_04004,123.86
OUT_04005,605.14
OUT_04006,350.73
OUT_04008,136.32
OUT_04009,559.41
OUT_04010,133.46
OUT_04011,294.93
OUT_04012,147.88
OUT_04013,626.03
OUT_04014,122.69
OUT_04015,126.79
OUT_04016,122.47
OUT_04017,379.56
OUT_04018,306.98
OUT_04019,123.22
OUT_04020,137.06
OUT_04021,567.6
OUT_04022,154.58
OUT_04023,316.8
OUT_04024,134.43
OUT_04025,313.94
OUT_04026,662.71
OUT_04027,818.44
OUT_04028,159.53
OUT_04029,139.16
OUT_04030,124.8
OUT_04031,312.3
OUT_04032,420.5
OUT_04033,320.09
OUT_04034,341.67
OUT_04035,127.4
OUT_04036,135.7
OUT_04037,306.67
OUT_04038,122.66
OUT_04039,302.58
OUT_04040,121.52
OUT_04041,128.38
OUT_04042,130.83
OUT_04043,119.65
OUT_04044,501.85
OUT_04045,363.85
OUT_04046,314.23
OUT_04047,127.89
OUT_04048,608.6
OUT_04049,199.54
OUT_04050,526.95
OUT_04051,122.45
OUT_04052,615.5
OUT_04053,122.43
OUT_04054,149.55
OUT_04055,127.65
OUT_04056,910.32
OUT_04057,330.75
OUT_04058,144.77
OUT_04059,612.62
OUT_04060,293.5
OUT_04061,669.51
OUT_04062,614.82
OUT_04063,613.61
OUT_04064,600.58
OUT_04065,156.58
OUT_04066,158.98
OUT_04067,305.42
OUT_04068,474.02
OUT_04069,357.82
OUT_04070,421.27
OUT_04071,588.29
OUT_04072,124.95
OUT_04073,128.38
OUT_04074,131.46
OUT_04075,304.5
OUT_04076,372.37
OUT_04077,127.23
OUT_04078,137.84
OUT_04079,128.84
OUT_04080,298.29
OUT_04081,135.32
OUT_04082,123.51
OUT_04083,346.04
OUT_04084,121.55
OUT_04085,137.9
OUT_04086,160.7
OUT_04087,366.79
OUT_04088,324.61
OUT_04089,126.04
OUT_04090,325.88
OUT_04091,141.77
OUT_04092,460.56
OUT_04093,126.55
OUT_04094,321.26
OUT_04095,130.54
OUT_04096,159.61
OUT_04097,584.43
OUT_04098,316.39
OUT_04099,341.78
OUT_04100,127.01
OUT_04101,136.43
OUT_04102,519.63
OUT_04104,139.35
OUT_04105,351.21
OUT_04106,306.96
OUT_04107,311.37
OUT_04108,631.28
OUT_04109,128.66
OUT_04110,345.69
OUT_04111,567.24
OUT_04112,120.8
OUT_04113,137.85
OUT_04114,302.27
OUT_04115,318.82
OUT_04117,124.34
OUT_04118,128.37
OUT_04119,577.38
OUT_04120,858.19
OUT_04121,300.55
OUT_04122,324.17
OUT_04123,314.63
OUT_04124,121.74
OUT_04125,123.08
OUT_04126,313.82
OUT_04127,161.95
OUT_04128,956.01
OUT_04129,183.94
OUT_04130,124.81
OUT_04131,580.23
OUT_04132,130.65
OUT_04133,364.16
OUT_04134,126.02
OUT_04135,304.66
OUT_04136,958.61
OUT_04137,310.52
OUT_04138,150.39
OUT_04139,607.29
OUT_04140,132.56
OUT_04141,129.11
OUT_04142,583.15
OUT_04143,593.17
OUT_04144,129.69
OUT_04145,155.27
OUT_04146,125.39
OUT_04147,124.56
OUT_04148,151.03
OUT_04149,121.51
OUT_04150,298.77
OUT_04151,312.62
OUT_04152,125.58
OUT_04153,167.07
OUT_04154,596.73
OUT_04155,597.83
OUT_04156,124.77
OUT_04157,142.36
OUT_04158,170.52
OUT_04159,137.12
OUT_04160,134.19
OUT_04161,929.38
OUT_04162,127.92
OUT_04163,136.83
OUT_04164,121.77
OUT_04165,502.38
OUT_04166,163.32
OUT_04167,126.97
OUT_04169,130.14
OUT_04170,305.09
OUT_04171,846.37
OUT_04172,130.01
OUT_04173,294.13
OUT_04174,595.81
OUT_04175,127.22
OUT_04176,290.59
OUT_04177,143.5
OUT_04178,129.12
OUT_04179,169.3
OUT_04180,307.76
OUT_04181,324.14
OUT_04182,125.19
OUT_04184,132.27
OUT_04185,308.16
OUT_04186,129.21
OUT_04187,392.4
OUT_04188,134.36
OUT_04189,401.76
OUT_04190,545.23
OUT_04191,178.82
OUT_04192,125.9
OUT_04193,600.73
OUT_04194,639.1
OUT_04195,162.87
OUT_04196,479.48
OUT_04197,134.17
OUT_04198,309.68
OUT_04199,901.93
OUT_04200,297.07
OUT_04201,159.97
OUT_04202,154.27
OUT_04203,314.72
OUT_04204,123.3
OUT_04205,302.58
OUT_04206,912.42
OUT_04207,304.38
OUT_04208,124.56
OUT_04209,133.21
OUT_04210,303.81
OUT_04212,380.55
OUT_04213,134.49
OUT_04214,314.04
OUT_04215,289.98
OUT_04216,334.9
OUT_04217,608.42
OUT_04218,150.43
OUT_04219,159.23
OUT_04221,603.03
OUT_04222,125.9
OUT_04223,123.8
OUT_04224,281.16
OUT_04225,123.9
OUT_04226,596.76
OUT_04227,298.48
OUT_04228,147.44
OUT_04229,302.98
OUT_04230,157.55
OUT_04231,370.1
OUT_04232,535.8
OUT_04233,482.68
OUT_04234,133.71
OUT_04235,156.56
OUT_04236,328.96
OUT_04237,863.46
OUT_04238,372.59
OUT_04239,1051.64
OUT_04240,144.21
OUT_04241,300.11
OUT_04242,124.42
OUT_04243,121.72
OUT_04244,185.08
OUT_04245,307.58
OUT_04246,127.5
OUT_04247,126.83
OUT_04248,131.06
OUT_04249,345.06
OUT_04250,605.23
OUT_04251,969.91
OUT_04252,143.13
OUT_04253,124.4
OUT_04254,575.66
OUT_04256,295.88
OUT_04257,161.78
OUT_04258,318.12
OUT_04259,596.99
OUT_04260,1002.38
OUT_04261,542.25
OUT_04262,130.69
OUT_04263,388.18
OUT_04264,125.96
OUT_04265,123.9
OUT_04266,137.38
OUT_04267,130.3
OUT_04268,132.12
OUT_04269,608.69
OUT_04270,392.83
OUT_04271,304.39
OUT_04272,317.55
OUT_04273,123.54
OUT_04274,317.35
OUT_04275,135.63
OUT_04276,358.61
OUT_04277,148.82
OUT_04278,145.45
OUT_04279,165.41
OUT_04280,322.99
OUT_04281,319.76
OUT_04282,465.02
OUT_04283,306.31
OUT_04284,125.75
OUT_04285,125.22
OUT_04286,314.63
OUT_04287,297.89
OUT_04288,126.77
OUT_04289,181.74
OUT_04290,124.61
OUT_04291,323.93
OUT_04292,142.73
OUT_04293,575.23
OUT_04294,311.01
OUT_04295,903.63
OUT_04296,132.4
OUT_04297,120.27
OUT_04298,302.64
OUT_04299,450.67
OUT_04300,124.44
OUT_04301,132.75
OUT_04302,133.29
OUT_04303,127.16
OUT_04304,576.69
OUT_04305,345.36
OUT_04306,123.77
OUT_04307,126.9
OUT_04308,122.8
OUT_04309,594.74
OUT_04310,125.27
OUT_04311,148.05
OUT_04312,572.22
OUT_04313,127.28
OUT_04314,133.51
OUT_04315,123.23
OUT_04316,127.0
OUT_04317,339.54
OUT_04318,317.03
OUT_04319,165.79
OUT_04320,606.28
OUT_04321,128.0
OUT_04323,134.04
OUT_04324,337.71
OUT_04325,138.99
OUT_04326,336.99
OUT_04327,121.85
OUT_04328,627.29
OUT_04329,126.75
OUT_04330,351.83
OUT_04331,310.02
OUT_04332,139.02
OUT_04333,402.49
OUT_04334,301.1
OUT_04335,619.32
OUT_04336,120.69
OUT_04337,122.86
OUT_04338,136.27
OUT_04339,140.77
OUT_04340,120.13
OUT_04341,124.59
OUT_04342,659.01
OUT_04343,124.83
OUT_04344,152.31
OUT_04345,119.72
OUT_04346,127.87
OUT_04347,523.33
OUT_04348,131.06
OUT_04349,652.36
OUT_04350,383.48
OUT_04351,577.64
OUT_04352,384.41
OUT_04353,287.39
OUT_04354,128.19
OUT_04355,199.5
OUT_04356,578.49
OUT_04357,603.16
OUT_04358,351.52
OUT_04359,949.28
OUT_04360,299.89
OUT_04361,342.07
OUT_04362,133.1
OUT_04363,125.05
OUT_04364,133.06
OUT_04365,133.9
OUT_04366,131.94
OUT_04367,157.01
OUT_04368,864.26
OUT_04369,311.34
OUT_04370,306.46
OUT_04371,129.71
OUT_04372,142.16
OUT_04373,332.4
OUT_04374,130.56
OUT_04375,127.45
OUT_04376,144.46
OUT_04377,124.38
OUT_04378,136.83
OUT_04379,134.1
OUT_04380,128.13
OUT_04381,138.77
OUT_04382,609.12
OUT_04383,189.12
OUT_04384,144.94
OUT_04385,573.06
OUT_04386,122.47
OUT_04387,312.46
OUT_04388,280.33
OUT_04389,155.74
OUT_04390,349.1
OUT_04391,312.81
OUT_04392,291.54
OUT_04393,933.28
OUT_04394,166.21
OUT_04395,124.4
OUT_04396,129.17
OUT_04397,124.17
OUT_04398,123.15
OUT_04399,680.98
OUT_04400,574.92
OUT_04401,136.89
OUT_04402,564.05
OUT_04403,135.51
OUT_04404,643.17
OUT_04405,615.32
OUT_04407,314.34
OUT_04408,137.4
OUT_04409,920.5
OUT_04410,144.94
OUT_04411,120.24
OUT_04412,137.48
OUT_04413,576.14
OUT_04414,633.79
OUT_04415,593.24
OUT_04416,125.83
OUT_04417,301.11
OUT_04418,282.09
OUT_04419,128.7
OUT_04420,128.61
OUT_04421,123.16
OUT_04422,572.89
OUT_04423,303.19
OUT_04424,328.62
OUT_04425,164.14
OUT_04426,141.47
OUT_04427,166.86
OUT_04428,122.87
OUT_04429,315.19
OUT_04430,328.32
OUT_04431,127.9
OUT_04432,320.54
OUT_04433,561.73
OUT_04434,305.77
OUT_04435,531.78
OUT_04436,631.65
OUT_04437,589.23
OUT_04438,507.09
OUT_04439,618.81
OUT_04440,316.51
OUT_04441,129.0
OUT_04443,147.84
OUT_04444,305.97
OUT_04445,138.46
OUT_04446,388.09
OUT_04447,128.08
OUT_04448,304.19
OUT_04449,606.4
OUT_04450,364.58
OUT_04451,321.95
OUT_04452,133.98
OUT_04453,395.2
OUT_04454,332.32
OUT_04455,127.66
OUT_04456,129.23
OUT_04457,378.33
OUT_04458,387.61
OUT_04459,126.65
OUT_04460,330.22
OUT_04461,125.51
OUT_04462,125.68
OUT_04463,124.29
OUT_04464,127.03
OUT_04465,367.98
OUT_04466,352.8
OUT_04467,371.59
OUT_04468,133.67
OUT_04469,127.95
OUT_04470,119.85
OUT_04471,645.53
OUT_04472,355.1
OUT_04473,124.36
OUT_04474,317.55
OUT_04475,128.14
OUT_04476,313.63
OUT_04478,523.02
OUT_04479,291.05
OUT_04480,551.64
OUT_04482,301.86
OUT_04483,149.2
OUT_04484,355.06
OUT_04485,146.51
OUT_04486,121.29
OUT_04487,470.48
OUT_04488,126.59
OUT_04489,580.76
OUT_04490,121.41
OUT_04491,128.28
OUT_04492,601.65
OUT_04493,152.24
OUT_04494,162.09
OUT_04495,161.78
OUT_04496,141.03
OUT_04497,401.53
OUT_04498,301.31
OUT_04499,135.26
OUT_04500,828.15
OUT_04502,331.15
OUT_04503,127.07
OUT_04504,164.72
OUT_04505,129.28
OUT_04506,314.89
OUT_04507,594.01
OUT_04508,140.86
OUT_04509,496.59
OUT_04510,312.31
OUT_04511,137.69
OUT_04512,125.57
OUT_04513,127.14
OUT_04514,601.6
OUT_04515,301.69
OUT_04516,306.83
OUT_04517,291.04
OUT_04518,318.15
OUT_04519,127.89
OUT_04520,598.02
OUT_04521,131.74
OUT_04522,121.58
OUT_04523,560.28
OUT_04524,133.15
OUT_04525,304.76
OUT_04526,597.18
OUT_04527,123.08
OUT_04528,531.96
OUT_04529,160.51
OUT_04531,126.59
OUT_04532,129.05
OUT_04533,556.37
OUT_04534,174.19
OUT_04535,298.53
OUT_04536,312.65
OUT_04538,127.0
OUT_04539,125.78
OUT_04540,296.22
OUT_04541,328.29
OUT_04542,125.36
OUT_04543,136.08
OUT_04544,335.68
OUT_04545,131.0
OUT_04546,124.37
OUT_04547,287.94
OUT_04548,158.54
OUT_04549,132.4
OUT_04550,129.28
OUT_04551,310.94
OUT_04552,360.93
OUT_04553,350.28
OUT_04554,128.31
OUT_04555,122.27
OUT_04556,631.9
OUT_04557,131.26
OUT_04558,298.15
OUT_04559,124.2
OUT_04560,609.71
OUT_04561,309.78
OUT_04562,128.92
OUT_04563,128.7
OUT_04564,125.84
OUT_04565,348.07
OUT_04566,320.48
OUT_04567,161.99
OUT_04568,602.31
OUT_04569,820.41
OUT_04570,135.96
OUT_04571,319.76
OUT_04572,133.4
OUT_04573,336.03
OUT_04574,124.68
OUT_04575,379.82
OUT_04576,598.02
OUT_04577,122.53
OUT_04578,145.49
OUT_04579,134.49
OUT_04580,354.98
OUT_04581,340.5
OUT_04582,125.25
OUT_04583,345.86
OUT_04584,133.09
OUT_04585,133.35
OUT_04586,335.09
OUT_04587,146.4
OUT_04588,139.16
OUT_04589,214.88
OUT_04590,340.86
OUT_04591,122.27
OUT_04592,359.14
OUT_04593,848.39
OUT_04594,591.12
OUT_04595,330.59
OUT_04597,120.87
OUT_04598,554.07
OUT_04599,339.78
OUT_04600,139.21
OUT_04601,132.65
OUT_04602,168.52
OUT_04603,322.81
OUT_04604,124.74
OUT_04605,173.63
OUT_04606,611.34
OUT_04607,343.48
OUT_04608,126.42
OUT_04609,887.71
OUT_04610,588.09
OUT_04612,564.15
OUT_04613,559.5
OUT_04614,122.87
OUT_04615,598.32
OUT_04616,127.71
OUT_04617,305.18
OUT_04618,318.15
OUT_04619,380.17
OUT_04620,556.93
OUT_04621,414.44
OUT_04622,133.7
OUT_04623,126.44
OUT_04624,122.93
OUT_04625,125.77
OUT_04626,582.17
OUT_04627,336.15
OUT_04628,284.43
OUT_04629,310.0
OUT_04630,313.2
OUT_04631,126.46
OUT_04632,128.02
OUT_04633,358.15
OUT_04634,314.21
OUT_04635,130.97
OUT_04636,133.71
OUT_04637,131.32
OUT_04638,149.62
OUT_04639,122.45
OUT_04640,869.66
OUT_04641,386.65
OUT_04642,131.38
OUT_04643,155.5
OUT_04644,594.72
OUT_04645,126.63
OUT_04646,142.34
OUT_04647,125.78
OUT_04648,299.56
OUT_04649,147.78
OUT_04651,637.0
OUT_04652,122.57
OUT_04653,131.96
OUT_04654,147.43
OUT_04655,123.84
OUT_04656,123.65
OUT_04657,121.39
OUT_04658,120.42
OUT_04659,143.45
OUT_04660,141.31
OUT_04661,317.27
OUT_04662,126.3
OUT_04663,123.62
OUT_04664,574.01
OUT_04665,143.4
OUT_04667,566.99
OUT_04668,129.82
OUT_04669,332.57
OUT_04670,131.23
OUT_04671,361.39
OUT_04672,307.49
OUT_04673,141.2
OUT_04674,129.27
OUT_04675,346.17
OUT_04676,627.16
OUT_04677,178.43
OUT_04678,890.9
OUT_04679,557.86
OUT_04680,119.47
OUT_04681,309.21
OUT_04682,124.48
OUT_04683,327.93
OUT_04684,127.44
OUT_04685,306.95
OUT_04686,292.3
OUT_04687,122.54
OUT_04688,128.62
OUT_04689,134.69
OUT_04690,135.01
OUT_04691,120.18
OUT_04692,159.34
OUT_04693,121.68
OUT_04694,552.37
OUT_04695,380.86
OUT_04696,141.23
OUT_04697,293.29
OUT_04698,157.63
OUT_04699,356.68
OUT_04700,306.95
OUT_04701,521.44
OUT_04702,441.64
OUT_04703,497.6
OUT_04704,540.53
OUT_04705,149.77
OUT_04706,602.3
OUT_04707,303.26
OUT_04708,157.45
OUT_04709,136.6
OUT_04710,360.64
OUT_04711,126.66
OUT_04712,149.39
OUT_04713,614.31
OUT_04714,545.5
OUT_04715,148.64
OUT_04716,306.33
OUT_04717,127.43
OUT_04718,559.63
OUT_04719,147.62
OUT_04720,169.05
OUT_04721,306.79
OUT_04722,148.33
OUT_04723,312.87
OUT_04724,544.13
OUT_04725,126.97
OUT_04726,302.34
OUT_04727,126.08
OUT_04728,311.25
OUT_04729,389.41
OUT_04730,153.41
OUT_04731,325.32
OUT_04732,128.61
OUT_04733,531.74
OUT_04734,597.0
OUT_04735,119.3
OUT_04736,407.77
OUT_04737,657.87
OUT_04738,125.72
OUT_04739,131.17
OUT_04740,128.0
OUT_04741,124.43
OUT_04742,623.03
OUT_04743,312.56
OUT_04744,303.65
OUT_04745,125.99
OUT_04746,495.89
OUT_04747,316.67
OUT_04748,136.53
OUT_04749,125.6
OUT_04750,126.09
OUT_04751,585.45
OUT_04752,879.19
OUT_04753,310.97
OUT_04754,373.99
OUT_04755,368.88
OUT_04756,309.27
OUT_04757,173.15
OUT_04758,563.57
OUT_04759,126.9
OUT_04760,120.37
OUT_04761,356.35
OUT_04762,125.12
OUT_04763,127.72
OUT_04764,131.87
OUT_04765,298.27
OUT_04766,528.16
OUT_04768,566.57
OUT_04769,178.81
OUT_04770,126.33
OUT_04771,127.61
OUT_04772,591.76
OUT_04773,122.9
OUT_04774,302.56
OUT_04775,137.37
OUT_04776,307.1
OUT_04777,120.38
OUT_04778,159.27
OUT_04779,378.21
OUT_04780,141.37
OUT_04781,302.58
OUT_04782,324.21
OUT_04783,297.09
OUT_04784,323.24
OUT_04785,345.03
OUT_04786,397.97
OUT_04787,126.58
OUT_04788,377.53
OUT_04789,162.9
OUT_04790,887.94
OUT_04791,552.1
OUT_04792,125.52
OUT_04793,130.83
OUT_04794,150.14
OUT_04795,619.92
OUT_04796,319.33
OUT_04797,124.14
OUT_04798,542.03
OUT_04799,127.22
OUT_04800,127.15
OUT_04801,127.71
OUT_04802,135.63
OUT_04803,179.34
OUT_04804,628.5
OUT_04805,129.6
OUT_04806,122.58
OUT_04807,343.35
OUT_04808,594.38
OUT_04809,123.41
OUT_04810,358.88
OUT_04811,558.03
OUT_04812,980.32
OUT_04814,543.67
OUT_04815,127.98
OUT_04816,124.4
OUT_04817,142.34
OUT_04818,324.94
OUT_04819,930.37
OUT_04820,127.03
OUT_04821,146.4
OUT_04822,151.75
OUT_04823,397.96
OUT_04824,126.5
OUT_04825,124.36
OUT_04826,148.31
OUT_04827,125.94
OUT_04828,127.34
OUT_04829,125.83
OUT_04830,571.11
OUT_04831,127.77
OUT_04832,361.05
OUT_04833,368.51
OUT_04834,131.43
OUT_04835,974.83
OUT_04836,367.28
OUT_04837,123.01
OUT_04838,123.18
OUT_04839,123.44
OUT_04840,130.39
OUT_04841,121.98
OUT_04842,124.79
OUT_04843,127.99
OUT_04844,651.79
OUT_04845,125.84
OUT_04846,144.9
OUT_04847,125.01
OUT_04848,312.65
OUT_04849,360.79
OUT_04850,169.43
OUT_04851,349.89
OUT_04852,303.95
OUT_04853,924.07
OUT_04855,138.74
OUT_04856,351.39
OUT_04857,577.15
OUT_04858,127.64
OUT_04859,314.2
OUT_04860,321.22
OUT_04861,307.28
OUT_04862,313.96
OUT_04863,123.48
OUT_04864,332.44
OUT_04865,378.22
OUT_04866,301.98
OUT_04867,143.72
OUT_04868,315.99
OUT_04869,596.79
OUT_04870,128.91
OUT_04871,170.16
OUT_04872,367.74
OUT_04873,599.85
OUT_04874,129.64
OUT_04875,126.79
OUT_04876,299.85
OUT_04877,132.54
OUT_04878,123.05
OUT_04879,899.8
OUT_04880,131.67
OUT_04881,119.96
OUT_04882,380.06
OUT_04883,125.66
OUT_04884,152.86
OUT_04885,548.5
OUT_04886,304.26
OUT_04887,571.28
OUT_04888,149.54
OUT_04889,137.37
OUT_04890,123.41
OUT_04891,304.63
OUT_04892,561.69
OUT_04893,317.36
OUT_04894,127.3
OUT_04895,129.04
OUT_04896,159.52
OUT_04897,148.17
OUT_04898,604.03
OUT_04899,288.75
OUT_04900,128.51
OUT_04901,333.22
OUT_04902,122.47
OUT_04903,373.56
OUT_04904,362.04
OUT_04905,126.6
OUT_04906,162.53
OUT_04907,145.73
OUT_04908,126.83
OUT_04909,164.34
OUT_04910,309.45
OUT_04911,126.79
OUT_04912,296.08
OUT_04913,556.93
OUT_04914,318.55
OUT_04915,124.14
OUT_04916,126.23
OUT_04917,340.18
OUT_04918,120.17
OUT_04919,855.61
OUT_04920,301.81
OUT_04921,124.52
OUT_04922,299.05
OUT_04923,124.82
OUT_04924,517.7
OUT_04925,627.76
OUT_04926,130.1
OUT_04927,287.84
OUT_04928,321.01
OUT_04929,412.24
OUT_04930,127.12
OUT_04931,126.8
OUT_04932,310.12
OUT_04933,127.79
OUT_04934,130.69
OUT_04935,128.26
OUT_04936,323.23
OUT_04937,308.81
OUT_04938,131.92
OUT_04939,182.83
OUT_04940,124.85
OUT_04941,528.04
OUT_04942,561.2
OUT_04943,125.72
OUT_04944,590.65
OUT_04945,303.79
OUT_04946,121.93
OUT_04947,560.34
OUT_04948,123.61
OUT_04949,327.98
OUT_04950,324.02
OUT_04951,143.89
OUT_04952,376.62
OUT_04953,579.95
OUT_04954,331.05
OUT_04955,129.12
OUT_04956,123.89
OUT_04957,120.38
OUT_04958,125.47
OUT_04959,326.7
OUT_04960,167.22
OUT_04961,129.11
OUT_04962,874.46
OUT_04963,360.22
OUT_04964,140.41
OUT_04965,126.22
OUT_04966,122.19
OUT_04967,129.54
OUT_04968,298.12
OUT_04969,311.86
OUT_04970,122.37
OUT_04971,668.35
OUT_04972,310.52
OUT_04973,596.49
OUT_04974,298.98
OUT_04975,124.95
OUT_04976,129.29
OUT_04977,124.55
OUT_04978,295.48
OUT_04979,909.52
OUT_04980,315.45
OUT_04981,125.83
OUT_04982,312.43
OUT_04983,480.86
OUT_04984,125.6
OUT_04985,531.35
OUT_04986,337.32
OUT_04987,149.97
OUT_04988,126.06
OUT_04989,126.41
OUT_04990,359.49
OUT_04991,128.42
OUT_04992,544.09
OUT_04993,128.02
OUT_04994,315.3
OUT_04995,130.79
OUT_04996,356.18
OUT_04997,133.61
OUT_04998,131.8
OUT_04999,307.65
OUT_05000,125.14
OUT_05001,125.34
OUT_05002,122.43
OUT_05003,139.32
OUT_05004,158.0
OUT_05005,415.37
OUT_05006,129.07
OUT_05007,912.37
OUT_05008,127.0
OUT_05009,123.76
OUT_05010,134.72
OUT_05011,310.83
OUT_05012,126.77
OUT_05013,136.87
OUT_05014,321.0
OUT_05015,303.67
OUT_05016,309.6
OUT_05017,136.34
OUT_05018,306.1
OUT_05019,140.84
OUT_05020,152.27
OUT_05021,319.73
OUT_05022,134.75
OUT_05023,155.4
OUT_05024,323.79
OUT_05025,144.36
OUT_05026,303.27
OUT_05027,127.48
OUT_05028,130.69
OUT_05029,361.96
OUT_05030,151.85
OUT_05031,135.8
OUT_05032,135.98
OUT_05033,173.7
OUT_05034,317.94
OUT_05035,157.01
OUT_05036,145.32
OUT_05037,129.1
OUT_05038,131.54
OUT_05039,130.67
OUT_05040,127.14
OUT_05041,124.34
OUT_05042,135.64
OUT_05043,122.61
OUT_05044,305.06
OUT_05045,634.53
OUT_05046,540.6
OUT_05047,138.07
OUT_05048,131.21
OUT_05049,151.08
OUT_05050,798.85
OUT_05051,139.09
OUT_05053,130.97
OUT_05054,131.0
OUT_05056,387.46
OUT_05057,308.16
OUT_05058,129.15
OUT_05059,379.5
OUT_05060,127.03
OUT_05061,128.52
OUT_05062,122.36
OUT_05063,121.6
OUT_05064,309.6
OUT_05065,312.1
OUT_05066,386.26
OUT_05067,126.14
OUT_05068,132.18
OUT_05069,134.36
OUT_05070,303.47
OUT_05071,979.5
OUT_05072,154.55
OUT_05073,339.2
OUT_05074,128.9
OUT_05075,126.55
OUT_05076,137.07
OUT_05077,133.86
OUT_05078,324.24
OUT_05079,566.25
OUT_05080,298.0
OUT_05081,138.72
OUT_05082,293.9
OUT_05083,308.49
OUT_05084,308.9
OUT_05085,302.67
OUT_05086,129.18
OUT_05087,311.19
OUT_05088,145.56
OUT_05089,296.97
OUT_05090,330.93
OUT_05091,573.7
OUT_05093,318.44
OUT_05094,302.34
OUT_05095,934.2
OUT_05096,138.52
OUT_05097,520.11
OUT_05098,126.54
OUT_05099,130.22
OUT_05100,152.36
OUT_05101,580.2
OUT_05102,307.93
OUT_05103,121.94
OUT_05104,607.98
OUT_05105,129.14
OUT_05106,130.31
OUT_05107,309.66
OUT_05108,128.62
OUT_05109,131.53
OUT_05111,121.24
OUT_05112,309.2
OUT_05113,125.03
OUT_05114,127.49
OUT_05115,582.7
OUT_05116,323.81
OUT_05117,133.0
OUT_05118,300.33
OUT_05119,127.87
OUT_05120,868.95
OUT_05121,124.77
OUT_05122,543.9
OUT_05123,290.56
OUT_05124,302.49
OUT_05125,123.38
OUT_05126,125.57
OUT_05127,122.33
OUT_05128,289.37
OUT_05129,413.29
OUT_05130,568.38
OUT_05131,328.7
OUT_05132,125.6
OUT_05133,955.24
OUT_05134,358.96
OUT_05135,153.68
OUT_05136,306.81
OUT_05137,126.4
OUT_05138,133.64
OUT_05139,134.64
OUT_05140,139.02
OUT_05141,304.35
OUT_05142,543.27
OUT_05143,299.48
OUT_05144,135.53
OUT_05145,155.38
OUT_05146,149.38
OUT_05147,321.77
OUT_05148,129.61
OUT_05149,307.96
OUT_05150,310.28
OUT_05151,124.26
OUT_05152,128.47
OUT_05153,127.2
OUT_05154,123.48
OUT_05155,303.36
OUT_05156,891.36
OUT_05157,898.57
OUT_05158,129.57
OUT_05159,378.23
OUT_05160,131.01
OUT_05161,623.02
OUT_05162,607.58
OUT_05163,304.44
OUT_05164,123.49
OUT_05165,124.59
OUT_05166,545.66
OUT_05167,300.19
OUT_05168,603.9
OUT_05169,127.72
OUT_05170,573.64
OUT_05171,128.4
OUT_05172,128.25
OUT_05173,128.31
OUT_05174,298.51
OUT_05175,481.54
OUT_05176,610.28
OUT_05177,127.28
OUT_05178,580.61
OUT_05179,132.28
OUT_05180,130.38
OUT_05181,856.94
OUT_05182,123.1
OUT_05183,302.75
OUT_05184,126.6
OUT_05185,554.57
OUT_05186,577.49
OUT_05187,304.75
OUT_05188,604.06
OUT_05189,156.27
OUT_05190,184.88
OUT_05191,126.44
OUT_05192,346.41
OUT_05193,127.89
OUT_05194,314.54
OUT_05195,369.06
OUT_05196,129.61
OUT_05197,551.55
OUT_05198,973.89
OUT_05199,299.91
OUT_05200,124.77
OUT_05201,539.54
OUT_05202,126.43
OUT_05203,371.11
OUT_05204,922.99
OUT_05205,855.16
OUT_05206,130.03
OUT_05207,309.14
OUT_05208,136.24
OUT_05209,128.69
OUT_05210,125.7
OUT_05211,335.71
OUT_05212,129.15
OUT_05213,120.32
OUT_05215,140.06
OUT_05216,544.07
OUT_05217,127.22
OUT_05218,294.52
OUT_05219,124.56
OUT_05220,344.23
OUT_05221,141.27
OUT_05222,588.52
OUT_05223,144.07
OUT_05224,121.17
OUT_05225,302.23
OUT_05226,128.79
OUT_05227,124.16
OUT_05228,124.22
OUT_05229,124.95
OUT_05230,950.75
OUT_05231,573.31
OUT_05232,304.34
OUT_05233,672.18
OUT_05234,350.6
OUT_05236,137.9
OUT_05237,293.86
OUT_05238,137.66
OUT_05239,320.31
OUT_05240,337.01
OUT_05241,122.14
OUT_05242,129.94
OUT_05243,319.45
OUT_05244,341.47
OUT_05245,137.09
OUT_05246,131.24
OUT_05247,127.57
OUT_05248,343.75
OUT_05249,300.89
OUT_05250,974.63
OUT_05251,121.75
OUT_05252,127.57
OUT_05253,361.12
OUT_05254,126.26
OUT_05255,477.98
OUT_05256,529.29
OUT_05257,593.94
OUT_05258,150.26
OUT_05259,505.12
OUT_05260,305.12
OUT_05261,127.48
OUT_05262,120.73
OUT_05263,122.34
OUT_05264,616.09
OUT_05265,351.1
OUT_05266,131.39
OUT_05267,330.72
OUT_05268,126.54
OUT_05269,948.03
OUT_05270,386.58
OUT_05271,560.6
OUT_05272,560.99
OUT_05273,147.77
OUT_05274,314.15
OUT_05276,139.81
OUT_05277,122.6
OUT_05278,126.03
OUT_05279,122.61
OUT_05280,940.07
OUT_05281,395.8
OUT_05282,322.6
OUT_05283,295.35
OUT_05284,121.81
OUT_05285,126.79
OUT_05286,564.03
OUT_05287,610.2
OUT_05288,125.78
OUT_05289,374.22
OUT_05290,295.77
OUT_05291,139.57
OUT_05292,589.84
OUT_05293,130.62
OUT_05294,128.39
OUT_05295,296.14
OUT_05296,125.49
OUT_05297,899.42
OUT_05298,133.6
OUT_05299,550.16
OUT_05300,314.65
OUT_05301,313.2
OUT_05302,616.65
OUT_05303,149.15
OUT_05305,404.75
OUT_05306,132.39
OUT_05307,190.2
OUT_05308,124.6
OUT_05309,122.78
OUT_05310,132.74
OUT_05311,322.17
OUT_05312,129.07
OUT_05313,143.72
OUT_05314,301.23
OUT_05315,186.08
OUT_05316,316.79
OUT_05317,152.33
OUT_05318,585.92
OUT_05319,345.88
OUT_05320,323.1
OUT_05321,291.02
OUT_05322,125.03
OUT_05323,125.65
OUT_05324,315.72
OUT_05325,554.62
OUT_05326,131.72
OUT_05327,122.51
OUT_05328,375.47
OUT_05329,543.5
OUT_05330,125.45
OUT_05332,559.15
OUT_05333,614.75
OUT_05334,165.64
OUT_05335,321.36
OUT_05336,305.39
OUT_05337,325.6
OUT_05338,129.4
OUT_05339,124.85
OUT_05340,619.45
OUT_05341,126.89
OUT_05342,309.7
OUT_05343,332.37
OUT_05344,313.6
OUT_05345,132.94
OUT_05346,127.62
OUT_05347,136.92
OUT_05348,144.67
OUT_05349,549.48
OUT_05350,291.73
OUT_05351,550.79
OUT_05352,293.46
OUT_05353,128.28
OUT_05354,382.94
OUT_05355,899.63
OUT_05356,124.85
OUT_05357,593.58
OUT_05358,513.22
OUT_05359,127.73
OUT_05360,297.48
OUT_05361,123.14
OUT_05362,284.94
OUT_05363,141.49
OUT_05364,131.52
OUT_05365,129.7
OUT_05366,825.35
OUT_05367,334.19
OUT_05368,128.66
OUT_05369,322.27
OUT_05370,127.36
OUT_05371,124.42
OUT_05372,362.85
OUT_05373,324.06
OUT_05374,126.41
OUT_05375,561.63
OUT_05376,142.72
OUT_05377,521.15
OUT_05378,128.1
OUT_05379,399.81
OUT_05380,128.89
OUT_05381,124.72
OUT_05382,163.52
OUT_05383,144.94
OUT_05384,640.9
OUT_05385,300.52
OUT_05386,123.42
OUT_05387,921.5
OUT_05389,123.65
OUT_05390,177.5
OUT_05391,121.96
OUT_05392,327.02
OUT_05393,310.89
OUT_05394,125.7
OUT_05395,148.51
OUT_05396,317.22
OUT_05397,120.17
OUT_05398,149.45
OUT_05399,130.21
OUT_05400,134.7
OUT_05401,369.76
OUT_05402,318.07
OUT_05403,586.51
OUT_05404,301.43
OUT_05405,320.28
OUT_05406,342.76
OUT_05407,573.55
OUT_05408,162.96
OUT_05409,307.92
OUT_05410,540.35
OUT_05411,131.58
OUT_05412,551.37
OUT_05413,129.14
OUT_05414,132.6
OUT_05415,304.5
OUT_05416,407.93
OUT_05417,151.04
OUT_05418,576.26
OUT_05419,299.93
OUT_05420,133.72
OUT_05421,182.39
OUT_05422,141.78
OUT_05423,121.98
OUT_05424,295.3
OUT_05425,137.98
OUT_05426,833.09
OUT_05427,543.44
OUT_05428,613.18
OUT_05429,126.58
OUT_05430,1023.83
OUT_05431,325.14
OUT_05432,146.64
OUT_05433,130.63
OUT_05434,165.55
OUT_05435,385.98
OUT_05436,152.37
OUT_05437,156.44
OUT_05438,125.11
OUT_05439,318.1
OUT_05440,126.88
OUT_05441,121.23
OUT_05442,575.49
OUT_05443,374.65
OUT_05444,133.74
OUT_05446,128.01
OUT_05447,332.71
OUT_05448,516.95
OUT_05449,131.04
OUT_05450,394.2
OUT_05451,305.78
OUT_05452,564.56
OUT_05453,857.87
OUT_05454,334.66
OUT_05455,216.18
OUT_05456,321.3
OUT_05457,121.76
OUT_05458,358.94
OUT_05459,527.89
OUT_05460,123.05
OUT_05461,363.9
OUT_05462,302.06
OUT_05464,129.0
OUT_05465,867.55
OUT_05466,373.56
OUT_05467,131.34
OUT_05468,141.88
OUT_05469,124.44
OUT_05470,920.44
OUT_05471,130.02
OUT_05472,139.11
OUT_05473,327.19
OUT_05474,120.48
OUT_05475,121.93
OUT_05477,129.01
OUT_05478,612.06
OUT_05479,132.34
OUT_05480,124.81
OUT_05481,140.6
OUT_05482,609.73
OUT_05483,552.29
OUT_05484,133.74
OUT_05485,840.45
OUT_05486,535.14
OUT_05487,312.35
OUT_05488,299.32
OUT_05489,132.15
OUT_05490,572.98
OUT_05491,122.95
OUT_05492,345.07
OUT_05493,624.61
OUT_05494,314.58
OUT_05495,625.09
OUT_05497,486.47
OUT_05498,123.2
OUT_05499,128.41
OUT_05500,299.62
OUT_05501,515.35
OUT_05502,125.23
OUT_05503,121.44
OUT_05504,307.21
OUT_05505,356.36
OUT_05506,333.76
OUT_05508,532.81
OUT_05509,358.08
OUT_05510,123.86
OUT_05511,616.49
OUT_05512,360.95
OUT_05513,130.53
OUT_05514,520.37
OUT_05515,127.86
OUT_05516,301.73
OUT_05517,133.18
OUT_05518,125.57
OUT_05519,143.32
OUT_05520,124.08
OUT_05521,126.0
OUT_05522,382.47
OUT_05523,606.24
OUT_05524,162.27
OUT_05525,359.48
OUT_05526,124.59
OUT_05527,123.8
OUT_05528,152.4
OUT_05529,149.91
OUT_05530,382.69
OUT_05531,125.77
OUT_05532,310.05
OUT_05533,140.4
OUT_05534,126.33
OUT_05535,339.07
OUT_05536,344.86
OUT_05537,572.42
OUT_05538,402.98
OUT_05539,123.48
OUT_05540,673.92
OUT_05541,168.77
OUT_05542,564.38
OUT_05543,547.04
OUT_05544,127.57
OUT_05545,360.86
OUT_05546,131.11
OUT_05547,135.6
OUT_05548,144.64
OUT_05549,127.37
OUT_05550,122.29
OUT_05551,598.03
OUT_05552,590.83
OUT_05553,340.78
OUT_05554,125.4
OUT_05555,511.81
OUT_05556,123.97
OUT_05558,154.33
OUT_05560,331.34
OUT_05561,177.87
OUT_05562,403.7
OUT_05563,320.94
OUT_05564,871.46
OUT_05565,536.6
OUT_05566,121.7
OUT_05567,140.94
OUT_05568,396.77
OUT_05569,574.9
OUT_05570,129.8
OUT_05571,706.43
OUT_05572,139.23
OUT_05573,314.73
OUT_05574,119.33
OUT_05575,666.41
OUT_05576,540.71
OUT_05577,555.89
OUT_05578,916.08
OUT_05579,594.82
OUT_05580,367.11
OUT_05581,126.25
OUT_05582,157.22
OUT_05583,135.77
OUT_05584,343.59
OUT_05585,323.06
OUT_05586,329.7
OUT_05587,303.71
OUT_05588,296.35
OUT_05589,126.52
OUT_05590,300.94
OUT_05591,311.94
OUT_05592,936.14
OUT_05593,618.04
OUT_05594,329.86
OUT_05595,179.51
OUT_05596,127.81
OUT_05597,899.14
OUT_05598,351.76
OUT_05600,127.85
OUT_05601,157.42
OUT_05602,124.81
OUT_05603,183.24
OUT_05604,573.81
OUT_05605,126.83
OUT_05606,935.15
OUT_05607,325.16
OUT_05608,302.74
OUT_05609,310.23
OUT_05610,165.85
OUT_05611,122.33
OUT_05612,132.18
OUT_05613,584.55
OUT_05614,126.36
OUT_05615,377.38
OUT_05616,313.26
OUT_05617,144.16
OUT_05618,303.87
OUT_05619,614.33
OUT_05620,598.92
OUT_05622,155.45
OUT_05623,166.21
OUT_05624,160.06
OUT_05625,162.08
OUT_05626,628.26
OUT_05627,121.34
OUT_05628,152.91
OUT_05629,126.35
OUT_05630,319.11
OUT_05631,166.66
OUT_05632,301.72
OUT_05633,385.46
OUT_05634,124.29
OUT_05635,131.15
OUT_05636,123.97
OUT_05637,134.73
OUT_05638,318.24
OUT_05639,674.01
OUT_05640,595.74
OUT_05641,146.74
OUT_05642,121.91
OUT_05643,123.51
OUT_05644,322.07
OUT_05645,361.29
OUT_05646,121.66
OUT_05647,401.61
OUT_05648,127.47
OUT_05649,129.67
OUT_05650,160.65
OUT_05651,306.83
OUT_05652,302.84
OUT_05653,130.22
OUT_05654,138.72
OUT_05655,565.3
OUT_05656,379.06
OUT_05657,582.26
OUT_05658,585.68
OUT_05659,138.8
OUT_05660,132.69
OUT_05661,313.52
OUT_05662,125.61
OUT_05663,134.56
OUT_05664,543.75
OUT_05665,134.84
OUT_05666,141.57
OUT_05667,355.41
OUT_05668,130.84
OUT_05669,126.33
OUT_05670,312.79
OUT_05671,398.57
OUT_05672,136.7
OUT_05673,131.6
OUT_05674,151.47
OUT_05675,127.73
OUT_05676,298.64
OUT_05677,305.4
OUT_05678,126.96
OUT_05679,303.61
OUT_05680,139.29
OUT_05681,124.27
OUT_05683,123.3
OUT_05684,316.86
OUT_05685,332.08
OUT_05686,121.09
OUT_05687,127.74
OUT_05688,311.62
OUT_05689,325.96
OUT_05690,289.64
OUT_05691,576.05
OUT_05692,659.7
OUT_05693,295.6
OUT_05694,953.72
OUT_05695,143.78
OUT_05696,187.21
OUT_05698,334.1
OUT_05699,913.09
OUT_05700,174.8
OUT_05702,146.34
OUT_05703,559.34
OUT_05704,122.65
OUT_05706,124.84
OUT_05707,123.12
OUT_05708,149.23
OUT_05709,303.21
OUT_05710,131.21
OUT_05711,589.24
OUT_05712,139.71
OUT_05713,119.29
OUT_05714,345.68
OUT_05715,132.75
OUT_05716,561.48
OUT_05717,122.79
OUT_05718,497.29
OUT_05719,385.89
OUT_05720,130.85
OUT_05721,129.23
OUT_05722,332.1
OUT_05723,124.53
OUT_05724,129.08
OUT_05725,131.62
OUT_05726,319.22
OUT_05727,881.16
OUT_05728,163.78
OUT_05729,145.76
OUT_05730,122.73
OUT_05731,132.67
OUT_05732,567.79
OUT_05733,578.33
OUT_05734,128.49
OUT_05735,136.14
OUT_05736,343.72
OUT_05737,127.6
OUT_05738,124.17
OUT_05739,372.31
OUT_05740,308.14
OUT_05741,148.2
OUT_05742,311.33
OUT_05743,929.93
OUT_05744,324.86
OUT_05745,128.71
OUT_05746,126.13
OUT_05747,135.6
OUT_05748,119.78
OUT_05749,300.17
OUT_05750,340.89
OUT_05751,143.44
OUT_05752,361.49
OUT_05753,161.32
OUT_05754,301.91
OUT_05755,131.79
OUT_05756,325.38
OUT_05757,919.24
OUT_05758,327.2
OUT_05759,152.57
OUT_05760,126.37
OUT_05761,307.68
OUT_05762,323.2
OUT_05763,123.55
OUT_05764,325.73
OUT_05765,286.69
OUT_05766,127.72
OUT_05767,132.91
OUT_05768,135.46
OUT_05769,332.11
OUT_05770,293.47
OUT_05771,136.8
OUT_05772,299.41
OUT_05773,338.43
OUT_05774,322.94
OUT_05775,157.08
OUT_05776,992.17
OUT_05777,570.27
OUT_05778,371.39
OUT_05779,122.48
OUT_05781,139.04
OUT_05782,337.75
OUT_05783,312.02
OUT_05784,120.9
OUT_05785,128.68
OUT_05786,575.26
OUT_05787,124.85
OUT_05788,124.76
OUT_05789,135.15
OUT_05790,301.32
OUT_05791,127.05
OUT_05792,327.99
OUT_05793,125.94
OUT_05794,129.22
OUT_05795,122.49
OUT_05796,126.7
OUT_05797,287.97
OUT_05798,342.59
OUT_05799,136.85
OUT_05800,315.15
OUT_05801,302.23
OUT_05802,299.56
OUT_05803,572.45
OUT_05804,636.42
OUT_05805,147.8
OUT_05806,360.58
OUT_05807,141.91
OUT_05808,131.35
OUT_05809,321.17
OUT_05810,123.01
OUT_05811,317.6
OUT_05812,124.79
OUT_05813,469.07
OUT_05814,545.54
OUT_05815,352.05
OUT_05816,346.53
OUT_05817,131.86
OUT_05818,305.91
OUT_05819,153.36
OUT_05820,128.24
OUT_05821,127.76
OUT_05822,291.03
OUT_05823,155.33
OUT_05824,599.0
OUT_05825,917.64
OUT_05826,130.1
OUT_05827,130.37
OUT_05828,127.03
OUT_05829,340.09
OUT_05830,311.34
OUT_05831,344.62
OUT_05832,125.55
OUT_05833,122.78
OUT_05834,339.26
OUT_05835,120.68
OUT_05836,297.84
OUT_05837,308.75
OUT_05838,858.38
OUT_05839,126.28
OUT_05840,138.83
OUT_05841,136.07
OUT_05842,125.95
OUT_05843,645.77
OUT_05844,126.34
OUT_05845,336.81
OUT_05846,562.38
OUT_05847,469.88
OUT_05848,140.57
OUT_05849,551.9
OUT_05850,376.03
OUT_05852,621.57
OUT_05853,139.12
OUT_05854,627.9
OUT_05855,310.14
OUT_05856,393.91
OUT_05857,136.03
OUT_05858,132.4
OUT_05859,122.85
OUT_05860,145.18
OUT_05861,122.32
OUT_05862,126.59
OUT_05863,123.84
OUT_05864,127.57
OUT_05865,123.02
OUT_05866,128.86
OUT_05867,346.81
OUT_05868,388.26
OUT_05869,144.22
OUT_05870,574.58
OUT_05871,328.36
OUT_05872,127.3
OUT_05873,298.2
OUT_05874,164.65
OUT_05875,323.14
OUT_05876,121.74
OUT_05877,340.12
OUT_05878,127.09
OUT_05879,599.05
OUT_05880,134.56
OUT_05881,143.2
OUT_05882,329.56
OUT_05883,303.65
OUT_05884,338.87
OUT_05885,402.38
OUT_05886,308.23
OUT_05887,329.69
OUT_05888,138.21
OUT_05889,307.31
OUT_05890,560.59
OUT_05891,130.82
OUT_05892,580.34
OUT_05893,379.83
OUT_05894,617.02
OUT_05895,149.64
OUT_05896,134.79
OUT_05897,129.27
OUT_05898,127.37
OUT_05899,650.7
OUT_05900,314.4
OUT_05901,133.0
OUT_05902,355.43
OUT_05903,913.17
OUT_05904,122.55
OUT_05905,131.02
OUT_05906,151.4
OUT_05907,353.53
OUT_05908,134.54
OUT_05909,569.4
OUT_05910,133.36
OUT_05911,172.96
OUT_05912,143.71
OUT_05913,125.98
OUT_05914,141.17
OUT_05915,302.64
OUT_05916,304.92
OUT_05917,124.13
OUT_05918,304.8
OUT_05919,126.69
OUT_05920,126.1
OUT_05921,125.47
OUT_05922,299.18
OUT_05923,135.66
OUT_05924,297.46
OUT_05925,291.04
OUT_05926,125.92
OUT_05927,878.85
OUT_05928,130.08
OUT_05929,288.54
OUT_05930,126.1
OUT_05931,123.33
OUT_05932,298.32
OUT_05933,369.89
OUT_05934,130.89
OUT_05935,127.05
OUT_05936,868.59
OUT_05937,558.22
OUT_05938,897.31
OUT_05939,353.71
OUT_05940,895.26
OUT_05941,178.13
OUT_05942,123.29
OUT_05943,588.05
OUT_05944,177.72
OUT_05945,141.91
OUT_05946,129.69
OUT_05947,890.13
OUT_05948,547.44
OUT_05949,381.78
OUT_05950,127.09
OUT_05951,122.9
OUT_05952,124.79
OUT_05953,131.16
OUT_05954,157.56
OUT_05955,124.26
OUT_05956,580.44
OUT_05958,303.98
OUT_05959,128.41
OUT_05960,592.12
OUT_05961,119.69
OUT_05962,300.61
OUT_05963,135.01
OUT_05964,125.43
OUT_05965,341.91
OUT_05966,305.87
OUT_05967,122.79
OUT_05968,142.67
OUT_05970,312.98
OUT_05971,391.83
OUT_05972,129.49
OUT_05973,345.85
OUT_05974,125.36
OUT_05975,301.08
OUT_05976,133.25
OUT_05977,134.14
OUT_05978,391.09
OUT_05979,306.64
OUT_05980,158.9
OUT_05981,926.55
OUT_05982,325.22
OUT_05983,127.49
OUT_05984,636.92
OUT_05985,124.05
OUT_05986,157.61
OUT_05987,124.66
OUT_05988,344.36
OUT_05989,122.35
OUT_05990,194.62
OUT_05991,144.35
OUT_05992,582.26
OUT_05993,169.78
OUT_05994,163.45
OUT_05995,143.42
OUT_05997,129.58
OUT_05998,302.41
OUT_05999,132.69
OUT_06000,126.27
OUT_06001,121.05
OUT_06002,313.28
OUT_06003,176.02
OUT_06004,140.2
OUT_06005,358.98
OUT_06006,338.08
OUT_06008,303.29
OUT_06009,346.83
OUT_06010,135.18
OUT_06011,124.79
OUT_06012,576.57
OUT_06013,489.94
OUT_06014,378.69
OUT_06015,145.77
OUT_06016,549.46
OUT_06017,131.05
OUT_06018,127.9
OUT_06019,123.72
OUT_06020,311.13
OUT_06021,134.32
OUT_06022,140.01
OUT_06023,839.62
OUT_06024,171.67
OUT_06025,304.57
OUT_06026,567.7
OUT_06027,353.34
OUT_06029,159.23
OUT_06030,885.44
OUT_06031,123.82
OUT_06032,532.85
OUT_06033,922.77
OUT_06034,293.51
OUT_06035,122.2
OUT_06036,125.44
OUT_06037,302.58
OUT_06038,372.13
OUT_06039,307.98
OUT_06040,294.87
OUT_06041,564.07
OUT_06042,424.68
OUT_06043,170.3
OUT_06044,949.87
OUT_06045,136.29
OUT_06046,127.69
OUT_06047,679.36
OUT_06048,130.54
OUT_06049,593.56
OUT_06050,611.31
OUT_06051,121.89
OUT_06052,324.06
OUT_06053,314.44
OUT_06054,149.67
OUT_06055,307.63
OUT_06056,127.96
OUT_06057,401.58
OUT_06058,179.88
OUT_06059,296.46
OUT_06060,126.04
OUT_06061,304.73
OUT_06062,587.72
OUT_06063,363.55
OUT_06064,336.41
OUT_06065,339.38
OUT_06066,121.89
OUT_06067,136.02
OUT_06068,127.11
OUT_06069,159.9
OUT_06070,126.58
OUT_06071,127.86
OUT_06072,577.6
OUT_06073,123.96
OUT_06074,133.07
OUT_06075,349.89
OUT_06076,165.69
OUT_06077,149.34
OUT_06078,127.18
OUT_06079,195.46
OUT_06080,153.66
OUT_06081,926.99
OUT_06082,558.85
OUT_06083,847.76
OUT_06084,130.17
OUT_06085,125.04
OUT_06086,549.91
OUT_06087,356.96
OUT_06088,595.5
OUT_06089,136.1
OUT_06090,293.92
OUT_06091,140.46
OUT_06092,123.58
OUT_06093,939.74
OUT_06094,308.8
OUT_06095,122.17
OUT_06096,586.17
OUT_06097,652.62
OUT_06098,126.81
OUT_06099,140.12
OUT_06100,580.5
OUT_06101,296.5
OUT_06102,311.2
OUT_06103,631.55
OUT_06104,307.6
OUT_06105,142.08
OUT_06106,290.17
OUT_06107,538.97
OUT_06108,144.58
OUT_06109,544.69
OUT_06110,126.96
OUT_06111,138.93
OUT_06112,316.37
OUT_06113,125.67
OUT_06114,310.13
OUT_06115,341.55
OUT_06116,146.43
OUT_06117,127.1
OUT_06118,166.53
OUT_06119,911.31
OUT_06120,145.43
OUT_06121,125.71
OUT_06122,132.16
OUT_06123,297.57
OUT_06124,377.66
OUT_06125,137.81
OUT_06126,136.69
OUT_06127,335.59
OUT_06128,350.74
OUT_06129,131.24
OUT_06130,291.91
OUT_06132,186.73
OUT_06133,125.75
OUT_06134,291.26
OUT_06135,514.9
OUT_06136,605.25
OUT_06137,306.7
OUT_06138,163.38
OUT_06139,128.36
OUT_06140,132.44
OUT_06142,627.1
OUT_06143,127.36
OUT_06144,304.41
OUT_06145,314.16
OUT_06146,127.63
OUT_06147,308.57
OUT_06148,345.15
OUT_06149,304.51
OUT_06150,315.33
OUT_06151,908.16
OUT_06152,124.74
OUT_06153,137.91
OUT_06154,141.56
OUT_06155,551.01
OUT_06156,138.1
OUT_06157,538.01
OUT_06158,436.56
OUT_06159,883.92
OUT_06160,319.1
OUT_06161,377.33
OUT_06162,316.29
OUT_06163,169.33
OUT_06164,129.1
OUT_06165,331.86
OUT_06166,131.71
OUT_06167,325.17
OUT_06168,552.46
OUT_06169,123.52
OUT_06170,615.59
OUT_06171,123.46
OUT_06172,862.88
OUT_06173,130.59
OUT_06174,315.41
OUT_06175,150.94
OUT_06176,394.24
OUT_06177,120.81
OUT_06178,124.14
OUT_06179,124.82
OUT_06180,125.58
OUT_06181,385.05
OUT_06182,622.64
OUT_06183,128.78
OUT_06184,124.83
OUT_06185,293.06
OUT_06186,599.5
OUT_06187,131.75
OUT_06188,128.96
OUT_06190,127.8
OUT_06191,128.96
OUT_06192,402.02
OUT_06193,358.15
OUT_06194,143.25
OUT_06195,121.07
OUT_06196,133.72
OUT_06197,365.43
OUT_06198,127.48
OUT_06199,130.7
OUT_06200,311.27
OUT_06201,135.97
OUT_06202,158.46
OUT_06203,628.31
OUT_06204,129.77
OUT_06205,868.52
OUT_06206,289.68
OUT_06207,126.48
OUT_06208,128.52
OUT_06209,308.62
OUT_06210,917.12
OUT_06211,134.93
OUT_06212,349.94
OUT_06213,118.49
OUT_06214,360.26
OUT_06215,569.64
OUT_06216,130.62
OUT_06217,364.79
OUT_06218,368.77
OUT_06219,125.66
OUT_06220,126.81
OUT_06221,130.47
OUT_06222,132.39
OUT_06223,139.93
OUT_06224,370.55
OUT_06225,134.85
OUT_06226,120.6
OUT_06227,349.07
OUT_06228,579.85
OUT_06229,380.71
OUT_06230,129.0
OUT_06231,124.69
OUT_06232,566.03
OUT_06233,354.69
OUT_06234,132.58
OUT_06235,139.74
OUT_06236,333.68
OUT_06237,296.79
OUT_06238,384.34
OUT_06239,123.54
OUT_06240,129.64
OUT_06241,132.79
OUT_06242,488.8
OUT_06243,128.5
OUT_06244,341.97
OUT_06245,130.19
OUT_06246,593.16
OUT_06247,129.93
OUT_06248,123.97
OUT_06249,137.39
OUT_06250,374.74
OUT_06251,302.83
OUT_06252,564.0
OUT_06253,124.74
OUT_06254,123.68
OUT_06255,598.24
OUT_06256,128.93
OUT_06257,627.22
OUT_06258,132.72
OUT_06259,352.19
OUT_06260,123.57
OUT_06261,286.6
OUT_06262,554.52
OUT_06263,136.77
OUT_06264,894.27
OUT_06265,143.93
OUT_06266,318.55
OUT_06267,131.46
OUT_06268,138.9
OUT_06269,120.59
OUT_06270,128.41
OUT_06271,547.92
OUT_06272,309.76
OUT_06273,126.56
OUT_06274,127.45
OUT_06275,308.31
OUT_06276,342.04
OUT_06277,363.37
OUT_06278,860.46
OUT_06279,564.53
OUT_06280,299.41
OUT_06281,314.05
OUT_06282,123.51
OUT_06283,132.78
OUT_06284,529.47
OUT_06285,153.64
OUT_06286,122.83
OUT_06287,154.27
OUT_06288,172.73
OUT_06289,502.93
OUT_06290,125.59
OUT_06292,121.75
OUT_06293,318.27
OUT_06295,176.2
OUT_06296,290.98
OUT_06297,129.1
OUT_06298,128.19
OUT_06299,351.53
OUT_06300,298.89
OUT_06301,317.26
OUT_06302,140.85
OUT_06303,126.26
OUT_06304,940.56
OUT_06305,160.98
OUT_06306,127.39
OUT_06307,166.47
OUT_06308,334.62
OUT_06309,123.07
OUT_06310,125.67
OUT_06311,299.05
OUT_06312,155.32
OUT_06313,128.39
OUT_06314,127.01
OUT_06315,666.34
OUT_06316,355.33
OUT_06317,122.83
OUT_06318,124.2
OUT_06319,347.22
OUT_06320,304.18
OUT_06321,926.87
OUT_06322,158.46
OUT_06323,540.62
OUT_06324,161.72
OUT_06325,127.53
OUT_06326,328.31
OUT_06327,608.91
OUT_06328,307.28
OUT_06329,137.87
OUT_06330,126.52
OUT_06331,301.9
OUT_06332,588.86
OUT_06333,129.2
OUT_06334,120.77
OUT_06335,126.09
OUT_06336,506.04
OUT_06337,134.08
OUT_06338,126.09
OUT_06339,309.79
OUT_06341,280.57
OUT_06342,313.75
OUT_06343,129.99
OUT_06344,131.86
OUT_06345,126.67
OUT_06346,122.77
OUT_06347,307.54
OUT_06348,300.38
OUT_06349,308.8
OUT_06350,344.97
OUT_06351,311.55
OUT_06352,330.26
OUT_06353,301.04
OUT_06355,129.92
OUT_06356,867.68
OUT_06357,127.38
OUT_06358,913.81
OUT_06359,312.88
OUT_06360,124.75
OUT_06361,492.49
OUT_06362,140.39
OUT_06363,126.63
OUT_06364,136.82
OUT_06365,352.02
OUT_06366,124.51
OUT_06367,576.45
OUT_06368,150.65
OUT_06369,327.88
OUT_06370,563.42
OUT_06371,128.47
OUT_06372,320.2
OUT_06373,1024.42
OUT_06374,122.18
OUT_06375,630.85
OUT_06376,347.72
OUT_06377,294.27
OUT_06378,124.92
OUT_06379,340.94
OUT_06380,130.81
OUT_06381,939.96
OUT_06382,300.77
OUT_06383,125.24
OUT_06384,141.7
OUT_06385,126.94
OUT_06386,549.71
OUT_06387,923.35
OUT_06388,127.35
OUT_06389,123.3
OUT_06390,312.31
OUT_06391,135.54
OUT_06392,924.17
OUT_06393,121.68
OUT_06394,141.41
OUT_06395,130.25
OUT_06396,134.83
OUT_06397,126.72
OUT_06398,129.45
OUT_06399,314.69
OUT_06400,328.58
OUT_06401,149.47
OUT_06402,558.75
OUT_06403,609.41
OUT_06404,629.05
OUT_06405,304.79
OUT_06406,580.57
OUT_06407,150.31
OUT_06408,135.17
OUT_06409,160.41
OUT_06410,858.34
OUT_06411,131.38
OUT_06412,131.34
OUT_06413,379.84
OUT_06414,921.26
OUT_06415,296.32
OUT_06416,347.54
OUT_06417,901.0
OUT_06418,151.06
OUT_06419,134.4
OUT_06420,937.66
OUT_06421,127.14
OUT_06422,139.65
OUT_06423,125.93
OUT_06424,298.23
OUT_06425,136.74
OUT_06427,582.9
OUT_06428,129.15
OUT_06429,132.45
OUT_06430,299.81
OUT_06431,356.36
OUT_06432,600.52
OUT_06433,333.73
OUT_06434,301.57
OUT_06435,130.39
OUT_06436,660.66
OUT_06437,129.64
OUT_06438,168.72
OUT_06439,937.35
OUT_06440,398.25
OUT_06441,306.7
OUT_06442,306.61
OUT_06443,126.78
OUT_06444,137.7
OUT_06445,299.01
OUT_06446,131.33
OUT_06447,129.81
OUT_06448,157.27
OUT_06449,126.81
OUT_06450,130.53
OUT_06451,129.12
OUT_06452,124.87
OUT_06453,147.65
OUT_06454,397.33
OUT_06456,144.98
OUT_06457,125.87
OUT_06458,131.76
OUT_06459,130.78
OUT_06460,374.16
OUT_06461,156.75
OUT_06462,647.38
OUT_06463,173.36
OUT_06464,132.24
OUT_06465,300.92
OUT_06466,534.9
OUT_06467,308.45
OUT_06468,124.56
OUT_06469,122.09
OUT_06470,129.07
OUT_06471,338.27
OUT_06472,565.44
OUT_06473,304.28
OUT_06474,171.57
OUT_06475,342.17
OUT_06476,327.91
OUT_06477,125.58
OUT_06478,130.0
OUT_06479,122.11
OUT_06480,349.74
OUT_06481,302.06
OUT_06482,124.41
OUT_06483,127.72
OUT_06484,126.43
OUT_06485,139.09
OUT_06486,124.34
OUT_06487,309.4
OUT_06488,138.36
OUT_06489,142.96
OUT_06490,616.18
OUT_06491,129.26
OUT_06492,361.85
OUT_06493,327.69
OUT_06494,151.63
OUT_06495,126.94
OUT_06496,334.38
OUT_06497,145.7
OUT_06498,146.41
OUT_06499,873.88
OUT_06500,125.73
OUT_06501,584.64
OUT_06502,574.78
OUT_06503,134.98
OUT_06504,130.23
OUT_06505,132.88
OUT_06506,152.48
OUT_06507,585.03
OUT_06508,149.38
OUT_06509,305.78
OUT_06510,125.68
OUT_06511,124.61
OUT_06512,362.07
OUT_06513,125.01
OUT_06514,299.9
OUT_06515,302.12
OUT_06516,125.62
OUT_06517,160.87
OUT_06518,537.94
OUT_06519,372.5
OUT_06520,135.88
OUT_06521,129.26
OUT_06522,364.35
OUT_06523,391.3
OUT_06524,124.32
OUT_06525,142.44
OUT_06526,310.52
OUT_06527,128.62
OUT_06528,136.85
OUT_06529,607.06
OUT_06530,159.02
OUT_06531,325.86
OUT_06532,294.3
OUT_06533,132.16
OUT_06534,320.06
OUT_06535,487.67
OUT_06536,294.16
OUT_06537,128.42
OUT_06538,567.38
OUT_06539,129.34
OUT_06540,534.34
OUT_06541,146.85
OUT_06542,145.51
OUT_06543,310.03
OUT_06544,162.87
OUT_06545,616.92
OUT_06546,128.71
OUT_06547,123.24
OUT_06548,151.03
OUT_06549,128.05
OUT_06550,293.54
OUT_06551,328.22
OUT_06552,302.91
OUT_06553,375.66
OUT_06554,125.58
OUT_06555,310.44
OUT_06556,881.81
OUT_06557,339.75
OUT_06558,327.78
OUT_06559,596.84
OUT_06560,127.98
OUT_06561,420.95
OUT_06562,124.95
OUT_06563,140.49
OUT_06564,124.65
OUT_06565,552.97
OUT_06566,124.83
OUT_06567,145.03
OUT_06568,344.21
OUT_06569,154.27
OUT_06570,129.26
OUT_06571,293.69
OUT_06572,168.03
OUT_06573,126.16
OUT_06574,558.38
OUT_06575,310.99
OUT_06576,136.15
OUT_06577,123.26
OUT_06578,171.91
OUT_06579,564.57
OUT_06580,126.86
OUT_06581,127.65
OUT_06582,125.28
OUT_06583,132.47
OUT_06584,123.49
OUT_06585,120.53
OUT_06586,344.48
OUT_06588,177.06
OUT_06589,937.84
OUT_06590,633.07
OUT_06593,313.8
OUT_06594,126.46
OUT_06595,151.48
OUT_06596,305.27
OUT_06597,127.9
OUT_06598,121.9
OUT_06599,547.88
OUT_06600,389.28
OUT_06601,122.81
OUT_06602,140.85
OUT_06603,311.14
OUT_06604,401.09
OUT_06605,151.24
OUT_06606,129.33
OUT_06607,154.63
OUT_06608,553.75
OUT_06609,366.85
OUT_06610,131.9
OUT_06611,122.85
OUT_06612,360.72
OUT_06613,542.54
OUT_06614,127.74
OUT_06615,670.72
OUT_06616,323.03
OUT_06617,345.42
OUT_06618,142.54
OUT_06619,131.59
OUT_06620,130.3
OUT_06621,136.03
OUT_06622,128.42
OUT_06623,130.49
OUT_06624,352.87
OUT_06625,910.52
OUT_06626,420.86
OUT_06627,122.56
OUT_06628,331.14
OUT_06629,560.5
OUT_06630,301.04
OUT_06631,619.66
OUT_06632,159.55
OUT_06633,129.41
OUT_06634,329.74
OUT_06635,126.77
OUT_06636,151.19
OUT_06637,308.03
OUT_06638,129.91
OUT_06639,137.09
OUT_06640,121.07
OUT_06641,123.69
OUT_06642,169.13
OUT_06643,172.28
OUT_06644,119.6
OUT_06645,549.02
OUT_06646,309.09
OUT_06647,368.9
OUT_06648,505.41
OUT_06649,304.79
OUT_06650,142.46
OUT_06651,307.55
OUT_06652,158.57
OUT_06653,120.37
OUT_06654,121.0
OUT_06656,124.74
OUT_06657,336.39
OUT_06658,932.0
OUT_06659,127.11
OUT_06660,887.34
OUT_06661,119.1
OUT_06662,305.97
OUT_06663,870.42
OUT_06664,313.09
OUT_06665,146.26
OUT_06666,305.81
OUT_06667,127.75
OUT_06668,329.66
OUT_06669,131.53
OUT_06670,127.48
OUT_06671,137.11
OUT_06672,138.06
OUT_06673,138.32
OUT_06674,123.48
OUT_06675,133.17
OUT_06676,121.08
OUT_06677,588.24
OUT_06678,356.48
OUT_06679,325.79
OUT_06680,124.67
OUT_06681,125.63
OUT_06682,597.9
OUT_06683,129.14
OUT_06684,301.56
OUT_06685,127.4
OUT_06686,318.09
OUT_06687,128.11
OUT_06688,126.94
OUT_06690,411.84
OUT_06691,120.83
OUT_06692,396.25
OUT_06693,136.73
OUT_06694,366.2
OUT_06695,343.98
OUT_06696,615.36
OUT_06697,130.75
OUT_06698,609.1
OUT_06699,872.78
OUT_06700,127.13
OUT_06701,308.67
OUT_06702,348.94
OUT_06703,310.39
OUT_06704,408.44
OUT_06705,128.42
OUT_06706,351.23
OUT_06707,300.33
OUT_06708,122.77
OUT_06709,130.5
OUT_06710,316.9
OUT_06711,547.09
OUT_06712,129.32
OUT_06713,130.8
OUT_06714,123.91
OUT_06716,121.67
OUT_06717,340.26
OUT_06718,644.64
OUT_06719,131.43
OUT_06720,618.67
OUT_06721,303.13
OUT_06722,127.98
OUT_06723,126.1
OUT_06724,569.63
OUT_06725,524.67
OUT_06726,295.3
OUT_06727,311.33
OUT_06728,136.42
OUT_06729,124.74
OUT_06730,124.37
OUT_06731,130.37
OUT_06732,138.41
OUT_06733,842.95
OUT_06734,304.26
OUT_06735,127.63
OUT_06736,517.25
OUT_06737,136.8
OUT_06738,154.2
OUT_06739,307.85
OUT_06740,120.83
OUT_06741,299.17
OUT_06742,154.12
OUT_06743,132.96
OUT_06744,578.71
OUT_06745,339.36
OUT_06746,340.25
OUT_06747,566.17
OUT_06748,126.74
OUT_06749,356.92
OUT_06750,129.96
OUT_06751,292.86
OUT_06752,132.65
OUT_06753,348.06
OUT_06754,126.45
OUT_06755,124.66
OUT_06756,126.27
OUT_06757,123.48
OUT_06758,391.68
OUT_06759,141.55
OUT_06760,567.83
OUT_06761,140.7
OUT_06762,143.66
OUT_06763,597.14
OUT_06764,596.83
OUT_06765,321.14
OUT_06766,302.86
OUT_06767,364.91
OUT_06768,129.79
OUT_06769,127.56
OUT_06770,132.77
OUT_06771,125.94
OUT_06772,129.69
OUT_06773,308.88
OUT_06774,391.88
OUT_06775,348.56
OUT_06776,134.5
OUT_06777,598.11
OUT_06778,152.17
OUT_06779,161.41
OUT_06780,131.1
OUT_06781,121.86
OUT_06782,127.29
OUT_06783,174.52
OUT_06784,384.51
OUT_06785,351.45
OUT_06786,137.94
OUT_06787,136.89
OUT_06788,129.57
OUT_06789,153.4
OUT_06790,310.1
OUT_06791,132.78
OUT_06792,305.97
OUT_06793,341.83
OUT_06794,126.14
OUT_06795,319.54
OUT_06796,136.59
OUT_06797,563.31
OUT_06798,497.77
OUT_06799,132.54
OUT_06800,295.71
OUT_06801,131.23
OUT_06802,371.8
OUT_06803,410.61
OUT_06804,157.16
OUT_06805,135.91
OUT_06806,124.07
OUT_06808,351.31
OUT_06809,131.36
OUT_06810,844.92
OUT_06811,143.21
OUT_06812,121.95
OUT_06813,143.6
OUT_06814,122.08
OUT_06815,585.17
OUT_06816,318.58
OUT_06817,528.98
OUT_06818,936.99
OUT_06819,299.42
OUT_06820,198.06
OUT_06821,290.33
OUT_06822,127.65
OUT_06823,354.69
OUT_06824,147.58
OUT_06825,301.87
OUT_06826,675.73
OUT_06827,127.0
OUT_06829,124.21
OUT_06830,521.47
OUT_06831,300.16
OUT_06832,410.71
OUT_06833,306.67
OUT_06834,300.79
OUT_06835,120.47
OUT_06836,144.75
OUT_06837,291.06
OUT_06838,126.02
OUT_06839,576.65
OUT_06840,301.04
OUT_06841,295.64
OUT_06842,139.49
OUT_06843,587.03
OUT_06844,127.01
OUT_06845,299.66
OUT_06846,128.67
OUT_06847,127.69
OUT_06848,134.21
OUT_06849,381.17
OUT_06850,135.3
OUT_06851,315.57
OUT_06852,124.3
OUT_06853,124.93
OUT_06854,145.44
OUT_06855,340.13
OUT_06856,327.58
OUT_06857,131.8
OUT_06858,124.64
OUT_06859,121.78
OUT_06860,662.63
OUT_06861,123.21
OUT_06863,567.13
OUT_06864,128.56
OUT_06865,388.27
OUT_06866,341.37
OUT_06867,562.01
OUT_06868,121.31
OUT_06869,125.59
OUT_06870,139.72
OUT_06871,161.24
OUT_06872,130.8
OUT_06873,136.9
OUT_06874,124.3
OUT_06875,124.62
OUT_06876,134.28
OUT_06877,128.85
OUT_06878,134.24
OUT_06879,508.78
OUT_06880,516.04
OUT_06881,612.42
OUT_06882,546.42
OUT_06883,138.34
OUT_06884,381.37
OUT_06885,122.13
OUT_06886,313.7
OUT_06887,129.64
OUT_06888,630.44
OUT_06889,119.98
OUT_06890,137.03
OUT_06891,318.04
OUT_06892,127.19
OUT_06893,297.5
OUT_06894,382.78
OUT_06895,130.5
OUT_06897,306.13
OUT_06898,124.05
OUT_06899,148.4
OUT_06900,130.35
OUT_06901,309.28
OUT_06902,140.61
OUT_06903,127.63
OUT_06904,338.13
OUT_06905,318.93
OUT_06906,592.41
OUT_06907,130.52
OUT_06908,124.28
OUT_06909,128.4
OUT_06910,390.57
OUT_06911,127.14
OUT_06912,121.28
OUT_06913,124.27
OUT_06914,407.47
OUT_06915,624.35
OUT_06916,136.61
OUT_06917,134.07
OUT_06918,126.14
OUT_06919,129.21
OUT_06920,158.86
OUT_06921,124.15
OUT_06922,651.81
OUT_06923,128.72
OUT_06924,128.04
OUT_06925,125.71
OUT_06926,152.97
OUT_06927,148.71
OUT_06928,128.59
OUT_06929,122.07
OUT_06930,317.69
OUT_06931,132.99
OUT_06932,330.35
OUT_06933,335.55
OUT_06934,123.91
OUT_06935,123.78
OUT_06936,324.76
OUT_06937,143.7
OUT_06938,559.89
OUT_06939,376.16
OUT_06940,924.92
OUT_06941,302.18
OUT_06942,335.16
OUT_06943,359.48
OUT_06944,132.07
OUT_06945,140.34
OUT_06946,130.53
OUT_06947,306.23
OUT_06948,523.86
OUT_06949,332.06
OUT_06950,130.98
OUT_06951,143.48
OUT_06952,623.92
OUT_06953,145.69
OUT_06954,170.56
OUT_06955,136.99
OUT_06956,353.24
OUT_06957,148.24
OUT_06958,150.45
OUT_06959,125.06
OUT_06960,153.28
OUT_06961,135.34
OUT_06962,130.65
OUT_06963,298.83
OUT_06964,125.83
OUT_06965,171.51
OUT_06966,129.95
OUT_06967,335.81
OUT_06968,128.0
OUT_06969,184.75
OUT_06970,130.01
OUT_06971,135.71
OUT_06972,125.94
OUT_06973,127.7
OUT_06974,355.44
OUT_06975,149.45
OUT_06976,581.43
OUT_06977,338.81
OUT_06978,164.7
OUT_06979,124.03
OUT_06980,123.69
OUT_06981,907.38
OUT_06982,122.14
OUT_06983,131.42
OUT_06984,311.38
OUT_06985,976.22
OUT_06986,127.58
OUT_06988,330.59
OUT_06989,307.11
OUT_06990,556.64
OUT_06991,126.29
OUT_06992,143.0
OUT_06993,134.08
OUT_06994,131.25
OUT_06995,127.8
OUT_06996,550.14
OUT_06997,313.92
OUT_06999,373.91
OUT_07000,615.65
OUT_07001,308.33
OUT_07002,709.28
OUT_07003,379.96
OUT_07004,131.41
OUT_07005,154.12
OUT_07006,123.08
OUT_07007,351.06
OUT_07008,948.55
OUT_07009,387.43
OUT_07010,377.17
OUT_07011,128.53
OUT_07012,562.09
OUT_07013,860.41
OUT_07014,347.42
OUT_07015,134.16
OUT_07016,888.32
OUT_07017,136.27
OUT_07018,334.02
OUT_07019,125.07
OUT_07020,561.71
OUT_07021,363.99
OUT_07022,123.52
OUT_07023,141.25
OUT_07024,325.73
OUT_07025,141.29
OUT_07026,918.88
OUT_07027,907.31
OUT_07028,133.22
OUT_07030,149.18
OUT_07031,626.73
OUT_07032,309.34
OUT_07033,425.87
OUT_07034,126.69
OUT_07035,149.64
OUT_07036,122.04
OUT_07037,312.57
OUT_07038,132.17
OUT_07039,122.1
OUT_07040,312.28
OUT_07041,125.29
OUT_07042,328.53
OUT_07043,149.93
OUT_07044,323.4
OUT_07045,331.8
OUT_07046,335.24
OUT_07047,131.78
OUT_07048,596.6
OUT_07049,124.68
OUT_07050,293.2
OUT_07051,315.62
OUT_07052,136.43
OUT_07053,142.88
OUT_07054,314.65
OUT_07055,125.62
OUT_07056,584.59
OUT_07057,554.6
OUT_07058,300.55
OUT_07059,136.55
OUT_07060,136.99
OUT_07061,597.49
OUT_07062,305.58
OUT_07063,124.59
OUT_07064,325.09
OUT_07065,627.97
OUT_07066,122.69
OUT_07067,322.61
OUT_07068,925.26
OUT_07069,135.68
OUT_07070,329.75
OUT_07071,125.21
OUT_07072,126.76
OUT_07073,120.03
OUT_07074,146.81
OUT_07075,142.88
OUT_07076,159.92
OUT_07077,128.32
OUT_07078,290.0
OUT_07079,123.26
OUT_07080,914.29
OUT_07081,305.56
OUT_07082,127.53
OUT_07083,156.23
OUT_07084,126.89
OUT_07085,397.34
OUT_07086,128.89
OUT_07087,127.85
OUT_07088,297.1
OUT_07089,950.61
OUT_07090,338.89
OUT_07091,292.18
OUT_07092,140.55
OUT_07093,606.87
OUT_07094,304.15
OUT_07095,125.38
OUT_07096,298.9
OUT_07097,308.7
OUT_07098,177.35
OUT_07099,357.11
OUT_07100,147.92
OUT_07101,651.82
OUT_07102,132.93
OUT_07103,141.39
OUT_07104,126.88
OUT_07105,302.03
OUT_07106,133.64
OUT_07107,123.32
OUT_07108,514.41
OUT_07109,154.6
OUT_07110,172.72
OUT_07111,322.89
OUT_07112,312.65
OUT_07113,294.34
OUT_07114,340.97
OUT_07115,372.38
OUT_07116,134.58
OUT_07117,124.38
OUT_07118,127.92
OUT_07119,297.76
OUT_07120,333.02
OUT_07121,597.16
OUT_07122,610.88
OUT_07123,123.8
OUT_07124,584.8
OUT_07125,158.18
OUT_07126,349.92
OUT_07127,120.92
OUT_07128,132.41
OUT_07129,345.39
OUT_07130,134.71
OUT_07131,120.2
OUT_07132,339.3
OUT_07133,124.04
OUT_07134,124.6
OUT_07135,878.19
OUT_07136,123.66
OUT_07137,123.97
OUT_07138,636.63
OUT_07139,145.06
OUT_07140,136.45
OUT_07141,576.02
OUT_07142,141.07
OUT_07143,167.63
OUT_07144,630.11
OUT_07145,137.87
OUT_07146,136.08
OUT_07147,540.15
OUT_07148,677.33
OUT_07149,396.82
OUT_07150,547.16
OUT_07151,140.47
OUT_07152,149.06
OUT_07153,127.54
OUT_07154,126.68
OUT_07155,348.37
OUT_07156,637.77
OUT_07157,348.89
OUT_07158,135.75
OUT_07159,134.43
OUT_07160,143.64
OUT_07161,971.42
OUT_07162,130.82
OUT_07163,147.38
OUT_07164,128.2
OUT_07166,323.21
OUT_07167,178.6
OUT_07168,121.67
OUT_07169,334.04
OUT_07170,129.04
OUT_07171,124.25
OUT_07172,137.09
OUT_07173,137.81
OUT_07174,125.88
OUT_07175,122.38
OUT_07176,153.99
OUT_07177,870.2
OUT_07178,310.03
OUT_07179,139.71
OUT_07180,123.21
OUT_07181,303.21
OUT_07182,129.91
OUT_07183,602.66
OUT_07184,337.39
OUT_07185,154.54
OUT_07186,168.77
OUT_07187,500.38
OUT_07188,127.01
OUT_07189,128.17
OUT_07190,125.58
OUT_07191,126.09
OUT_07192,133.38
OUT_07193,369.37
OUT_07194,522.68
OUT_07195,583.98
OUT_07196,296.42
OUT_07197,136.37
OUT_07198,140.14
OUT_07199,298.55
OUT_07200,122.87
OUT_07201,316.72
OUT_07202,145.43
OUT_07203,364.46
OUT_07204,138.67
OUT_07206,121.85
OUT_07207,315.07
OUT_07208,148.65
OUT_07209,292.32
OUT_07210,128.07
OUT_07211,119.21
OUT_07212,356.19
OUT_07213,121.31
OUT_07214,544.45
OUT_07215,902.27
OUT_07216,123.68
OUT_07218,319.35
OUT_07219,565.18
OUT_07220,134.36
OUT_07221,120.69
OUT_07222,126.5
OUT_07223,140.17
OUT_07225,894.72
OUT_07226,123.78
OUT_07227,602.32
OUT_07228,129.91
OUT_07229,120.72
OUT_07230,129.5
OUT_07231,121.67
OUT_07232,303.32
OUT_07233,945.88
OUT_07234,123.18
OUT_07235,345.28
OUT_07236,168.03
OUT_07237,129.69
OUT_07238,128.39
OUT_07239,319.25
OUT_07240,146.55
OUT_07241,130.94
OUT_07242,125.89
OUT_07243,390.65
OUT_07244,159.91
OUT_07245,383.48
OUT_07246,154.84
OUT_07247,321.46
OUT_07248,129.66
OUT_07249,129.05
OUT_07250,906.13
OUT_07251,307.67
OUT_07252,362.63
OUT_07253,129.25
OUT_07254,139.31
OUT_07255,122.43
OUT_07256,301.68
OUT_07257,300.26
OUT_07258,589.03
OUT_07260,124.2
OUT_07261,174.95
OUT_07262,320.57
OUT_07263,515.49
OUT_07264,123.31
OUT_07265,122.73
OUT_07266,553.54
OUT_07267,126.34
OUT_07268,305.41
OUT_07269,291.5
OUT_07270,126.13
OUT_07271,126.98
OUT_07272,376.75
OUT_07273,612.94
OUT_07274,549.33
OUT_07275,120.58
OUT_07276,897.78
OUT_07277,130.94
OUT_07278,122.48
OUT_07279,128.48
OUT_07280,365.2
OUT_07281,579.7
OUT_07282,353.96
OUT_07283,139.82
OUT_07284,294.96
OUT_07285,884.95
OUT_07286,304.98
OUT_07287,126.41
OUT_07288,129.0
OUT_07289,562.19
OUT_07290,129.01
OUT_07291,155.51
OUT_07292,162.49
OUT_07293,149.08
OUT_07294,141.87
OUT_07295,133.07
OUT_07296,405.68
OUT_07297,143.22
OUT_07298,599.16
OUT_07299,140.56
OUT_07300,594.11
OUT_07301,121.72
OUT_07302,340.15
OUT_07303,133.03
OUT_07304,124.42
OUT_07305,531.36
OUT_07306,171.23
OUT_07307,621.38
OUT_07308,138.19
OUT_07309,133.11
OUT_07310,144.32
OUT_07311,377.69
OUT_07312,128.17
OUT_07313,138.98
OUT_07314,605.05
OUT_07315,301.48
OUT_07316,983.8
OUT_07317,551.61
OUT_07318,321.69
OUT_07319,133.75
OUT_07320,155.48
OUT_07321,927.98
OUT_07322,430.2
OUT_07323,124.29
OUT_07324,622.82
OUT_07325,145.3
OUT_07326,130.27
OUT_07327,559.49
OUT_07328,302.38
OUT_07329,396.66
OUT_07330,298.83
OUT_07331,581.17
OUT_07332,146.4
OUT_07333,352.26
OUT_07334,337.3
OUT_07335,635.57
OUT_07336,138.73
OUT_07337,139.47
OUT_07338,129.83
OUT_07340,137.61
OUT_07341,579.67
OUT_07342,127.97
OUT_07343,422.72
OUT_07344,146.18
OUT_07346,122.28
OUT_07347,347.2
OUT_07348,295.18
OUT_07349,516.51
OUT_07350,124.47
OUT_07351,327.99
OUT_07352,139.8
OUT_07353,134.01
OUT_07354,571.32
OUT_07355,128.39
OUT_07356,307.18
OUT_07357,304.04
OUT_07358,132.51
OUT_07359,132.25
OUT_07360,126.43
OUT_07361,140.32
OUT_07362,438.03
OUT_07363,132.63
OUT_07364,293.68
OUT_07365,134.2
OUT_07366,122.56
OUT_07367,600.61
OUT_07368,593.87
OUT_07370,127.54
OUT_07371,304.81
OUT_07372,173.84
OUT_07373,125.28
OUT_07374,529.92
OUT_07375,128.07
OUT_07376,377.28
OUT_07377,120.76
OUT_07378,526.22
OUT_07379,153.15
OUT_07380,515.3
OUT_07381,132.73
OUT_07382,301.6
OUT_07383,301.49
OUT_07384,127.48
OUT_07385,125.34
OUT_07386,533.38
OUT_07387,123.81
OUT_07388,898.45
OUT_07389,154.85
OUT_07390,571.63
OUT_07391,888.06
OUT_07392,143.12
OUT_07393,537.41
OUT_07394,128.54
OUT_07395,125.35
OUT_07396,331.25
OUT_07397,133.48
OUT_07398,127.37
OUT_07399,138.41
OUT_07400,349.91
OUT_07401,125.11
OUT_07402,342.58
OUT_07403,129.37
OUT_07404,126.97
OUT_07405,124.13
OUT_07406,134.15
OUT_07407,133.21
OUT_07408,925.82
OUT_07409,126.2
OUT_07410,295.72
OUT_07411,128.01
OUT_07412,124.04
OUT_07413,405.8
OUT_07414,359.13
OUT_07415,298.76
OUT_07416,392.25
OUT_07417,910.87
OUT_07418,621.97
OUT_07419,142.42
OUT_07420,289.59
OUT_07421,131.41
OUT_07422,526.28
OUT_07423,395.27
OUT_07424,122.11
OUT_07425,298.3
OUT_07426,339.29
OUT_07427,122.37
OUT_07428,328.64
OUT_07429,287.05
OUT_07430,131.92
OUT_07431,127.61
OUT_07432,604.65
OUT_07433,131.05
OUT_07434,131.88
OUT_07435,134.66
OUT_07436,130.58
OUT_07437,160.79
OUT_07438,129.26
OUT_07439,128.78
OUT_07440,353.81
OUT_07441,128.07
OUT_07442,129.74
OUT_07443,544.92
OUT_07444,371.51
OUT_07445,126.85
OUT_07446,129.18
OUT_07447,340.01
OUT_07448,295.98
OUT_07449,142.87
OUT_07450,149.93
OUT_07451,571.55
OUT_07452,315.76
OUT_07453,310.54
OUT_07454,128.58
OUT_07455,299.51
OUT_07456,589.72
OUT_07457,126.9
OUT_07458,309.17
OUT_07459,123.2
OUT_07460,185.96
OUT_07461,136.51
OUT_07462,293.77
OUT_07463,325.91
OUT_07464,358.09
OUT_07465,121.69
OUT_07466,570.65
OUT_07467,351.23
OUT_07468,136.31
OUT_07469,621.64
OUT_07470,126.02
OUT_07471,308.36
OUT_07472,555.96
OUT_07473,127.31
OUT_07474,890.66
OUT_07475,287.96
OUT_07476,124.45
OUT_07477,123.93
OUT_07478,125.94
OUT_07479,137.07
OUT_07480,609.89
OUT_07481,323.43
OUT_07482,140.61
OUT_07483,574.25
OUT_07484,307.0
OUT_07485,318.08
OUT_07486,293.67
OUT_07487,311.98
OUT_07488,347.23
OUT_07489,301.63
OUT_07490,529.64
OUT_07491,383.01
OUT_07492,1025.8
OUT_07493,293.45
OUT_07494,315.64
OUT_07495,376.16
OUT_07496,136.43
OUT_07497,295.49
OUT_07498,330.36
OUT_07499,359.27
OUT_07500,131.62
OUT_07501,308.44
OUT_07502,149.89
OUT_07503,303.69
OUT_07504,937.85
OUT_07505,635.52
OUT_07506,127.22
OUT_07507,128.17
OUT_07508,130.29
OUT_07509,157.95
OUT_07510,134.45
OUT_07511,124.4
OUT_07512,337.9
OUT_07513,326.27
OUT_07514,124.96
OUT_07515,489.87
OUT_07516,120.89
OUT_07517,124.07
OUT_07518,124.3
OUT_07519,948.3
OUT_07520,345.44
OUT_07521,142.55
OUT_07522,298.53
OUT_07523,142.25
OUT_07524,355.0
OUT_07525,136.72
OUT_07526,125.45
OUT_07527,179.21
OUT_07528,134.59
OUT_07529,126.13
OUT_07530,347.28
OUT_07531,160.1
OUT_07532,343.93
OUT_07533,353.88
OUT_07534,125.29
OUT_07535,298.41
OUT_07536,479.96
OUT_07537,123.25
OUT_07538,125.3
OUT_07539,372.18
OUT_07540,123.91
OUT_07541,125.02
OUT_07542,127.09
OUT_07543,148.1
OUT_07544,138.55
OUT_07545,352.51
OUT_07546,888.93
OUT_07547,296.87
OUT_07548,129.21
OUT_07549,127.56
OUT_07550,129.27
OUT_07551,132.41
OUT_07552,320.05
OUT_07553,884.37
OUT_07554,125.64
OUT_07555,125.6
OUT_07556,132.88
OUT_07557,578.8
OUT_07558,123.83
OUT_07559,124.63
OUT_07560,127.8
OUT_07561,314.87
OUT_07562,128.81
OUT_07563,325.56
OUT_07564,129.7
OUT_07565,137.84
OUT_07566,124.11
OUT_07567,132.07
OUT_07568,127.94
OUT_07569,127.13
OUT_07570,162.86
OUT_07571,305.6
OUT_07572,208.27
OUT_07573,124.15
OUT_07574,622.94
OUT_07575,130.5
OUT_07576,313.45
OUT_07577,152.34
OUT_07578,610.7
OUT_07579,143.92
OUT_07580,131.0
OUT_07581,614.89
OUT_07582,143.45
OUT_07583,168.11
OUT_07584,124.18
OUT_07585,126.07
OUT_07586,340.36
OUT_07587,571.61
OUT_07588,199.65
OUT_07589,125.99
OUT_07590,593.84
OUT_07591,570.42
OUT_07592,128.69
OUT_07593,346.96
OUT_07594,123.21
OUT_07595,132.19
OUT_07596,139.33
OUT_07597,124.47
OUT_07598,294.24
OUT_07599,129.24
OUT_07600,705.62
OUT_07601,128.77
OUT_07602,125.91
OUT_07603,128.1
OUT_07604,915.25
OUT_07605,645.25
OUT_07606,129.31
OUT_07607,128.14
OUT_07608,124.74
OUT_07609,364.93
OUT_07610,127.67
OUT_07611,313.67
OUT_07612,172.94
OUT_07613,156.76
OUT_07614,130.41
OUT_07615,298.55
OUT_07616,120.6
OUT_07617,637.32
OUT_07618,130.55
OUT_07619,309.18
OUT_07620,370.18
OUT_07621,358.45
OUT_07622,301.42
OUT_07623,124.28
OUT_07624,122.58
OUT_07626,143.71
OUT_07627,570.73
OUT_07628,121.23
OUT_07629,569.05
OUT_07630,138.23
OUT_07631,170.39
OUT_07632,125.8
OUT_07633,628.59
OUT_07634,128.7
OUT_07635,627.78
OUT_07636,634.6
OUT_07637,120.65
OUT_07638,303.66
OUT_07639,911.4
OUT_07640,127.18
OUT_07641,296.83
OUT_07642,181.88
OUT_07643,331.55
OUT_07644,184.91
OUT_07645,154.29
OUT_07646,335.33
OUT_07647,177.18
OUT_07648,134.5
OUT_07649,289.26
OUT_07650,372.21
OUT_07651,127.93
OUT_07652,134.22
OUT_07653,123.18
OUT_07654,294.1
OUT_07655,980.0
OUT_07656,126.13
OUT_07657,124.69
OUT_07658,895.29
OUT_07659,332.02
OUT_07660,126.74
OUT_07661,309.44
OUT_07662,295.26
OUT_07663,119.21
OUT_07664,321.25
OUT_07665,132.28
OUT_07666,145.36
OUT_07667,354.4
OUT_07668,127.81
OUT_07669,132.97
OUT_07670,130.3
OUT_07671,673.77
OUT_07672,125.14
OUT_07673,125.88
OUT_07674,531.73
OUT_07676,166.52
OUT_07677,527.04
OUT_07678,590.26
OUT_07679,558.59
OUT_07680,125.05
OUT_07681,367.76
OUT_07682,631.25
OUT_07683,131.35
OUT_07684,382.14
OUT_07685,604.29
OUT_07686,123.96
OUT_07687,954.79
OUT_07688,895.9
OUT_07689,309.84
OUT_07690,129.72
OUT_07691,128.39
OUT_07692,130.02
OUT_07693,387.46
OUT_07694,140.34
OUT_07695,128.02
OUT_07696,126.93
OUT_07697,147.54
OUT_07698,153.15
OUT_07699,126.97
OUT_07700,125.77
OUT_07701,125.13
OUT_07702,609.57
OUT_07703,885.42
OUT_07704,498.04
OUT_07705,358.47
OUT_07706,310.01
OUT_07707,129.63
OUT_07708,307.66
OUT_07709,329.99
OUT_07710,138.88
OUT_07711,130.46
OUT_07712,308.09
OUT_07713,401.53
OUT_07714,304.84
OUT_07715,294.83
OUT_07716,173.99
OUT_07717,121.09
OUT_07718,304.4
OUT_07719,124.24
OUT_07720,900.45
OUT_07721,352.11
OUT_07722,513.61
OUT_07723,128.2
OUT_07724,306.16
OUT_07725,337.82
OUT_07726,136.62
OUT_07727,159.17
OUT_07728,125.58
OUT_07729,130.46
OUT_07730,300.04
OUT_07731,147.33
OUT_07732,308.9
OUT_07733,130.87
OUT_07734,612.99
OUT_07735,125.62
OUT_07736,882.18
OUT_07737,127.27
OUT_07738,125.11
OUT_07739,377.15
OUT_07740,297.47
OUT_07741,128.45
OUT_07742,540.68
OUT_07743,131.63
OUT_07744,151.54
OUT_07745,131.37
OUT_07746,589.94
OUT_07747,341.26
OUT_07748,127.13
OUT_07749,301.6
OUT_07750,296.21
OUT_07751,161.48
OUT_07752,124.5
OUT_07753,321.71
OUT_07754,124.79
OUT_07755,324.98
OUT_07756,127.08
OUT_07757,123.55
OUT_07758,128.05
OUT_07759,142.93
OUT_07760,323.78
OUT_07761,128.2
OUT_07762,928.66
OUT_07763,311.06
OUT_07764,133.28
OUT_07765,912.28
OUT_07766,121.64
OUT_07767,163.44
OUT_07768,137.16
OUT_07769,504.34
OUT_07770,135.09
OUT_07771,328.94
OUT_07772,651.92
OUT_07773,316.7
OUT_07774,304.57
OUT_07775,557.51
OUT_07776,127.07
OUT_07777,123.07
OUT_07778,128.27
OUT_07779,148.77
OUT_07780,146.39
OUT_07781,442.74
OUT_07782,299.99
OUT_07783,134.66
OUT_07784,295.19
OUT_07785,319.02
OUT_07786,567.21
OUT_07787,614.2
OUT_07788,123.63
OUT_07789,124.98
OUT_07790,354.74
OUT_07791,653.99
OUT_07792,623.08
OUT_07793,596.46
OUT_07794,124.65
OUT_07795,574.74
OUT_07796,917.92
OUT_07797,127.54
OUT_07798,367.19
OUT_07799,130.38
OUT_07800,124.3
OUT_07801,604.37
OUT_07802,131.47
OUT_07803,150.84
OUT_07804,142.39
OUT_07805,121.62
OUT_07806,351.3
OUT_07807,122.42
OUT_07808,124.49
OUT_07809,321.46
OUT_07810,883.37
OUT_07811,157.0
OUT_07812,127.56
OUT_07813,126.84
OUT_07814,121.51
OUT_07815,831.62
OUT_07816,125.89
OUT_07817,619.45
OUT_07818,121.29
OUT_07819,308.32
OUT_07820,140.32
OUT_07821,127.2
OUT_07822,122.34
OUT_07823,540.35
OUT_07824,124.32
OUT_07825,326.01
OUT_07826,119.51
OUT_07827,379.31
OUT_07828,122.48
OUT_07830,595.52
OUT_07831,386.47
OUT_07832,574.22
OUT_07833,292.41
OUT_07834,398.7
OUT_07835,127.41
OUT_07836,332.9
OUT_07837,880.23
OUT_07838,345.04
OUT_07839,129.51
OUT_07840,355.83
OUT_07841,118.08
OUT_07842,134.19
OUT_07843,122.89
OUT_07844,132.91
OUT_07845,652.14
OUT_07846,309.36
OUT_07847,338.4
OUT_07848,131.28
OUT_07849,123.21
OUT_07850,124.96
OUT_07851,130.47
OUT_07852,176.1
OUT_07853,120.69
OUT_07854,121.53
OUT_07855,346.87
OUT_07856,329.81
OUT_07857,344.0
OUT_07858,591.35
OUT_07859,583.39
OUT_07860,336.54
OUT_07861,301.74
OUT_07862,130.38
OUT_07863,298.68
OUT_07864,345.74
OUT_07865,126.78
OUT_07866,165.88
OUT_07868,127.84
OUT_07869,285.33
OUT_07870,299.33
OUT_07871,169.13
OUT_07872,142.11
OUT_07873,121.8
OUT_07874,125.41
OUT_07875,602.08
OUT_07876,943.93
OUT_07877,926.76
OUT_07878,131.75
OUT_07879,667.2
OUT_07880,934.71
OUT_07881,123.76
OUT_07882,121.84
OUT_07883,591.13
OUT_07884,302.33
OUT_07885,124.47
OUT_07886,313.77
OUT_07887,127.47
OUT_07888,319.62
OUT_07889,131.3
OUT_07890,130.68
OUT_07891,141.74
OUT_07892,157.18
OUT_07893,653.76
OUT_07894,154.41
OUT_07895,129.61
OUT_07896,841.44
OUT_07897,519.7
OUT_07898,301.16
OUT_07899,423.28
OUT_07900,145.57
OUT_07901,629.96
OUT_07902,138.55
OUT_07903,124.24
OUT_07904,125.08
OUT_07905,126.87
OUT_07906,130.58
OUT_07907,126.23
OUT_07908,617.65
OUT_07909,296.52
OUT_07910,326.5
OUT_07911,560.8
OUT_07912,128.98
OUT_07913,146.01
OUT_07914,128.39
OUT_07915,299.39
OUT_07916,1056.23
OUT_07917,142.2
OUT_07918,146.55
OUT_07919,135.08
OUT_07920,398.23
OUT_07921,131.16
OUT_07922,131.24
OUT_07923,1085.86
OUT_07924,576.71
OUT_07925,854.05
OUT_07926,133.02
OUT_07927,150.47
OUT_07928,143.54
OUT_07929,121.77
OUT_07930,537.36
OUT_07931,139.04
OUT_07932,303.33
OUT_07933,133.08
OUT_07934,159.01
OUT_07935,608.78
OUT_07936,135.64
OUT_07937,183.32
OUT_07938,577.81
OUT_07939,296.82
OUT_07940,169.93
OUT_07941,321.45
OUT_07943,293.94
OUT_07944,144.3
OUT_07945,298.12
OUT_07946,156.53
OUT_07947,290.46
OUT_07948,297.9
OUT_07949,549.59
OUT_07950,125.45
OUT_07951,130.38
OUT_07952,126.62
OUT_07953,127.43
OUT_07954,330.14
OUT_07955,343.57
OUT_07956,359.15
OUT_07957,334.22
OUT_07958,126.91
OUT_07959,162.11
OUT_07960,123.89
OUT_07961,135.67
OUT_07962,292.74
OUT_07963,128.55
OUT_07964,123.06
OUT_07965,323.34
OUT_07966,332.1
OUT_07967,585.78
OUT_07968,139.55
OUT_07969,353.79
OUT_07970,569.01
OUT_07971,627.44
OUT_07972,332.29
OUT_07973,163.44
OUT_07974,348.86
OUT_07975,129.6
OUT_07976,165.44
OUT_07977,126.27
OUT_07978,329.73
OUT_07979,129.94
OUT_07980,814.46
OUT_07981,126.57
OUT_07982,136.83
OUT_07983,159.19
OUT_07984,127.64
OUT_07985,617.62
OUT_07986,133.83
OUT_07987,157.32
OUT_07988,183.12
OUT_07989,161.58
OUT_07990,135.59
OUT_07991,589.99
OUT_07992,140.66
OUT_07993,590.74
OUT_07994,124.87
OUT_07995,133.4
OUT_07996,127.04
OUT_07997,372.57
OUT_07998,136.01
OUT_07999,158.81
OUT_08000,123.01
OUT_08001,615.97
OUT_08002,308.33
OUT_08003,129.9
OUT_08004,169.1
OUT_08005,122.2
OUT_08006,131.41
OUT_08007,140.78
OUT_08008,348.55
OUT_08009,122.42
OUT_08010,311.32
OUT_08011,168.96
OUT_08012,129.03
OUT_08013,294.52
OUT_08014,294.57
OUT_08015,541.67
OUT_08016,135.17
OUT_08017,122.82
OUT_08018,133.61
OUT_08019,294.08
OUT_08020,163.9
OUT_08021,125.7
OUT_08022,346.19
OUT_08023,309.14
OUT_08024,125.58
OUT_08025,578.69
OUT_08026,362.14
OUT_08027,152.46
OUT_08028,126.37
OUT_08029,576.06
OUT_08030,478.99
OUT_08031,125.85
OUT_08032,912.28
OUT_08033,848.2
OUT_08034,125.17
OUT_08035,326.35
OUT_08036,148.98
OUT_08037,667.12
OUT_08038,370.76
OUT_08039,592.03
OUT_08040,122.47
OUT_08041,544.85
OUT_08042,345.46
OUT_08043,159.74
OUT_08044,136.05
OUT_08045,841.17
OUT_08046,126.82
OUT_08047,884.37
OUT_08048,166.14
OUT_08049,153.61
OUT_08050,542.31
OUT_08051,175.19
OUT_08052,354.44
OUT_08053,153.23
OUT_08054,128.81
OUT_08055,506.3
OUT_08056,136.65
OUT_08057,296.6
OUT_08058,301.63
OUT_08059,669.78
OUT_08060,127.98
OUT_08061,161.68
OUT_08062,538.36
OUT_08063,355.99
OUT_08064,133.49
OUT_08065,292.72
OUT_08066,615.36
OUT_08067,628.15
OUT_08068,124.58
OUT_08069,308.01
OUT_08070,292.19
OUT_08071,121.76
OUT_08072,316.09
OUT_08073,129.5
OUT_08074,122.52
OUT_08075,295.35
OUT_08076,318.17
OUT_08077,146.34
OUT_08078,284.59
OUT_08079,861.73
OUT_08080,321.17
OUT_08081,143.39
OUT_08082,308.72
OUT_08083,663.81
OUT_08084,124.57
OUT_08085,125.5
OUT_08087,133.12
OUT_08088,309.14
OUT_08089,131.63
OUT_08090,851.71
OUT_08091,344.57
OUT_08092,151.53
OUT_08093,293.09
OUT_08094,127.95
OUT_08095,127.66
OUT_08096,150.97
OUT_08097,561.85
OUT_08098,296.28
OUT_08099,528.8
OUT_08100,925.38
OUT_08101,142.72
OUT_08102,297.18
OUT_08103,126.58
OUT_08104,124.78
OUT_08105,312.61
OUT_08106,143.18
OUT_08107,303.11
OUT_08108,128.89
OUT_08109,908.58
OUT_08110,131.67
OUT_08111,300.56
OUT_08112,603.7
OUT_08113,123.74
OUT_08114,521.79
OUT_08115,126.39
OUT_08116,318.02
OUT_08117,151.46
OUT_08118,660.12
OUT_08119,131.39
OUT_08120,496.27
OUT_08121,133.28
OUT_08122,136.8
OUT_08123,292.36
OUT_08124,127.1
OUT_08125,361.96
OUT_08126,559.38
OUT_08127,555.28
OUT_08128,511.2
OUT_08129,597.07
OUT_08130,130.77
OUT_08131,532.54
OUT_08132,129.38
OUT_08133,124.52
OUT_08134,306.42
OUT_08135,334.77
OUT_08136,125.67
OUT_08137,293.41
OUT_08138,510.76
OUT_08139,301.42
OUT_08140,629.92
OUT_08141,137.17
OUT_08142,141.91
OUT_08143,329.1
OUT_08144,132.0
OUT_08145,517.22
OUT_08146,140.1
OUT_08147,134.36
OUT_08148,329.48
OUT_08150,160.13
OUT_08151,305.5
OUT_08152,130.74
OUT_08153,297.49
OUT_08154,295.87
OUT_08155,128.31
OUT_08156,134.07
OUT_08157,133.9
OUT_08158,553.85
OUT_08159,934.63
OUT_08160,542.61
OUT_08161,137.99
OUT_08162,147.39
OUT_08163,122.75
OUT_08164,145.1
OUT_08165,384.32
OUT_08166,159.01
OUT_08167,328.1
OUT_08168,123.27
OUT_08169,149.26
OUT_08170,131.22
OUT_08171,154.56
OUT_08172,343.15
OUT_08173,288.16
OUT_08174,146.16
OUT_08175,644.6
OUT_08176,126.35
OUT_08177,569.68
OUT_08178,329.23
OUT_08179,684.6
OUT_08180,131.21
OUT_08181,304.62
OUT_08182,353.99
OUT_08183,152.63
OUT_08184,143.19
OUT_08185,123.33
OUT_08186,637.68
OUT_08187,561.2
OUT_08188,297.8
OUT_08189,126.84
OUT_08190,324.04
OUT_08191,120.58
OUT_08192,313.42
OUT_08193,130.02
OUT_08194,129.4
OUT_08195,621.3
OUT_08196,305.08
OUT_08197,126.93
OUT_08198,297.61
OUT_08199,374.71
OUT_08200,125.73
OUT_08201,907.47
OUT_08202,143.29
OUT_08203,135.98
OUT_08204,191.56
OUT_08205,139.86
OUT_08206,594.63
OUT_08207,124.3
OUT_08208,315.43
OUT_08209,327.42
OUT_08210,125.16
OUT_08211,128.08
OUT_08212,137.65
OUT_08213,129.47
OUT_08214,127.8
OUT_08215,358.61
OUT_08216,480.07
OUT_08217,618.38
OUT_08218,1013.73
OUT_08219,295.49
OUT_08220,156.78
OUT_08221,612.04
OUT_08222,574.47
OUT_08223,124.14
OUT_08224,152.68
OUT_08225,613.6
OUT_08226,924.41
OUT_08227,581.76
OUT_08228,633.53
OUT_08230,348.41
OUT_08231,905.17
OUT_08232,125.29
OUT_08233,628.14
OUT_08234,617.12
OUT_08235,127.06
OUT_08236,173.23
OUT_08237,570.35
OUT_08239,297.17
OUT_08240,131.98
OUT_08241,653.28
OUT_08242,128.65
OUT_08243,562.93
OUT_08244,123.61
OUT_08245,140.14
OUT_08246,122.7
OUT_08247,318.62
OUT_08248,128.99
OUT_08250,125.45
OUT_08251,328.99
OUT_08252,147.22
OUT_08253,132.27
OUT_08254,350.73
OUT_08255,320.59
OUT_08256,144.12
OUT_08257,312.59
OUT_08258,375.37
OUT_08259,298.98
OUT_08260,648.76
OUT_08261,552.29
OUT_08262,302.25
OUT_08263,124.27
OUT_08264,361.8
OUT_08265,123.53
OUT_08266,125.02
OUT_08267,315.42
OUT_08268,123.36
OUT_08269,136.99
OUT_08270,305.2
OUT_08271,682.63
OUT_08272,362.03
OUT_08273,712.97
OUT_08274,135.85
OUT_08275,605.31
OUT_08276,126.05
OUT_08277,309.48
OUT_08278,938.63
OUT_08279,352.89
OUT_08280,554.35
OUT_08281,545.16
OUT_08282,132.32
OUT_08283,127.73
OUT_08284,155.87
OUT_08285,147.16
OUT_08286,290.56
OUT_08287,344.57
OUT_08288,318.77
OUT_08289,139.4
OUT_08290,128.53
OUT_08292,680.81
OUT_08293,124.8
OUT_08294,331.27
OUT_08295,123.49
OUT_08296,932.03
OUT_08297,132.2
OUT_08298,959.43
OUT_08299,126.12
OUT_08300,300.24
OUT_08301,137.91
OUT_08302,122.07
OUT_08303,303.95
OUT_08304,872.79
OUT_08305,680.92
OUT_08306,132.25
OUT_08307,556.84
OUT_08308,377.34
OUT_08309,354.92
OUT_08310,303.26
OUT_08311,123.92
OUT_08312,163.03
OUT_08313,624.95
OUT_08314,124.19
OUT_08315,125.49
OUT_08316,130.46
OUT_08317,151.26
OUT_08318,130.03
OUT_08319,335.22
OUT_08320,334.77
OUT_08321,318.18
OUT_08322,140.95
OUT_08323,295.9
OUT_08324,125.43
OUT_08325,306.42
OUT_08326,348.43
OUT_08327,631.26
OUT_08328,355.73
OUT_08329,346.56
OUT_08330,572.12
OUT_08331,603.43
OUT_08332,577.65
OUT_08333,141.23
OUT_08334,126.59
OUT_08335,308.39
OUT_08336,169.66
OUT_08337,124.21
OUT_08338,342.01
OUT_08339,155.99
OUT_08340,376.38
OUT_08341,135.44
OUT_08342,393.87
OUT_08343,156.44
OUT_08344,125.19
OUT_08345,124.18
OUT_08346,287.47
OUT_08347,582.08
OUT_08348,557.67
OUT_08349,127.91
OUT_08350,130.01
OUT_08351,345.09
OUT_08352,165.77
OUT_08353,122.66
OUT_08354,143.21
OUT_08355,565.87
OUT_08356,390.66
OUT_08357,306.37
OUT_08358,302.06
OUT_08359,126.06
OUT_08360,606.62
OUT_08361,376.69
OUT_08362,652.36
OUT_08363,126.19
OUT_08364,127.74
OUT_08365,121.69
OUT_08366,141.16
OUT_08367,122.98
OUT_08368,140.5
OUT_08369,124.55
OUT_08370,122.53
OUT_08371,329.45
OUT_08372,134.21
OUT_08373,125.93
OUT_08374,167.72
OUT_08375,126.68
OUT_08376,128.83
OUT_08377,326.13
OUT_08378,294.65
OUT_08379,124.32
OUT_08380,356.73
OUT_08381,123.61
OUT_08382,626.21
OUT_08383,124.03
OUT_08384,121.57
OUT_08385,142.73
OUT_08386,294.74
OUT_08387,368.93
OUT_08388,334.15
OUT_08389,126.08
OUT_08390,304.3
OUT_08391,131.96
OUT_08392,129.86
OUT_08393,124.38
OUT_08394,126.29
OUT_08395,122.86
OUT_08396,365.7
OUT_08397,125.03
OUT_08398,308.94
OUT_08399,140.04
OUT_08400,629.12
OUT_08401,134.18
OUT_08402,804.46
OUT_08403,153.82
OUT_08404,131.71
OUT_08405,135.7
OUT_08406,362.52
OUT_08407,130.28
OUT_08408,651.34
OUT_08409,124.22
OUT_08410,124.5
OUT_08411,297.69
OUT_08412,137.2
OUT_08413,295.08
OUT_08414,329.14
OUT_08415,133.23
OUT_08416,119.87
OUT_08417,126.17
OUT_08418,136.04
OUT_08419,150.07
OUT_08420,153.8
OUT_08421,288.32
OUT_08422,293.36
OUT_08423,120.06
OUT_08424,128.31
OUT_08425,138.85
OUT_08426,146.96
OUT_08427,603.65
OUT_08428,136.07
OUT_08429,172.73
OUT_08430,135.55
OUT_08431,131.63
OUT_08432,903.22
OUT_08433,142.71
OUT_08434,122.42
OUT_08435,124.02
OUT_08436,374.83
OUT_08437,569.02
OUT_08438,658.82
OUT_08439,152.72
OUT_08440,143.29
OUT_08441,125.97
OUT_08442,946.34
OUT_08443,302.82
OUT_08444,308.28
OUT_08445,122.12
OUT_08446,316.8
OUT_08447,125.62
OUT_08448,307.22
OUT_08449,556.43
OUT_08450,123.94
OUT_08451,320.48
OUT_08452,961.61
OUT_08453,139.75
OUT_08455,584.41
OUT_08456,130.91
OUT_08457,549.59
OUT_08458,580.19
OUT_08459,311.44
OUT_08460,124.65
OUT_08461,306.42
OUT_08462,127.9
OUT_08463,376.32
OUT_08464,582.61
OUT_08465,307.09
OUT_08466,307.73
OUT_08467,144.43
OUT_08468,337.02
OUT_08469,311.15
OUT_08470,358.79
OUT_08471,134.15
OUT_08472,348.51
OUT_08473,365.41
OUT_08474,667.13
OUT_08475,124.89
OUT_08476,163.37
OUT_08477,582.31
OUT_08478,142.36
OUT_08479,294.73
OUT_08480,292.29
OUT_08481,124.18
OUT_08482,342.42
OUT_08484,830.05
OUT_08485,872.02
OUT_08486,136.39
OUT_08487,128.56
OUT_08488,125.73
OUT_08489,548.08
OUT_08490,328.39
OUT_08491,327.24
OUT_08492,398.61
OUT_08493,606.75
OUT_08494,154.25
OUT_08496,573.67
OUT_08497,134.22
OUT_08498,121.15
OUT_08499,123.82
OUT_08500,123.08
OUT_08501,148.06
OUT_08502,608.02
OUT_08503,124.37
OUT_08504,309.21
OUT_08505,162.91
OUT_08506,585.63
OUT_08507,143.66
OUT_08508,298.74
OUT_08509,132.24
OUT_08510,157.77
OUT_08511,132.19
OUT_08512,596.16
OUT_08513,166.35
OUT_08514,161.3
OUT_08515,307.45
OUT_08516,134.46
OUT_08517,647.24
OUT_08518,326.5
OUT_08519,119.99
OUT_08520,133.51
OUT_08521,124.86
OUT_08522,123.74
OUT_08523,311.35
OUT_08524,385.53
OUT_08525,338.63
OUT_08526,926.15
OUT_08527,152.82
OUT_08528,125.28
OUT_08529,125.15
OUT_08530,401.54
OUT_08531,130.05
OUT_08532,339.92
OUT_08533,125.83
OUT_08534,127.51
OUT_08535,129.85
OUT_08536,129.94
OUT_08537,479.48
OUT_08538,128.71
OUT_08539,298.16
OUT_08541,481.11
OUT_08542,132.14
OUT_08543,315.45
OUT_08544,547.18
OUT_08545,140.58
OUT_08546,123.03
OUT_08547,145.31
OUT_08548,131.28
OUT_08549,818.61
OUT_08550,552.32
OUT_08551,137.43
OUT_08552,561.55
OUT_08553,297.7
OUT_08554,124.88
OUT_08555,542.46
OUT_08556,351.06
OUT_08557,129.32
OUT_08558,126.22
OUT_08559,509.05
OUT_08560,316.4
OUT_08561,291.46
OUT_08562,128.06
OUT_08563,345.1
OUT_08565,619.68
OUT_08566,328.91
OUT_08567,127.06
OUT_08568,557.33
OUT_08569,128.51
OUT_08570,135.07
OUT_08571,172.77
OUT_08572,145.4
OUT_08573,327.66
OUT_08574,307.47
OUT_08575,300.9
OUT_08576,122.14
OUT_08577,302.64
OUT_08578,340.61
OUT_08579,129.39
OUT_08580,127.35
OUT_08581,350.73
OUT_08582,347.24
OUT_08583,876.95
OUT_08584,127.09
OUT_08585,127.68
OUT_08586,180.05
OUT_08587,155.17
OUT_08588,345.84
OUT_08589,125.41
OUT_08590,308.83
OUT_08591,187.29
OUT_08592,328.59
OUT_08593,135.01
OUT_08594,123.88
OUT_08595,380.35
OUT_08596,328.19
OUT_08597,127.2
OUT_08598,129.25
OUT_08599,123.54
OUT_08600,127.81
OUT_08601,142.41
OUT_08602,392.38
OUT_08604,140.17
OUT_08605,145.43
OUT_08608,337.65
OUT_08609,125.01
OUT_08610,127.84
OUT_08611,295.69
OUT_08612,128.17
OUT_08613,351.27
OUT_08614,924.99
OUT_08615,126.47
OUT_08617,127.04
OUT_08618,305.36
OUT_08619,567.18
OUT_08620,136.45
OUT_08621,155.12
OUT_08622,126.61
OUT_08623,328.0
OUT_08624,138.13
OUT_08625,890.64
OUT_08626,314.27
OUT_08627,132.97
OUT_08628,123.64
OUT_08629,145.22
OUT_08630,573.49
OUT_08631,661.63
OUT_08632,124.64
OUT_08633,153.51
OUT_08634,153.4
OUT_08635,125.37
OUT_08636,882.71
OUT_08637,160.31
OUT_08638,374.61
OUT_08639,130.88
OUT_08640,287.78
OUT_08641,352.31
OUT_08642,660.16
OUT_08643,335.18
OUT_08645,126.02
OUT_08646,127.32
OUT_08647,610.84
OUT_08648,300.36
OUT_08649,140.25
OUT_08650,304.13
OUT_08651,949.22
OUT_08652,600.37
OUT_08653,604.38
OUT_08654,125.22
OUT_08655,356.68
OUT_08656,300.93
OUT_08657,400.13
OUT_08658,674.87
OUT_08659,130.02
OUT_08660,895.0
OUT_08661,129.29
OUT_08662,125.76
OUT_08663,121.49
OUT_08664,124.85
OUT_08665,598.44
OUT_08666,1015.17
OUT_08667,131.15
OUT_08668,156.74
OUT_08669,171.71
OUT_08670,612.75
OUT_08671,132.93
OUT_08672,131.01
OUT_08673,646.36
OUT_08674,355.81
OUT_08675,121.91
OUT_08676,881.92
OUT_08677,136.22
OUT_08678,139.99
OUT_08679,307.3
OUT_08680,362.09
OUT_08681,148.92
OUT_08682,571.23
OUT_08683,127.01
OUT_08684,124.11
OUT_08685,129.39
OUT_08686,341.42
OUT_08687,145.26
OUT_08688,124.57
OUT_08689,127.81
OUT_08690,123.81
OUT_08691,302.58
OUT_08692,306.79
OUT_08693,348.52
OUT_08694,300.43
OUT_08695,539.28
OUT_08696,125.88
OUT_08697,127.76
OUT_08698,359.59
OUT_08699,373.33
OUT_08700,408.11
OUT_08701,289.34
OUT_08702,306.17
OUT_08703,127.54
OUT_08704,621.09
OUT_08705,292.63
OUT_08706,158.31
OUT_08707,138.04
OUT_08708,601.82
OUT_08709,141.71
OUT_08711,148.0
OUT_08712,121.04
OUT_08713,126.59
OUT_08714,315.42
OUT_08715,120.4
OUT_08716,842.19
OUT_08717,320.97
OUT_08718,120.62
OUT_08719,384.07
OUT_08720,124.64
OUT_08721,570.35
OUT_08722,303.18
OUT_08724,120.58
OUT_08725,120.58
OUT_08726,130.59
OUT_08727,126.37
OUT_08728,392.94
OUT_08729,172.45
OUT_08730,132.21
OUT_08731,130.27
OUT_08732,154.06
OUT_08733,152.84
OUT_08734,127.83
OUT_08735,293.22
OUT_08736,538.54
OUT_08737,118.56
OUT_08738,318.27
OUT_08739,1006.17
OUT_08740,129.22
OUT_08741,135.91
OUT_08742,132.7
OUT_08743,129.35
OUT_08744,143.53
OUT_08745,332.06
OUT_08746,129.62
OUT_08747,146.23
OUT_08748,124.78
OUT_08749,416.13
OUT_08750,309.78
OUT_08751,311.38
OUT_08752,135.1
OUT_08753,556.61
OUT_08754,133.34
OUT_08755,127.61
OUT_08756,645.8
OUT_08757,123.75
OUT_08758,143.5
OUT_08759,571.48
OUT_08760,129.12
OUT_08761,669.69
OUT_08762,120.94
OUT_08763,320.43
OUT_08765,123.98
OUT_08766,135.05
OUT_08767,542.33
OUT_08768,131.52
OUT_08769,120.27
OUT_08770,330.94
OUT_08771,300.6
OUT_08772,306.09
OUT_08773,125.34
OUT_08774,127.22
OUT_08775,282.41
OUT_08776,584.47
OUT_08777,134.97
OUT_08778,125.31
OUT_08779,131.66
OUT_08780,599.6
OUT_08781,327.29
OUT_08782,366.6
OUT_08783,561.37
OUT_08784,323.51
OUT_08785,634.05
OUT_08786,127.36
OUT_08787,309.25
OUT_08788,122.74
OUT_08789,605.61
OUT_08790,131.19
OUT_08791,329.29
OUT_08792,128.44
OUT_08793,122.99
OUT_08794,305.24
OUT_08795,134.22
OUT_08796,140.42
OUT_08797,129.65
OUT_08798,119.34
OUT_08799,135.63
OUT_08800,140.48
OUT_08801,310.22
OUT_08802,134.07
OUT_08803,295.66
OUT_08804,163.77
OUT_08805,875.09
OUT_08806,119.85
OUT_08807,319.0
OUT_08808,306.32
OUT_08809,127.33
OUT_08810,124.78
OUT_08811,147.41
OUT_08812,151.93
OUT_08813,130.07
OUT_08814,123.1
OUT_08815,546.66
OUT_08816,135.18
OUT_08817,306.22
OUT_08818,416.56
OUT_08819,332.3
OUT_08820,130.85
OUT_08821,305.93
OUT_08822,315.2
OUT_08823,351.08
OUT_08824,124.71
OUT_08825,129.03
OUT_08826,596.72
OUT_08827,948.97
OUT_08828,130.1
OUT_08829,127.76
OUT_08830,128.65
OUT_08831,907.44
OUT_08832,127.31
OUT_08833,124.78
OUT_08834,160.94
OUT_08835,880.08
OUT_08836,124.66
OUT_08837,299.53
OUT_08838,320.36
OUT_08839,133.25
OUT_08840,608.47
OUT_08841,571.05
OUT_08842,127.04
OUT_08843,605.71
OUT_08844,298.65
OUT_08845,320.9
OUT_08846,411.82
OUT_08847,311.79
OUT_08848,347.09
OUT_08849,310.22
OUT_08850,565.2
OUT_08851,128.02
OUT_08852,138.75
OUT_08853,527.88
OUT_08854,128.65
OUT_08855,669.89
OUT_08856,128.83
OUT_08857,295.24
OUT_08858,347.16
OUT_08859,122.39
OUT_08860,497.16
OUT_08861,125.3
OUT_08862,156.14
OUT_08863,128.01
OUT_08864,150.37
OUT_08865,366.69
OUT_08866,125.91
OUT_08867,127.45
OUT_08868,129.35
OUT_08869,298.9
OUT_08870,130.75
OUT_08871,528.74
OUT_08872,868.01
OUT_08873,148.82
OUT_08874,182.46
OUT_08875,323.4
OUT_08876,141.49
OUT_08877,628.2
OUT_08878,298.71
OUT_08879,322.36
OUT_08880,127.59
OUT_08881,126.9
OUT_08882,122.74
OUT_08883,604.09
OUT_08884,619.1
OUT_08885,145.22
OUT_08886,576.87
OUT_08887,306.46
OUT_08888,131.1
OUT_08889,133.65
OUT_08891,605.68
OUT_08892,337.18
OUT_08893,356.91
OUT_08894,159.92
OUT_08895,575.98
OUT_08896,124.47
OUT_08897,333.11
OUT_08898,640.68
OUT_08899,343.86
OUT_08900,128.86
OUT_08901,156.65
OUT_08902,360.73
OUT_08903,129.53
OUT_08904,171.01
OUT_08905,125.55
OUT_08906,335.07
OUT_08907,320.38
OUT_08908,152.07
OUT_08909,124.57
OUT_08910,552.72
OUT_08911,123.24
OUT_08912,297.73
OUT_08913,570.01
OUT_08914,629.31
OUT_08915,135.96
OUT_08916,129.52
OUT_08917,124.48
OUT_08918,309.21
OUT_08919,157.54
OUT_08920,132.45
OUT_08921,623.26
OUT_08922,305.71
OUT_08923,134.52
OUT_08924,362.22
OUT_08925,620.98
OUT_08926,174.51
OUT_08927,294.54
OUT_08928,557.5
OUT_08929,827.06
OUT_08930,133.67
OUT_08931,128.27
OUT_08932,127.58
OUT_08933,316.32
OUT_08934,301.76
OUT_08935,311.26
OUT_08936,133.29
OUT_08937,175.83
OUT_08938,582.33
OUT_08939,122.44
OUT_08940,135.35
OUT_08941,123.25
OUT_08942,125.66
OUT_08943,131.55
OUT_08944,568.67
OUT_08945,129.5
OUT_08946,558.58
OUT_08947,576.38
OUT_08948,146.91
OUT_08949,310.3
OUT_08950,319.72
OUT_08951,121.81
OUT_08952,125.54
OUT_08953,142.4
OUT_08954,132.78
OUT_08955,127.97
OUT_08956,144.27
OUT_08957,120.05
OUT_08959,303.53
OUT_08960,129.35
OUT_08961,136.45
OUT_08962,125.47
OUT_08963,124.11
OUT_08964,565.34
OUT_08965,634.29
OUT_08966,298.05
OUT_08967,140.29
OUT_08968,365.0
OUT_08969,641.84
OUT_08970,397.92
OUT_08971,155.26
OUT_08972,125.6
OUT_08973,168.14
OUT_08974,320.18
OUT_08975,127.32
OUT_08976,140.34
OUT_08977,123.85
OUT_08978,491.13
OUT_08979,571.55
OUT_08980,124.94
OUT_08981,123.48
OUT_08982,162.76
OUT_08983,295.41
OUT_08984,128.56
OUT_08985,131.93
OUT_08986,626.8
OUT_08987,294.1
OUT_08988,123.19
OUT_08989,123.94
OUT_08992,547.76
OUT_08993,123.67
OUT_08994,350.42
OUT_08995,938.87
OUT_08996,122.21
OUT_08997,412.74
OUT_08998,355.7
OUT_08999,332.59
OUT_09000,125.94
OUT_09002,151.6
OUT_09003,121.43
OUT_09004,121.22
OUT_09005,123.5
OUT_09006,919.85
OUT_09007,897.03
OUT_09008,120.72
OUT_09009,123.17
OUT_09010,588.37
OUT_09011,556.29
OUT_09012,830.01
OUT_09013,143.05
OUT_09015,885.95
OUT_09016,140.44
OUT_09017,136.64
OUT_09018,150.85
OUT_09019,119.11
OUT_09020,120.58
OUT_09021,117.4
OUT_09022,380.43
OUT_09023,120.97
OUT_09024,842.63
OUT_09025,340.87
OUT_09026,128.62
OUT_09027,134.04
OUT_09028,338.91
OUT_09029,143.7
OUT_09030,121.93
OUT_09031,118.84
OUT_09032,308.99
OUT_09033,121.81
OUT_09034,329.61
OUT_09035,295.8
OUT_09036,819.23
OUT_09037,125.12
OUT_09038,297.45
OUT_09039,599.8
OUT_09041,284.55
OUT_09042,577.15
OUT_09043,602.05
OUT_09044,316.9
OUT_09046,124.83
OUT_09047,588.1
OUT_09048,581.05
OUT_09049,146.45
OUT_09050,528.09
OUT_09051,511.47
OUT_09052,119.5
OUT_09053,382.01
OUT_09054,311.91
OUT_09055,194.93
OUT_09056,357.0
OUT_09057,307.81
OUT_09058,503.93
OUT_09059,138.61
OUT_09060,124.21
OUT_09061,141.82
OUT_09062,124.08
OUT_09063,143.94
OUT_09064,565.17
OUT_09065,280.92
OUT_09066,152.19
OUT_09067,146.89
OUT_09068,597.12
OUT_09069,389.26
OUT_09070,559.23
OUT_09071,634.15
OUT_09072,860.85
OUT_09073,381.35
OUT_09074,565.16
OUT_09075,127.7
OUT_09076,347.33
OUT_09077,131.04
OUT_09078,381.83
OUT_09079,287.98
OUT_09080,120.85
OUT_09081,515.6
OUT_09082,152.55
OUT_09083,293.99
OUT_09084,144.18
OUT_09085,134.68
OUT_09086,122.51
OUT_09087,121.16
OUT_09088,136.54
OUT_09089,556.6
OUT_09090,330.46
OUT_09091,341.22
OUT_09092,120.08
OUT_09093,607.06
OUT_09094,342.49
OUT_09095,345.19
OUT_09096,312.94
OUT_09097,536.75
OUT_09098,125.59
OUT_09099,317.62
OUT_09100,294.27
OUT_09101,311.94
OUT_09102,288.1
OUT_09103,120.33
OUT_09104,576.08
OUT_09105,150.85
OUT_09106,285.29
OUT_09107,124.69
OUT_09108,301.39
OUT_09109,124.77
OUT_09110,538.4
OUT_09111,923.49
OUT_09112,408.02
OUT_09113,185.54
OUT_09114,313.32
OUT_09115,136.02
OUT_09116,187.82
OUT_09117,311.98
OUT_09118,170.08
OUT_09119,285.89
OUT_09120,560.46
OUT_09121,126.01
OUT_09122,559.95
OUT_09123,348.88
OUT_09124,128.72
OUT_09125,124.6
OUT_09126,147.16
OUT_09127,127.53
OUT_09128,353.77
OUT_09129,121.22
OUT_09130,120.69
OUT_09131,311.65
OUT_09132,123.14
OUT_09133,123.15
OUT_09134,568.1
OUT_09135,118.75
OUT_09136,138.58
OUT_09137,121.2
OUT_09138,122.57
OUT_09139,312.24
OUT_09140,125.1
OUT_09141,123.83
OUT_09142,334.72
OUT_09143,291.75
OUT_09144,134.97
OUT_09145,158.68
OUT_09146,304.01
OUT_09147,122.29
OUT_09148,120.82
OUT_09149,121.02
OUT_09150,127.14
OUT_09151,580.44
OUT_09152,123.68
OUT_09153,119.37
OUT_09154,375.11
OUT_09155,121.23
OUT_09156,164.71
OUT_09157,137.51
OUT_09158,290.91
OUT_09159,299.06
OUT_09160,140.26
OUT_09161,139.26
OUT_09162,141.43
OUT_09163,125.41
OUT_09164,356.62
OUT_09165,325.07
OUT_09166,156.95
OUT_09167,323.91
OUT_09168,150.68
OUT_09169,118.97
OUT_09170,525.93
OUT_09171,119.48
OUT_09172,370.05
OUT_09173,118.19
OUT_09174,373.0
OUT_09175,285.37
OUT_09176,119.38
OUT_09177,130.59
OUT_09178,147.44
OUT_09179,120.77
OUT_09180,288.94
OUT_09181,307.81
OUT_09182,356.37
OUT_09183,539.56
OUT_09184,121.6
OUT_09185,594.05
OUT_09186,583.84
OUT_09187,286.56
OUT_09188,292.78
OUT_09189,123.25
OUT_09190,345.82
OUT_09191,578.77
OUT_09192,315.37
OUT_09193,119.42
OUT_09194,128.4
OUT_09195,118.97
OUT_09196,121.18
OUT_09197,301.25
OUT_09198,568.57
OUT_09199,139.71
OUT_09200,564.11
OUT_09201,316.3
OUT_09202,145.08
OUT_09203,122.72
OUT_09204,316.54
OUT_09205,125.41
OUT_09206,121.89
OUT_09207,617.48
OUT_09208,117.65
OUT_09209,123.19
OUT_09210,370.86
OUT_09211,387.9
OUT_09212,119.03
OUT_09213,302.26
OUT_09214,838.53
OUT_09215,492.07
OUT_09216,951.69
OUT_09217,584.43
OUT_09218,123.98
OUT_09219,299.27
OUT_09220,301.08
OUT_09221,878.54
OUT_09222,124.96
OUT_09223,149.59
OUT_09224,299.1
OUT_09225,123.73
OUT_09227,118.23
OUT_09228,124.09
OUT_09229,381.12
OUT_09230,121.17
OUT_09231,122.44
OUT_09232,619.08
OUT_09233,584.46
OUT_09234,119.75
OUT_09235,125.52
OUT_09236,634.21
OUT_09237,143.38
OUT_09238,333.72
OUT_09240,119.25
OUT_09241,283.6
OUT_09242,126.5
OUT_09243,591.66
OUT_09244,298.06
OUT_09245,120.24
OUT_09246,153.13
OUT_09247,166.36
OUT_09248,129.9
OUT_09249,120.45
OUT_09250,338.49
OUT_09251,122.87
OUT_09252,123.82
OUT_09253,289.42
OUT_09254,122.66
OUT_09255,315.1
OUT_09256,288.18
OUT_09257,935.63
OUT_09258,119.89
OUT_09259,513.67
OUT_09260,118.29
OUT_09261,122.12
OUT_09262,589.21
OUT_09263,510.9
OUT_09264,117.85
OUT_09265,575.34
OUT_09266,125.65
OUT_09267,290.74
OUT_09268,126.13
OUT_09269,166.86
OUT_09270,119.07
OUT_09271,289.67
OUT_09272,287.33
OUT_09273,143.9
OUT_09274,915.95
OUT_09275,868.26
OUT_09276,119.22
OUT_09277,310.93
OUT_09278,165.1
OUT_09279,140.34
OUT_09280,121.14
OUT_09281,132.96
OUT_09282,128.79
OUT_09283,302.64
OUT_09284,337.34
OUT_09285,118.35
OUT_09286,298.27
OUT_09288,561.92
OUT_09289,152.07
OUT_09290,135.46
OUT_09291,312.58
OUT_09292,122.99
OUT_09293,314.89
OUT_09294,294.36
OUT_09295,148.88
OUT_09296,120.0
OUT_09297,526.94
OUT_09298,124.1
OUT_09299,124.33
OUT_09300,118.56
OUT_09301,350.68
OUT_09302,315.91
OUT_09303,836.7
OUT_09304,578.77
OUT_09305,144.47
OUT_09306,119.0
OUT_09307,594.27
OUT_09308,137.73
OUT_09309,131.31
OUT_09310,889.51
OUT_09311,159.3
OUT_09312,121.6
OUT_09313,135.65
OUT_09314,379.1
OUT_09315,287.13
OUT_09316,299.78
OUT_09317,592.94
OUT_09318,629.71
OUT_09319,307.28
OUT_09320,552.76
OUT_09321,117.14
OUT_09322,160.57
OUT_09323,858.93
OUT_09324,302.64
OUT_09325,130.72
OUT_09326,137.45
OUT_09327,122.88
OUT_09328,119.74
OUT_09329,122.49
OUT_09330,124.71
OUT_09331,325.48
OUT_09332,599.01
OUT_09333,118.57
OUT_09334,137.77
OUT_09335,122.34
OUT_09336,576.73
OUT_09337,121.47
OUT_09339,129.88
OUT_09340,551.63
OUT_09341,192.28
OUT_09342,552.85
OUT_09343,299.23
OUT_09344,163.5
OUT_09345,147.19
OUT_09346,120.59
OUT_09347,344.1
OUT_09348,136.7
OUT_09349,291.67
OUT_09350,120.56
OUT_09351,281.48
OUT_09352,119.2
OUT_09353,122.52
OUT_09354,515.85
OUT_09355,290.34
OUT_09356,120.15
OUT_09357,552.93
OUT_09358,130.28
OUT_09359,123.41
OUT_09360,120.8
OUT_09361,126.11
OUT_09362,155.26
OUT_09363,118.87
OUT_09364,130.6
OUT_09365,601.79
OUT_09366,120.1
OUT_09367,150.2
OUT_09368,123.17
OUT_09369,871.86
OUT_09370,295.66
OUT_09371,141.98
OUT_09372,339.56
OUT_09373,282.14
OUT_09374,150.93
OUT_09375,142.36
OUT_09376,164.04
OUT_09377,622.84
OUT_09378,127.96
OUT_09379,291.12
OUT_09380,337.89
OUT_09381,156.15
OUT_09382,284.95
OUT_09383,358.05
OUT_09384,122.92
OUT_09385,368.9
OUT_09386,319.38
OUT_09387,145.84
OUT_09388,287.37
OUT_09389,124.14
OUT_09390,856.19
OUT_09391,342.52
OUT_09392,119.66
OUT_09393,118.16
OUT_09394,360.04
OUT_09395,153.39
OUT_09396,318.41
OUT_09397,319.8
OUT_09398,307.38
OUT_09399,362.49
OUT_09400,613.14
OUT_09401,369.67
OUT_09402,119.23
OUT_09403,175.96
OUT_09404,299.17
OUT_09406,124.6
OUT_09407,563.38
OUT_09408,137.87
OUT_09409,145.83
OUT_09410,648.26
OUT_09411,360.87
OUT_09412,119.92
OUT_09413,119.61
OUT_09414,318.56
OUT_09415,123.47
OUT_09416,175.02
OUT_09417,319.53
OUT_09418,345.52
OUT_09419,124.49
OUT_09420,118.92
OUT_09421,125.59
OUT_09422,883.3
OUT_09423,285.42
OUT_09424,317.55
OUT_09425,289.05
OUT_09426,125.89
OUT_09427,298.07
OUT_09428,131.75
OUT_09429,298.43
OUT_09430,326.48
OUT_09431,144.72
OUT_09432,129.44
OUT_09433,125.27
OUT_09434,121.76
OUT_09435,120.92
OUT_09436,351.13
OUT_09437,138.17
OUT_09438,122.24
OUT_09439,284.56
OUT_09440,121.67
OUT_09441,120.71
OUT_09442,341.42
OUT_09443,125.18
OUT_09444,117.53
OUT_09445,860.38
OUT_09446,296.22
OUT_09447,286.02
OUT_09448,635.63
OUT_09449,163.54
OUT_09450,556.63
OUT_09451,128.43
OUT_09452,135.72
OUT_09453,138.95
OUT_09454,122.16
OUT_09455,379.03
OUT_09456,119.32
OUT_09457,143.65
OUT_09458,364.42
OUT_09459,123.74
OUT_09460,156.72
OUT_09461,287.78
OUT_09462,119.57
OUT_09463,589.08
OUT_09464,120.99
OUT_09465,146.07
OUT_09466,328.59
OUT_09469,515.36
OUT_09470,323.18
OUT_09471,380.93
OUT_09472,157.42
OUT_09473,139.64
OUT_09474,156.77
OUT_09475,119.69
OUT_09476,525.3
OUT_09477,497.7
OUT_09478,124.81
OUT_09479,298.75
OUT_09480,313.18
OUT_09481,328.4
OUT_09482,894.77
OUT_09483,120.57
OUT_09484,472.26
OUT_09485,146.49
OUT_09486,141.72
OUT_09487,544.54
OUT_09488,118.03
OUT_09489,125.24
OUT_09490,126.31
OUT_09491,554.95
OUT_09492,317.87
OUT_09493,119.19
OUT_09494,119.7
OUT_09495,308.17
OUT_09496,141.23
OUT_09497,123.87
OUT_09498,301.14
OUT_09499,126.3
OUT_09500,162.82
OUT_09501,897.66
OUT_09502,122.11
OUT_09503,119.65
OUT_09504,132.06
OUT_09505,328.26
OUT_09506,123.78
OUT_09507,324.78
OUT_09508,342.19
OUT_09509,569.39
OUT_09510,296.59
OUT_09511,157.18
OUT_09512,122.15
OUT_09513,120.61
OUT_09514,121.77
OUT_09515,553.38
OUT_09516,144.69
OUT_09517,151.4
OUT_09518,311.53
OUT_09519,537.93
OUT_09520,289.17
OUT_09521,138.7
OUT_09523,868.0
OUT_09524,313.71
OUT_09525,388.44
OUT_09526,120.16
OUT_09527,122.61
OUT_09528,130.79
OUT_09529,299.48
OUT_09530,164.58
OUT_09531,148.59
OUT_09532,161.15
OUT_09533,919.72
OUT_09534,126.94
OUT_09535,150.88
OUT_09536,118.92
OUT_09537,292.78
OUT_09538,140.39
OUT_09539,137.37
OUT_09540,532.53
OUT_09541,310.89
OUT_09542,299.26
OUT_09543,385.1
OUT_09544,118.99
OUT_09545,341.76
OUT_09546,134.95
OUT_09547,308.26
OUT_09548,599.37
OUT_09549,130.73
OUT_09550,308.6
OUT_09551,364.23
OUT_09552,588.63
OUT_09553,317.83
OUT_09554,121.15
OUT_09555,119.98
OUT_09556,123.5
OUT_09557,126.43
OUT_09558,119.07
OUT_09559,359.68
OUT_09560,120.75
OUT_09561,136.83
OUT_09562,119.09
OUT_09563,173.15
OUT_09564,120.61
OUT_09565,119.39
OUT_09566,140.16
OUT_09567,294.02
OUT_09568,568.69
OUT_09569,418.48
OUT_09570,596.36
OUT_09571,152.43
OUT_09572,297.48
OUT_09573,343.91
OUT_09574,140.05
OUT_09575,119.4
OUT_09576,620.15
OUT_09577,124.01
OUT_09578,310.79
OUT_09579,595.48
OUT_09580,136.91
OUT_09581,557.98
OUT_09582,850.95
OUT_09583,528.96
OUT_09584,130.71
OUT_09585,555.05
OUT_09586,911.03
OUT_09587,119.36
OUT_09588,296.74
OUT_09589,306.44
OUT_09590,317.79
OUT_09591,345.71
OUT_09592,874.83
OUT_09593,129.03
OUT_09594,290.68
OUT_09595,349.42
OUT_09596,146.78
OUT_09597,338.78
OUT_09598,162.74
OUT_09599,118.69
OUT_09600,548.63
OUT_09601,140.38
OUT_09602,118.66
OUT_09603,614.56
OUT_09604,160.76
OUT_09605,358.5
OUT_09606,387.62
OUT_09607,587.36
OUT_09608,844.38
OUT_09609,142.39
OUT_09610,286.73
OUT_09611,120.25
OUT_09612,118.24
OUT_09613,125.89
OUT_09614,568.71
OUT_09615,291.09
OUT_09616,122.07
OUT_09617,121.55
OUT_09618,301.39
OUT_09619,140.65
OUT_09620,345.78
OUT_09621,121.67
OUT_09622,361.62
OUT_09624,118.35
OUT_09625,122.73
OUT_09626,371.43
OUT_09627,288.77
OUT_09628,162.19
OUT_09629,296.09
OUT_09630,118.29
OUT_09631,402.85
OUT_09632,126.85
OUT_09633,321.69
OUT_09634,841.35
OUT_09635,303.35
OUT_09636,537.13
OUT_09637,613.08
OUT_09638,119.82
OUT_09639,161.55
OUT_09640,123.47
OUT_09641,125.69
OUT_09642,121.47
OUT_09643,352.64
OUT_09644,122.31
OUT_09645,122.12
OUT_09646,118.89
OUT_09647,296.3
OUT_09648,620.47
OUT_09649,295.01
OUT_09650,121.64
OUT_09651,125.28
OUT_09652,138.16
OUT_09653,295.11
OUT_09654,342.62
OUT_09655,120.65
OUT_09656,565.45
OUT_09657,134.0
OUT_09658,123.61
OUT_09659,118.66
OUT_09660,303.76
OUT_09661,298.2
OUT_09662,128.42
OUT_09663,128.66
OUT_09664,137.62
OUT_09665,291.97
OUT_09666,137.11
OUT_09667,297.26
OUT_09668,316.63
OUT_09669,131.93
OUT_09670,329.09
OUT_09671,314.92
OUT_09672,122.43
OUT_09673,338.04
OUT_09674,128.24
OUT_09676,355.82
OUT_09677,120.6
OUT_09678,123.45
OUT_09679,127.11
OUT_09680,288.07
OUT_09681,119.68
OUT_09682,579.04
OUT_09683,308.72
OUT_09684,146.36
OUT_09685,139.56
OUT_09686,125.83
OUT_09687,140.97
OUT_09688,324.55
OUT_09689,132.61
OUT_09690,156.39
OUT_09691,119.29
OUT_09692,125.39
OUT_09693,375.87
OUT_09694,527.95
OUT_09695,328.66
OUT_09696,156.62
OUT_09697,366.87
OUT_09698,296.9
OUT_09699,170.33
OUT_09700,118.22
OUT_09701,137.88
OUT_09702,117.79
OUT_09703,121.86
OUT_09704,166.11
OUT_09705,291.61
OUT_09706,121.61
OUT_09707,862.62
OUT_09708,120.95
OUT_09709,141.66
OUT_09710,878.91
OUT_09711,304.82
OUT_09712,308.97
OUT_09713,143.09
OUT_09714,119.52
OUT_09715,857.82
OUT_09716,593.06
OUT_09717,588.2
OUT_09718,567.59
OUT_09719,544.06
OUT_09720,122.32
OUT_09721,301.46
OUT_09722,127.67
OUT_09723,342.86
OUT_09724,121.34
OUT_09725,120.46
OUT_09726,120.2
OUT_09727,880.02
OUT_09728,164.4
OUT_09729,121.24
OUT_09731,893.81
OUT_09732,120.78
OUT_09733,121.82
OUT_09734,124.85
OUT_09735,136.86
OUT_09736,282.89
OUT_09737,121.77
OUT_09738,121.68
OUT_09739,149.49
OUT_09740,124.14
OUT_09741,120.0
OUT_09742,323.92
OUT_09743,155.16
OUT_09744,162.25
OUT_09745,147.02
OUT_09746,123.83
OUT_09747,126.78
OUT_09748,566.73
OUT_09749,135.84
OUT_09750,914.99
OUT_09751,148.04
OUT_09752,127.65
OUT_09753,156.47
OUT_09754,368.02
OUT_09755,520.06
OUT_09756,311.1
OUT_09757,158.53
OUT_09758,361.53
OUT_09759,144.85
OUT_09760,128.23
OUT_09761,136.06
OUT_09762,578.48
OUT_09763,583.82
OUT_09764,354.39
OUT_09765,120.59
OUT_09766,289.16
OUT_09767,157.98
OUT_09768,571.11
OUT_09769,120.96
OUT_09770,286.15
OUT_09771,159.33
OUT_09772,557.29
OUT_09773,308.52
OUT_09774,538.96
OUT_09775,122.24
OUT_09776,174.11
OUT_09777,299.67
OUT_09778,886.42
OUT_09779,367.09
OUT_09780,877.71
OUT_09781,132.43
OUT_09782,319.93
OUT_09783,564.99
OUT_09784,293.98
OUT_09786,345.94
OUT_09787,538.97
OUT_09788,535.88
OUT_09789,121.03
OUT_09790,154.38
OUT_09791,119.24
OUT_09792,599.47
OUT_09793,150.67
OUT_09794,157.79
OUT_09795,558.95
OUT_09796,123.97
OUT_09797,140.62
OUT_09798,373.56
OUT_09799,312.89
OUT_09800,124.18
OUT_09801,120.1
OUT_09802,291.1
OUT_09803,143.05
OUT_09804,118.28
OUT_09805,134.72
OUT_09806,500.99
OUT_09807,343.43
OUT_09808,489.25
OUT_09809,139.87
OUT_09810,132.83
OUT_09811,504.61
OUT_09812,927.64
OUT_09813,538.3
OUT_09814,125.31
OUT_09815,317.15
OUT_09816,132.81
OUT_09817,884.68
OUT_09818,121.35
OUT_09819,147.21
OUT_09820,124.06
OUT_09821,121.16
OUT_09822,119.46
OUT_09823,301.87
OUT_09824,123.94
OUT_09825,119.91
OUT_09826,150.13
OUT_09827,315.49
OUT_09828,323.83
OUT_09829,604.9
OUT_09830,317.34
OUT_09831,156.22
OUT_09832,126.66
OUT_09833,136.19
OUT_09834,124.7
OUT_09835,288.62
OUT_09836,174.01
OUT_09837,859.5
OUT_09838,118.98
OUT_09839,154.39
OUT_09840,514.32
OUT_09841,120.48
OUT_09842,140.79
OUT_09843,120.91
OUT_09844,126.25
OUT_09845,146.05
OUT_09846,130.58
OUT_09847,344.38
OUT_09848,335.95
OUT_09849,150.08
OUT_09850,120.13
OUT_09851,304.43
OUT_09852,296.14
OUT_09853,122.15
OUT_09854,133.2
OUT_09855,118.93
OUT_09856,134.69
OUT_09857,349.87
OUT_09858,137.58
OUT_09859,564.14
OUT_09860,127.72
OUT_09861,602.94
OUT_09862,347.93
OUT_09863,300.62
OUT_09864,151.96
OUT_09865,147.8
OUT_09866,127.61
OUT_09867,308.2
OUT_09868,574.74
OUT_09869,118.86
OUT_09870,294.44
OUT_09871,296.75
OUT_09872,132.8
OUT_09873,125.1
OUT_09874,558.03
OUT_09875,125.66
OUT_09876,325.26
OUT_09877,574.39
OUT_09878,121.31
OUT_09879,149.73
OUT_09880,123.01
OUT_09881,346.95
OUT_09882,378.06
OUT_09883,295.14
OUT_09884,122.13
OUT_09885,146.25
OUT_09886,119.87
OUT_09887,311.5
OUT_09888,127.83
OUT_09889,120.95
OUT_09890,294.18
OUT_09891,133.8
OUT_09892,123.68
OUT_09893,299.82
OUT_09894,140.85
OUT_09895,120.11
OUT_09896,312.38
OUT_09897,150.35
OUT_09898,118.52
OUT_09899,133.03
OUT_09900,377.01
OUT_09901,128.41
OUT_09902,168.3
OUT_09903,866.83
OUT_09904,126.95
OUT_09905,121.68
OUT_09906,141.47
OUT_09907,310.32
OUT_09908,291.42
OUT_09909,126.2
OUT_09910,122.08
OUT_09911,502.6
OUT_09912,635.82
OUT_09913,286.64
OUT_09914,622.31
OUT_09915,296.81
OUT_09916,295.95
OUT_09917,287.73
OUT_09918,120.59
OUT_09919,127.34
OUT_09920,119.53
OUT_09921,124.59
OUT_09922,851.32
OUT_09923,118.08
OUT_09924,294.94
OUT_09925,357.12
OUT_09926,123.26
OUT_09927,299.75
OUT_09928,119.33
OUT_09929,317.81
OUT_09930,334.63
OUT_09931,157.1
OUT_09932,357.56
OUT_09933,918.2
OUT_09934,520.14
OUT_09935,533.35
OUT_09936,144.4
OUT_09937,564.51
OUT_09938,120.07
OUT_09939,292.6
OUT_09940,120.8
OUT_09941,150.37
OUT_09942,119.29
OUT_09943,311.49
OUT_09944,118.91
OUT_09946,635.57
OUT_09947,284.22
OUT_09948,129.31
OUT_09949,137.28
OUT_09951,164.02
OUT_09952,536.63
OUT_09954,127.68
OUT_09955,119.43
OUT_09956,340.2
OUT_09957,283.64
OUT_09958,118.04
OUT_09959,298.05
OUT_09960,128.31
OUT_09961,534.78
OUT_09962,121.65
OUT_09963,607.89
OUT_09964,335.12
OUT_09965,118.86
OUT_09966,593.58
OUT_09967,125.55
OUT_09968,344.05
OUT_09969,132.71
OUT_09970,122.52
OUT_09971,124.4
OUT_09972,347.05
OUT_09973,121.86
OUT_09974,143.66
OUT_09975,146.0
OUT_09976,121.98
OUT_09977,595.33
OUT_09978,297.1
OUT_09979,532.05
OUT_09980,119.33
OUT_09981,127.19
OUT_09982,916.84
OUT_09983,142.77
OUT_09984,334.11
OUT_09985,395.44
OUT_09986,295.18
OUT_09987,578.57
OUT_09988,317.14
OUT_09989,544.4
OUT_09990,297.24
OUT_09991,119.61
OUT_09992,129.08
OUT_09993,148.84
OUT_09994,130.8
OUT_09995,121.56
OUT_09996,308.82
OUT_09997,281.59
OUT_09998,360.63
OUT_09999,148.13
OUT_10001,121.73
OUT_10002,359.1
OUT_10003,323.68
OUT_10004,121.58
OUT_10005,166.2
OUT_10006,508.33
OUT_10007,827.13
OUT_10008,162.16
OUT_10009,320.05
OUT_10010,124.33
OUT_10011,585.77
OUT_10012,127.25
OUT_10013,156.28
OUT_10014,120.09
OUT_10015,123.27
OUT_10016,131.28
OUT_10017,346.61
OUT_10018,152.83
OUT_10019,319.39
OUT_10020,122.02
OUT_10021,315.26
OUT_10022,292.68
OUT_10023,828.92
OUT_10024,165.09
OUT_10025,303.0
OUT_10026,335.87
OUT_10027,120.26
OUT_10028,121.88
OUT_10029,130.68
OUT_10030,291.79
OUT_10032,138.08
OUT_10033,130.59
OUT_10034,545.39
OUT_10035,133.0
OUT_10036,352.78
OUT_10037,333.54
OUT_10038,362.13
OUT_10039,136.42
OUT_10040,330.93
OUT_10041,570.98
OUT_10042,533.47
OUT_10043,290.72
OUT_10044,119.9
OUT_10045,130.48
OUT_10046,345.26
OUT_10047,135.91
OUT_10048,544.71
OUT_10049,127.36
OUT_10050,124.21
OUT_10051,869.46
OUT_10052,137.49
OUT_10053,133.99
OUT_10054,121.41
OUT_10055,560.11
OUT_10056,118.75
OUT_10057,383.28
OUT_10058,577.18
OUT_10059,119.37
OUT_10060,525.24
OUT_10061,152.46
OUT_10062,154.44
OUT_10063,292.87
OUT_10064,338.38
OUT_10065,134.44
OUT_10066,131.85
OUT_10067,292.77
OUT_10068,355.52
OUT_10069,290.44
OUT_10070,121.76
OUT_10071,121.73
OUT_10072,118.2
OUT_10073,119.94
OUT_10074,311.98
OUT_10075,128.35
OUT_10076,552.95
OUT_10077,131.39
OUT_10078,319.81
OUT_10079,119.66
OUT_10080,119.68
OUT_10081,121.72
OUT_10082,336.34
OUT_10083,298.44
OUT_10084,123.89
OUT_10085,150.01
OUT_10086,313.82
OUT_10087,119.77
OUT_10088,522.72
OUT_10089,348.66
OUT_10090,561.42
OUT_10091,330.04
OUT_10092,152.64
OUT_10093,119.34
OUT_10094,156.93
OUT_10095,305.24
OUT_10096,640.31
OUT_10097,152.84
OUT_10098,121.04
OUT_10099,124.78
OUT_10100,159.73
OUT_10101,316.49
OUT_10102,122.45
OUT_10103,286.47
OUT_10104,530.81
OUT_10105,839.75
OUT_10106,139.65
OUT_10107,566.68
OUT_10108,555.34
OUT_10109,119.18
OUT_10110,290.44
OUT_10111,318.28
OUT_10112,140.03
OUT_10113,125.93
OUT_10114,388.09
OUT_10115,135.4
OUT_10116,887.85
OUT_10117,159.51
OUT_10118,119.28
OUT_10119,302.46
OUT_10120,289.01
OUT_10121,369.84
OUT_10122,122.73
OUT_10123,287.98
OUT_10124,579.41
OUT_10125,120.74
OUT_10126,124.24
OUT_10127,287.68
OUT_10128,348.36
OUT_10129,130.4
OUT_10130,572.49
OUT_10131,833.98
OUT_10132,341.52
OUT_10133,372.39
OUT_10134,530.23
OUT_10135,136.67
OUT_10136,136.97
OUT_10137,123.74
OUT_10138,119.24
OUT_10139,315.15
OUT_10140,544.61
OUT_10141,300.3
OUT_10143,119.06
OUT_10144,338.14
OUT_10145,324.98
OUT_10146,282.72
OUT_10147,118.91
OUT_10148,310.26
OUT_10149,326.49
OUT_10150,123.87
OUT_10151,119.64
OUT_10152,125.18
OUT_10153,301.58
OUT_10154,328.99
OUT_10155,324.93
OUT_10156,127.83
OUT_10157,583.4
OUT_10158,152.58
OUT_10159,598.04
OUT_10160,357.01
OUT_10161,310.88
OUT_10162,124.57
OUT_10163,375.4
OUT_10164,569.9
OUT_10165,588.31
OUT_10166,125.15
OUT_10167,587.42
OUT_10168,503.42
OUT_10169,122.89
OUT_10170,126.43
OUT_10171,318.82
OUT_10172,123.16
OUT_10173,289.6
OUT_10174,900.54
OUT_10175,282.8
OUT_10176,139.17
OUT_10178,549.01
OUT_10179,161.28
OUT_10180,301.92
OUT_10181,636.74
OUT_10182,314.26
OUT_10183,594.43
OUT_10184,527.84
OUT_10185,590.81
OUT_10186,117.94
OUT_10187,322.17
OUT_10188,353.18
OUT_10189,132.07
OUT_10190,520.31
OUT_10191,122.51
OUT_10192,356.55
OUT_10193,527.52
OUT_10194,144.71
OUT_10195,342.3
OUT_10196,533.94
OUT_10197,139.31
OUT_10198,121.16
OUT_10199,323.28
OUT_10200,120.69
OUT_10201,141.35
OUT_10202,285.5
OUT_10203,140.78
OUT_10204,303.87
OUT_10205,119.9
OUT_10206,533.85
OUT_10207,330.16
OUT_10208,579.82
OUT_10209,306.85
OUT_10210,320.11
OUT_10211,291.79
OUT_10212,299.48
OUT_10213,874.12
OUT_10214,339.47
OUT_10215,803.83
OUT_10216,144.38
OUT_10217,340.66
OUT_10218,593.11
OUT_10219,124.01
OUT_10220,161.55
OUT_10221,123.26
OUT_10222,349.5
OUT_10223,124.69
OUT_10224,119.16
OUT_10225,147.38
OUT_10226,290.23
OUT_10227,553.27
OUT_10228,126.5
OUT_10230,125.88
OUT_10231,554.65
OUT_10232,135.53
OUT_10233,293.09
OUT_10234,339.49
OUT_10235,548.69
OUT_10236,146.46
OUT_10237,338.97
OUT_10238,344.19
OUT_10239,329.85
OUT_10240,138.19
OUT_10241,123.22
OUT_10242,325.05
OUT_10243,546.74
OUT_10244,865.29
OUT_10245,118.8
OUT_10246,298.62
OUT_10247,340.81
OUT_10248,607.43
OUT_10249,298.4
OUT_10250,596.73
OUT_10251,121.5
OUT_10252,155.91
OUT_10253,326.42
OUT_10254,597.25
OUT_10255,130.08
OUT_10256,286.49
OUT_10257,125.4
OUT_10258,118.68
OUT_10259,571.01
OUT_10260,598.13
OUT_10261,134.57
OUT_10262,581.99
OUT_10263,328.07
OUT_10264,128.94
OUT_10265,302.26
OUT_10266,291.87
OUT_10267,345.04
OUT_10268,555.94
OUT_10269,149.64
OUT_10270,123.77
OUT_10271,118.73
OUT_10272,119.86
OUT_10273,121.79
OUT_10274,635.91
OUT_10275,328.9
OUT_10276,126.8
OUT_10277,119.74
OUT_10278,128.74
OUT_10279,296.69
OUT_10280,120.15
OUT_10281,140.58
OUT_10282,579.34
OUT_10283,661.34
OUT_10284,303.13
OUT_10285,118.28
OUT_10286,375.75
OUT_10287,123.17
OUT_10288,390.45
OUT_10289,120.2
OUT_10290,140.16
OUT_10291,554.91
OUT_10292,302.58
OUT_10293,157.6
OUT_10294,882.27
OUT_10295,118.32
OUT_10296,340.1
OUT_10297,357.0
OUT_10298,287.57
OUT_10299,914.49
OUT_10300,120.13
OUT_10301,332.96
OUT_10302,601.74
OUT_10303,588.79
OUT_10304,306.93
OUT_10305,138.15
OUT_10306,156.03
OUT_10307,119.58
OUT_10308,552.85
OUT_10309,123.24
OUT_10310,569.03
OUT_10311,334.23
OUT_10312,385.89
OUT_10313,141.59
OUT_10314,294.97
OUT_10315,137.91
OUT_10316,600.56
OUT_10317,371.97
OUT_10318,301.93
OUT_10319,341.65
OUT_10320,118.44
OUT_10321,127.03
OUT_10322,119.19
OUT_10323,294.13
OUT_10324,119.79
OUT_10325,328.96
OUT_10326,123.5
OUT_10327,585.87
OUT_10328,371.46
OUT_10330,132.33
OUT_10331,155.22
OUT_10332,127.87
OUT_10333,123.19
OUT_10334,512.27
OUT_10335,514.51
OUT_10336,297.31
OUT_10337,129.18
OUT_10338,116.9
OUT_10339,128.55
OUT_10340,400.24
OUT_10341,134.81
OUT_10342,286.71
OUT_10343,933.51
OUT_10344,123.59
OUT_10345,331.09
OUT_10346,571.9
OUT_10347,153.46
OUT_10348,120.53
OUT_10349,621.63
OUT_10350,572.4
OUT_10351,121.52
OUT_10352,581.49
OUT_10353,122.7
OUT_10354,119.45
OUT_10355,520.37
OUT_10356,152.0
OUT_10357,124.58
OUT_10358,327.49
OUT_10359,118.37
OUT_10360,338.36
OUT_10361,291.1
OUT_10362,387.46
OUT_10363,291.37
OUT_10364,362.73
OUT_10365,340.65
OUT_10366,359.61
OUT_10367,120.88
OUT_10368,150.94
OUT_10369,169.01
OUT_10370,291.37
OUT_10371,123.48
OUT_10372,612.7
OUT_10373,160.66
OUT_10374,599.51
OUT_10375,598.02
OUT_10376,119.8
OUT_10377,126.22
OUT_10378,118.49
OUT_10379,121.9
OUT_10380,344.34
OUT_10381,569.53
OUT_10382,586.96
OUT_10383,134.82
OUT_10384,134.21
OUT_10385,304.31
OUT_10386,124.64
OUT_10387,325.14
OUT_10388,301.61
OUT_10389,159.02
OUT_10390,380.67
OUT_10391,898.74
OUT_10392,117.28
OUT_10393,149.81
OUT_10394,312.63
OUT_10395,151.29
OUT_10396,569.66
OUT_10397,873.73
OUT_10398,174.94
OUT_10399,545.52
OUT_10400,293.5
OUT_10401,373.25
OUT_10402,318.46
OUT_10403,341.69
OUT_10404,155.12
OUT_10405,119.96
OUT_10406,142.63
OUT_10407,543.09
OUT_10408,151.99
OUT_10409,122.97
OUT_10411,139.92
OUT_10412,566.33
OUT_10413,128.85
OUT_10414,131.0
OUT_10415,315.47
OUT_10417,127.43
OUT_10418,303.88
OUT_10419,167.79
OUT_10420,128.93
OUT_10421,138.97
OUT_10423,557.42
OUT_10424,125.4
OUT_10425,150.47
OUT_10426,120.94
OUT_10427,118.19
OUT_10428,613.92
OUT_10429,282.63
OUT_10430,162.81
OUT_10431,566.0
OUT_10432,661.34
OUT_10434,535.06
OUT_10435,124.07
OUT_10436,135.17
OUT_10437,155.85
OUT_10438,594.52
OUT_10439,122.45
OUT_10440,285.99
OUT_10441,307.45
OUT_10442,128.03
OUT_10443,119.47
OUT_10444,372.36
OUT_10445,378.65
OUT_10446,288.68
OUT_10447,330.72
OUT_10448,572.67
OUT_10449,324.66
OUT_10450,372.84
OUT_10451,151.08
OUT_10452,121.79
OUT_10453,140.54
OUT_10454,123.81
OUT_10455,124.18
OUT_10456,546.25
OUT_10457,597.09
OUT_10458,348.79
OUT_10459,588.02
OUT_10460,323.78
OUT_10461,161.76
OUT_10462,153.22
OUT_10463,125.43
OUT_10464,157.05
OUT_10465,122.95
OUT_10466,119.1
OUT_10467,319.93
OUT_10468,326.05
OUT_10469,321.5
OUT_10470,124.24
OUT_10471,136.38
OUT_10472,339.18
OUT_10473,367.64
OUT_10474,138.85
OUT_10475,118.25
OUT_10476,324.11
OUT_10478,132.57
OUT_10480,119.81
OUT_10481,119.03
OUT_10482,528.96
OUT_10483,325.22
OUT_10484,297.38
OUT_10485,120.85
OUT_10486,148.01
OUT_10487,129.47
OUT_10488,119.35
OUT_10489,563.26
OUT_10490,380.61
OUT_10491,118.98
OUT_10492,119.38
OUT_10493,562.56
OUT_10494,557.08
OUT_10495,145.57
OUT_10497,120.34
OUT_10498,319.25
OUT_10499,139.67
OUT_10500,118.93
OUT_10501,556.33
OUT_10502,123.09
OUT_10504,907.23
OUT_10505,603.72
OUT_10506,131.1
OUT_10507,863.29
OUT_10508,906.69
OUT_10509,349.05
OUT_10510,568.9
OUT_10511,119.96
OUT_10512,151.55
OUT_10513,123.15
OUT_10514,327.81
OUT_10515,125.24
OUT_10516,577.58
OUT_10517,125.91
OUT_10518,128.29
OUT_10520,618.44
OUT_10521,586.61
OUT_10522,566.56
OUT_10523,119.12
OUT_10525,320.07
OUT_10526,121.01
OUT_10527,145.66
OUT_10528,373.5
OUT_10529,349.99
OUT_10531,120.81
OUT_10532,121.91
OUT_10533,592.04
OUT_10534,119.74
OUT_10535,383.88
OUT_10536,120.2
OUT_10537,337.37
OUT_10538,119.12
OUT_10539,130.78
OUT_10540,190.5
OUT_10541,584.8
OUT_10542,296.8
OUT_10543,330.27
OUT_10544,289.89
OUT_10545,918.44
OUT_10546,124.19
OUT_10547,309.05
OUT_10548,120.77
OUT_10549,296.59
OUT_10550,545.91
OUT_10551,125.24
OUT_10552,121.01
OUT_10553,295.43
OUT_10554,348.23
OUT_10555,119.96
OUT_10556,127.41
OUT_10557,328.96
OUT_10558,121.93
OUT_10559,119.43
OUT_10560,128.82
OUT_10561,117.81
OUT_10562,121.44
OUT_10563,119.9
OUT_10564,547.04
OUT_10565,388.47
OUT_10566,363.23
OUT_10567,359.62
OUT_10568,131.01
OUT_10569,592.82
OUT_10570,294.77
OUT_10571,297.3
OUT_10572,293.12
OUT_10573,168.38
OUT_10574,306.4
OUT_10575,128.86
OUT_10576,320.98
OUT_10577,123.23
OUT_10579,288.04
OUT_10580,309.25
OUT_10581,334.4
OUT_10582,120.3
OUT_10583,535.09
OUT_10584,119.53
OUT_10585,134.69
OUT_10586,328.79
OUT_10587,282.62
OUT_10588,142.28
OUT_10589,364.48
OUT_10590,131.66
OUT_10591,131.28
OUT_10592,359.57
OUT_10593,587.06
OUT_10594,364.01
OUT_10595,132.93
OUT_10596,134.41
OUT_10597,397.62
OUT_10598,539.83
OUT_10599,144.26
OUT_10600,599.25
OUT_10601,297.15
OUT_10602,125.56
OUT_10603,154.3
OUT_10604,335.22
OUT_10605,123.72
OUT_10606,137.32
OUT_10607,155.04
OUT_10608,289.49
OUT_10610,361.15
OUT_10611,323.47
OUT_10612,130.82
OUT_10613,311.79
OUT_10614,338.71
OUT_10616,395.86
OUT_10617,556.93
OUT_10618,144.17
OUT_10619,120.65
OUT_10620,120.48
OUT_10621,358.39
OUT_10622,303.07
OUT_10623,122.72
OUT_10624,335.29
OUT_10625,125.56
OUT_10626,338.22
OUT_10627,174.04
OUT_10628,118.88
OUT_10629,130.58
OUT_10630,557.22
OUT_10631,123.3
OUT_10632,569.71
OUT_10633,535.4
OUT_10634,125.4
OUT_10635,131.45
OUT_10636,517.71
OUT_10637,135.58
OUT_10638,118.89
OUT_10639,288.8
OUT_10640,174.17
OUT_10641,310.71
OUT_10642,876.81
OUT_10643,118.9
OUT_10644,569.9
OUT_10645,381.7
OUT_10646,125.62
OUT_10647,128.9
OUT_10648,313.09
OUT_10649,118.4
OUT_10650,142.34
OUT_10651,122.36
OUT_10652,294.82
OUT_10653,853.28
OUT_10654,176.43
OUT_10655,120.55
OUT_10656,147.7
OUT_10657,861.4
OUT_10658,124.13
OUT_10659,301.22
OUT_10660,883.18
OUT_10661,118.42
OUT_10662,127.71
OUT_10663,303.72
OUT_10664,327.97
OUT_10665,313.76
OUT_10666,315.26
OUT_10667,378.29
OUT_10669,840.68
OUT_10670,567.07
OUT_10671,335.78
OUT_10672,350.69
OUT_10673,126.23
OUT_10674,314.26
OUT_10675,121.41
OUT_10676,312.22
OUT_10677,153.35
OUT_10678,126.36
OUT_10679,341.56
OUT_10680,128.84
OUT_10681,126.54
OUT_10682,187.74
OUT_10683,623.15
OUT_10684,123.54
OUT_10685,291.36
OUT_10686,293.99
OUT_10687,131.71
OUT_10688,346.77
OUT_10689,407.7
OUT_10690,121.02
OUT_10691,396.27
OUT_10692,290.91
OUT_10693,170.5
OUT_10694,299.15
OUT_10695,178.97
OUT_10696,571.03
OUT_10697,128.86
OUT_10698,125.69
OUT_10699,855.54
OUT_10700,144.31
OUT_10701,133.94
OUT_10702,123.47
OUT_10703,156.63
OUT_10704,181.15
OUT_10705,879.03
OUT_10706,133.51
OUT_10707,123.79
OUT_10708,862.63
OUT_10709,307.34
OUT_10710,891.06
OUT_10711,535.73
OUT_10712,134.3
OUT_10713,149.79
OUT_10714,376.91
OUT_10715,310.59
OUT_10716,355.34
OUT_10717,564.93
OUT_10718,116.86
OUT_10719,869.99
OUT_10720,284.88
OUT_10721,298.14
OUT_10722,320.83
OUT_10723,326.26
OUT_10724,133.55
OUT_10725,147.03
OUT_10726,125.97
OUT_10727,280.18
OUT_10728,876.71
OUT_10730,906.9
OUT_10731,137.02
OUT_10732,174.47
OUT_10733,157.94
OUT_10734,370.64
OUT_10735,328.94
OUT_10736,122.27
OUT_10737,354.0
OUT_10738,128.26
OUT_10739,122.35
OUT_10740,126.18
OUT_10741,122.75
OUT_10742,120.09
OUT_10743,148.58
OUT_10744,126.93
OUT_10745,126.14
OUT_10746,128.04
OUT_10747,551.47
OUT_10748,131.36
OUT_10749,163.81
OUT_10750,155.26
OUT_10751,125.11
OUT_10752,285.83
OUT_10754,118.87
OUT_10755,149.48
OUT_10756,124.02
OUT_10757,126.12
OUT_10758,907.41
OUT_10759,147.84
OUT_10760,550.14
OUT_10761,290.08
OUT_10762,284.4
OUT_10763,375.25
OUT_10764,299.75
OUT_10765,124.32
OUT_10766,118.9
OUT_10767,119.46
OUT_10768,309.88
OUT_10769,125.2
OUT_10770,543.83
OUT_10771,121.34
OUT_10772,145.16
OUT_10773,315.98
OUT_10774,120.94
OUT_10775,297.1
OUT_10776,552.83
OUT_10777,157.19
OUT_10778,139.25
OUT_10779,518.41
OUT_10780,310.37
OUT_10781,898.11
OUT_10782,293.96
OUT_10783,391.3
OUT_10784,123.92
OUT_10785,119.78
OUT_10786,137.51
OUT_10787,137.76
OUT_10788,515.21
OUT_10789,120.64
OUT_10790,362.69
OUT_10791,146.25
OUT_10792,292.24
OUT_10793,605.42
OUT_10794,928.58
OUT_10795,138.77
OUT_10796,334.42
OUT_10797,154.25
OUT_10798,881.48
OUT_10799,149.21
OUT_10800,144.42
OUT_10801,610.13
OUT_10802,123.94
OUT_10803,562.0
OUT_10804,878.28
OUT_10805,545.22
OUT_10806,178.39
OUT_10807,137.44
OUT_10808,122.27
OUT_10809,125.4
OUT_10810,320.24
OUT_10811,133.58
OUT_10812,165.24
OUT_10813,118.55
OUT_10814,151.59
OUT_10815,331.44
OUT_10816,384.75
OUT_10817,294.63
OUT_10818,938.1
OUT_10819,293.33
OUT_10820,119.69
OUT_10821,321.87
OUT_10822,125.5
OUT_10823,160.03
OUT_10824,137.65
OUT_10825,292.54
OUT_10826,612.48
OUT_10827,554.08
OUT_10828,814.69
OUT_10829,132.66
OUT_10830,122.4
OUT_10831,128.19
OUT_10832,124.63
OUT_10833,354.55
OUT_10834,863.71
OUT_10835,119.95
OUT_10836,126.54
OUT_10837,123.41
OUT_10838,287.11
OUT_10839,292.46
OUT_10840,162.13
OUT_10841,625.71
OUT_10842,401.35
OUT_10843,126.6
OUT_10844,348.77
OUT_10845,582.23
OUT_10846,118.83
OUT_10847,128.98
OUT_10848,122.68
OUT_10849,869.68
OUT_10850,137.96
OUT_10851,119.82
OUT_10852,297.97
OUT_10853,124.68
OUT_10854,626.52
OUT_10855,124.51
OUT_10856,158.43
OUT_10857,296.73
OUT_10858,123.28
OUT_10859,615.08
OUT_10860,133.07
OUT_10861,378.6
OUT_10862,119.59
OUT_10863,127.03
OUT_10864,302.45
OUT_10865,316.25
OUT_10866,119.71
OUT_10867,370.31
OUT_10868,136.37
OUT_10869,135.18
OUT_10871,326.79
OUT_10872,579.54
OUT_10873,135.01
OUT_10874,121.52
OUT_10875,474.52
OUT_10876,600.49
OUT_10877,296.9
OUT_10878,123.03
OUT_10879,309.42
OUT_10880,332.73
OUT_10881,122.12
OUT_10882,578.64
OUT_10883,563.52
OUT_10884,140.24
OUT_10885,124.95
OUT_10886,122.12
OUT_10887,532.97
OUT_10888,119.71
OUT_10889,118.54
OUT_10890,357.51
OUT_10891,527.9
OUT_10892,121.89
OUT_10893,123.72
OUT_10894,576.6
OUT_10895,132.7
OUT_10896,130.99
OUT_10897,142.65
OUT_10898,127.18
OUT_10899,122.32
OUT_10900,121.42
OUT_10901,120.71
OUT_10902,515.16
OUT_10903,562.99
OUT_10904,143.92
OUT_10905,149.93
OUT_10906,123.86
OUT_10907,118.76
OUT_10908,120.24
OUT_10909,131.15
OUT_10910,459.12
OUT_10911,125.06
OUT_10912,149.95
OUT_10913,404.45
OUT_10914,531.5
OUT_10915,125.65
OUT_10916,293.34
OUT_10917,365.67
OUT_10918,169.35
OUT_10919,143.96
OUT_10920,123.03
OUT_10921,611.32
OUT_10922,335.52
OUT_10923,554.72
OUT_10924,596.89
OUT_10925,1057.21
OUT_10926,143.18
OUT_10927,129.19
OUT_10928,122.57
OUT_10929,555.54
OUT_10930,579.64
OUT_10931,148.1
OUT_10932,594.95
OUT_10933,353.17
OUT_10934,159.3
OUT_10935,617.91
OUT_10936,142.63
OUT_10937,120.09
OUT_10938,546.96
OUT_10939,282.08
OUT_10940,589.72
OUT_10941,546.21
OUT_10942,122.44
OUT_10943,578.49
OUT_10944,147.8
OUT_10945,119.95
OUT_10946,123.91
OUT_10947,169.04
OUT_10948,119.82
OUT_10949,118.69
OUT_10950,131.73
OUT_10951,156.73
OUT_10952,552.33
OUT_10953,311.18
OUT_10954,843.49
OUT_10955,120.47
OUT_10956,133.03
OUT_10957,630.24
OUT_10958,159.12
OUT_10959,566.34
OUT_10960,294.42
OUT_10961,151.01
OUT_10962,911.68
OUT_10963,838.51
OUT_10964,868.37
OUT_10965,127.08
OUT_10966,891.23
OUT_10967,524.14
OUT_10968,599.91
OUT_10969,123.17
OUT_10970,306.7
OUT_10971,121.89
OUT_10972,139.52
OUT_10973,124.69
OUT_10974,359.74
OUT_10975,359.86
OUT_10976,146.95
OUT_10977,122.19
OUT_10978,137.24
OUT_10979,119.45
OUT_10980,522.81
OUT_10981,144.0
OUT_10982,382.8
OUT_10983,305.35
OUT_10984,122.96
OUT_10985,314.03
OUT_10986,119.7
OUT_10987,380.05
OUT_10988,326.05
OUT_10989,582.34
OUT_10990,503.49
OUT_10991,132.16
OUT_10992,153.51
OUT_10993,628.49
OUT_10994,119.35
OUT_10995,119.68
OUT_10996,872.42
OUT_10997,916.8
OUT_10998,126.25
OUT_10999,577.67
OUT_11000,125.65
OUT_11001,380.96
OUT_11002,155.54
OUT_11003,848.26
OUT_11004,122.9
OUT_11005,300.48
OUT_11006,310.82
OUT_11007,124.34
OUT_11009,345.2
OUT_11010,305.11
OUT_11011,184.76
OUT_11012,131.16
OUT_11013,312.31
OUT_11014,120.08
OUT_11015,561.22
OUT_11016,126.17
OUT_11017,616.34
OUT_11018,142.35
OUT_11019,120.54
OUT_11020,120.96
OUT_11021,606.93
OUT_11023,157.62
OUT_11024,135.57
OUT_11025,407.85
OUT_11026,123.45
OUT_11027,293.2
OUT_11028,284.66
OUT_11029,848.73
OUT_11030,121.42
OUT_11031,147.08
OUT_11032,131.42
OUT_11033,333.28
OUT_11034,290.4
OUT_11035,130.01
OUT_11036,299.97
OUT_11037,126.06
OUT_11038,283.28
OUT_11039,488.75
OUT_11040,148.06
OUT_11041,122.57
OUT_11042,332.09
OUT_11043,579.68
OUT_11044,182.15
OUT_11045,287.39
OUT_11046,311.93
OUT_11047,125.59
OUT_11048,323.64
OUT_11049,310.43
OUT_11050,295.51
OUT_11051,320.26
OUT_11052,605.83
OUT_11053,136.64
OUT_11054,338.98
OUT_11055,304.56
OUT_11056,904.95
OUT_11057,297.37
OUT_11058,125.9
OUT_11059,118.77
OUT_11060,348.73
OUT_11061,127.49
OUT_11062,144.91
OUT_11063,544.41
OUT_11064,356.53
OUT_11065,117.83
OUT_11066,140.21
OUT_11067,126.8
OUT_11068,614.78
OUT_11069,589.49
OUT_11070,300.39
OUT_11071,130.59
OUT_11072,121.46
OUT_11073,150.24
OUT_11074,121.61
OUT_11075,155.33
OUT_11076,355.6
OUT_11077,613.04
OUT_11078,120.64
OUT_11079,120.26
OUT_11080,139.16
OUT_11081,330.83
OUT_11082,148.95
OUT_11083,364.11
OUT_11084,315.76
OUT_11085,147.0
OUT_11086,125.76
OUT_11087,118.68
OUT_11088,124.63
OUT_11089,354.68
OUT_11090,590.92
OUT_11091,139.56
OUT_11092,339.33
OUT_11093,124.42
OUT_11094,895.22
OUT_11095,124.84
OUT_11096,124.27
OUT_11097,303.1
OUT_11098,585.36
OUT_11099,121.21
OUT_11100,121.49
OUT_11101,577.04
OUT_11102,122.72
OUT_11103,138.67
OUT_11104,122.84
OUT_11105,518.85
OUT_11106,505.14
OUT_11107,359.36
OUT_11108,883.1
OUT_11109,290.87
OUT_11110,293.47
OUT_11111,127.82
OUT_11112,528.14
OUT_11113,346.57
OUT_11114,326.17
OUT_11115,119.83
OUT_11116,140.87
OUT_11117,378.22
OUT_11118,118.37
OUT_11119,293.85
OUT_11120,587.16
OUT_11121,119.57
OUT_11122,131.66
OUT_11123,499.59
OUT_11124,582.57
OUT_11125,297.81
OUT_11126,144.14
OUT_11127,121.62
OUT_11128,839.04
OUT_11129,121.13
OUT_11130,124.51
OUT_11131,592.84
OUT_11132,295.31
OUT_11133,291.6
OUT_11134,119.3
OUT_11135,158.06
OUT_11136,127.98
OUT_11137,121.34
OUT_11138,385.75
OUT_11139,321.3
OUT_11140,545.71
OUT_11141,317.5
OUT_11143,850.26
OUT_11146,129.61
OUT_11147,172.02
OUT_11148,147.47
OUT_11149,123.21
OUT_11150,583.05
OUT_11151,290.98
OUT_11152,583.88
OUT_11153,291.51
OUT_11154,123.05
OUT_11155,170.07
OUT_11156,119.6
OUT_11158,375.6
OUT_11159,138.03
OUT_11160,346.11
OUT_11161,119.49
OUT_11162,128.73
OUT_11163,288.26
OUT_11164,131.46
OUT_11165,926.18
OUT_11166,129.1
OUT_11167,364.33
OUT_11168,921.47
OUT_11169,142.44
OUT_11170,129.25
OUT_11171,124.01
OUT_11172,311.58
OUT_11173,147.67
OUT_11174,121.07
OUT_11175,289.2
OUT_11176,296.44
OUT_11177,619.76
OUT_11178,136.04
OUT_11179,297.74
OUT_11180,120.66
OUT_11181,133.14
OUT_11182,577.37
OUT_11183,339.26
OUT_11184,150.52
OUT_11185,124.52
OUT_11186,295.77
OUT_11187,534.96
OUT_11188,122.86
OUT_11189,314.84
OUT_11190,127.48
OUT_11191,123.19
OUT_11192,388.67
OUT_11193,124.27
OUT_11194,118.7
OUT_11195,343.89
OUT_11196,124.46
OUT_11197,314.63
OUT_11198,318.22
OUT_11199,473.54
OUT_11200,122.54
OUT_11201,373.0
OUT_11202,118.93
OUT_11203,119.56
OUT_11204,905.99
OUT_11205,124.08
OUT_11206,127.85
OUT_11207,122.12
OUT_11208,563.3
OUT_11209,124.93
OUT_11210,130.76
OUT_11211,119.84
OUT_11212,394.2
OUT_11213,332.5
OUT_11214,919.29
OUT_11215,131.06
OUT_11217,892.48
OUT_11218,315.69
OUT_11219,551.03
OUT_11220,118.1
OUT_11221,125.34
OUT_11222,895.58
OUT_11223,129.64
OUT_11224,151.69
OUT_11225,886.44
OUT_11226,143.6
OUT_11227,128.25
OUT_11228,121.29
OUT_11229,352.88
OUT_11230,118.66
OUT_11231,285.75
OUT_11232,882.71
OUT_11233,585.27
OUT_11234,128.07
OUT_11235,123.09
OUT_11236,288.41
OUT_11237,120.79
OUT_11238,122.44
OUT_11239,599.96
OUT_11240,371.18
OUT_11241,121.43
OUT_11242,127.77
OUT_11243,153.66
OUT_11244,135.75
OUT_11245,338.51
OUT_11246,119.68
OUT_11247,120.79
OUT_11248,118.57
OUT_11249,335.62
OUT_11250,356.72
OUT_11251,839.64
OUT_11252,133.06
OUT_11253,652.05
OUT_11254,374.39
OUT_11255,363.32
OUT_11256,299.69
OUT_11257,119.17
OUT_11258,130.91
OUT_11259,165.08
OUT_11260,562.07
OUT_11261,832.81
OUT_11262,155.12
OUT_11264,134.19
OUT_11265,527.47
OUT_11266,119.2
OUT_11267,148.12
OUT_11268,338.87
OUT_11269,886.77
OUT_11271,156.63
OUT_11272,119.33
OUT_11273,366.51
OUT_11274,126.32
OUT_11275,139.4
OUT_11276,284.24
OUT_11277,177.13
OUT_11278,120.01
OUT_11279,128.43
OUT_11280,579.3
OUT_11281,164.62
OUT_11282,163.1
OUT_11283,145.67
OUT_11284,159.71
OUT_11285,122.19
OUT_11286,339.74
OUT_11287,122.18
OUT_11288,501.44
OUT_11289,121.61
OUT_11290,290.94
OUT_11291,606.37
OUT_11292,121.39
OUT_11293,314.69
OUT_11294,144.82
OUT_11295,118.13
OUT_11296,576.92
OUT_11297,290.06
OUT_11298,361.03
OUT_11299,133.17
OUT_11300,122.65
OUT_11301,119.89
OUT_11302,118.28
OUT_11303,578.61
OUT_11304,122.85
OUT_11305,886.62
OUT_11306,297.07
OUT_11308,297.69
OUT_11309,609.47
OUT_11310,348.71
OUT_11311,181.97
OUT_11313,125.09
OUT_11314,509.44
OUT_11315,348.94
OUT_11316,837.91
OUT_11317,571.9
OUT_11318,528.93
OUT_11319,120.3
OUT_11320,125.23
OUT_11321,288.34
OUT_11322,597.18
OUT_11323,310.89
OUT_11324,129.24
OUT_11325,164.52
OUT_11326,352.49
OUT_11327,132.57
OUT_11328,528.97
OUT_11329,127.25
OUT_11330,569.29
OUT_11331,307.12
OUT_11332,153.88
OUT_11333,361.55
OUT_11335,120.94
OUT_11336,356.26
OUT_11337,321.79
OUT_11338,295.82
OUT_11339,121.79
OUT_11340,330.58
OUT_11341,129.7
OUT_11342,365.73
OUT_11343,127.94
OUT_11344,123.09
OUT_11345,121.87
OUT_11346,294.56
OUT_11347,294.63
OUT_11348,129.62
OUT_11349,131.94
OUT_11350,362.04
OUT_11351,119.55
OUT_11352,315.17
OUT_11353,138.74
OUT_11354,564.32
OUT_11355,126.8
OUT_11356,143.96
OUT_11357,311.23
OUT_11358,153.62
OUT_11359,911.45
OUT_11360,295.91
OUT_11361,290.02
OUT_11362,351.3
OUT_11363,118.07
OUT_11364,135.49
OUT_11365,391.23
OUT_11366,126.55
OUT_11367,164.04
OUT_11369,121.47
OUT_11370,125.5
OUT_11371,324.73
OUT_11372,592.59
OUT_11373,299.17
OUT_11374,125.33
OUT_11375,350.45
OUT_11376,292.9
OUT_11377,123.35
OUT_11378,373.73
OUT_11379,119.78
OUT_11380,137.38
OUT_11381,332.48
OUT_11382,126.46
OUT_11383,337.4
OUT_11384,294.84
OUT_11385,337.54
OUT_11386,345.93
OUT_11387,149.62
OUT_11388,374.41
OUT_11389,120.37
OUT_11390,120.99
OUT_11391,119.63
OUT_11392,559.01
OUT_11394,593.0
OUT_11395,318.93
OUT_11396,339.03
OUT_11397,599.35
OUT_11398,284.76
OUT_11399,125.09
OUT_11400,134.22
OUT_11401,387.38
OUT_11402,128.24
OUT_11403,857.83
OUT_11404,119.47
OUT_11405,163.41
OUT_11406,585.99
OUT_11407,132.95
OUT_11408,136.16
OUT_11409,295.31
OUT_11410,333.42
OUT_11411,121.21
OUT_11412,119.3
OUT_11413,571.93
OUT_11414,129.48
OUT_11415,128.78
OUT_11416,597.2
OUT_11417,152.23
OUT_11418,125.24
OUT_11419,123.7
OUT_11420,353.81
OUT_11421,565.54
OUT_11422,374.0
OUT_11423,302.54
OUT_11424,289.93
OUT_11425,122.5
OUT_11426,836.03
OUT_11427,396.94
OUT_11428,324.29
OUT_11429,122.9
OUT_11430,122.75
OUT_11431,293.64
OUT_11432,341.08
OUT_11433,159.88
OUT_11434,484.58
OUT_11435,119.4
OUT_11436,159.02
OUT_11437,628.51
OUT_11438,539.88
OUT_11439,362.24
OUT_11440,119.94
OUT_11441,151.74
OUT_11442,117.8
OUT_11443,148.77
OUT_11444,125.68
OUT_11445,119.71
OUT_11446,343.36
OUT_11447,502.16
OUT_11448,118.55
OUT_11449,329.86
OUT_11450,119.93
OUT_11451,123.04
OUT_11452,157.47
OUT_11453,287.67
OUT_11454,327.8
OUT_11455,335.92
OUT_11456,122.79
OUT_11457,300.37
OUT_11458,877.68
OUT_11459,123.37
OUT_11460,922.81
OUT_11461,170.21
OUT_11462,135.1
OUT_11464,326.64
OUT_11465,854.77
OUT_11466,123.26
OUT_11467,128.11
OUT_11468,313.16
OUT_11469,156.29
OUT_11470,120.64
OUT_11471,326.01
OUT_11472,144.37
OUT_11473,318.66
OUT_11474,122.92
OUT_11475,556.61
OUT_11476,123.98
OUT_11477,120.49
OUT_11478,135.34
OUT_11479,284.36
OUT_11480,139.73
OUT_11481,121.98
OUT_11482,309.25
OUT_11483,293.71
OUT_11484,332.19
OUT_11485,127.17
OUT_11486,332.61
OUT_11487,330.23
OUT_11488,315.85
OUT_11489,284.1
OUT_11490,298.5
OUT_11491,310.12
OUT_11492,306.86
OUT_11493,355.99
OUT_11494,136.87
OUT_11495,399.66
OUT_11496,118.41
OUT_11497,868.45
OUT_11498,119.19
OUT_11499,162.95
OUT_11500,577.36
OUT_11501,133.18
OUT_11502,552.71
OUT_11503,319.29
OUT_11504,611.96
OUT_11505,137.11
OUT_11506,396.66
OUT_11507,118.84
OUT_11508,309.11
OUT_11509,120.71
OUT_11510,291.71
OUT_11511,296.42
OUT_11512,572.9
OUT_11513,341.85
OUT_11514,124.36
OUT_11515,546.5
OUT_11516,122.62
OUT_11517,347.98
OUT_11518,146.54
OUT_11519,122.3
OUT_11520,302.37
OUT_11521,125.27
OUT_11522,342.07
OUT_11523,904.54
OUT_11524,123.15
OUT_11525,148.04
OUT_11526,125.91
OUT_11527,128.93
OUT_11528,119.35
OUT_11529,118.84
OUT_11530,128.9
OUT_11531,297.64
OUT_11532,544.68
OUT_11533,134.15
OUT_11534,612.52
OUT_11535,318.41
OUT_11536,290.77
OUT_11537,125.58
OUT_11538,139.57
OUT_11539,289.52
OUT_11540,579.99
OUT_11541,329.64
OUT_11542,126.94
OUT_11543,118.74
OUT_11544,124.73
OUT_11545,560.94
OUT_11546,131.31
OUT_11547,585.48
OUT_11549,394.77
OUT_11550,160.23
OUT_11551,118.5
OUT_11552,134.96
OUT_11554,163.19
OUT_11555,139.42
OUT_11556,127.17
OUT_11557,284.72
OUT_11558,119.93
OUT_11559,548.78
OUT_11560,296.19
OUT_11561,121.26
OUT_11562,119.76
OUT_11563,598.29
OUT_11564,122.8
OUT_11565,299.61
OUT_11566,134.03
OUT_11567,534.66
OUT_11568,122.44
OUT_11569,590.27
OUT_11570,123.57
OUT_11571,343.21
OUT_11572,122.68
OUT_11573,298.97
OUT_11574,342.23
OUT_11575,121.6
OUT_11576,336.14
OUT_11577,142.65
OUT_11578,333.58
OUT_11579,140.65
OUT_11580,132.13
OUT_11581,121.79
OUT_11582,153.14
OUT_11583,318.25
OUT_11584,576.78
OUT_11585,365.26
OUT_11586,152.85
OUT_11588,926.84
OUT_11589,338.77
OUT_11590,860.12
OUT_11591,119.32
OUT_11592,121.76
OUT_11593,156.67
OUT_11594,118.83
OUT_11595,123.42
OUT_11596,127.22
OUT_11597,123.26
OUT_11598,349.31
OUT_11599,494.12
OUT_11600,118.45
OUT_11601,875.97
OUT_11602,128.37
OUT_11603,126.31
OUT_11604,123.12
OUT_11605,840.54
OUT_11606,306.66
OUT_11607,317.94
OUT_11608,120.62
OUT_11609,143.86
OUT_11610,119.91
OUT_11611,619.53
OUT_11613,579.82
OUT_11614,126.31
OUT_11615,284.57
OUT_11616,347.72
OUT_11617,317.59
OUT_11618,324.33
OUT_11619,1122.33
OUT_11620,129.41
OUT_11621,120.09
OUT_11622,607.12
OUT_11623,140.75
OUT_11624,123.35
OUT_11625,118.66
OUT_11626,118.39
OUT_11627,161.22
OUT_11628,319.85
OUT_11629,121.15
OUT_11630,499.9
OUT_11631,362.41
OUT_11632,413.85
OUT_11633,533.59
OUT_11634,118.44
OUT_11635,142.14
OUT_11636,885.13
OUT_11637,583.52
OUT_11638,128.91
OUT_11639,132.77
OUT_11640,353.73
OUT_11641,160.87
OUT_11642,528.37
OUT_11643,905.78
OUT_11644,853.93
OUT_11645,136.49
OUT_11646,525.54
OUT_11647,138.9
OUT_11648,314.69
OUT_11649,122.59
OUT_11650,156.72
OUT_11651,121.0
OUT_11652,554.49
OUT_11653,124.11
OUT_11654,137.48
OUT_11655,123.34
OUT_11656,119.2
OUT_11657,123.44
OUT_11658,121.42
OUT_11659,124.38
OUT_11660,122.71
OUT_11661,123.12
OUT_11662,585.38
OUT_11663,127.95
OUT_11664,140.82
OUT_11665,821.93
OUT_11666,569.61
OUT_11667,283.42
OUT_11668,352.98
OUT_11669,135.21
OUT_11670,122.49
OUT_11671,122.6
OUT_11672,606.2
OUT_11673,298.16
OUT_11674,564.76
OUT_11675,124.74
OUT_11676,304.51
OUT_11677,133.99
OUT_11678,124.94
OUT_11679,119.24
OUT_11680,579.9
OUT_11681,291.91
OUT_11682,120.38
OUT_11683,539.69
OUT_11684,115.54
OUT_11685,127.12
OUT_11686,621.76
OUT_11688,601.01
OUT_11689,290.51
OUT_11690,148.03
OUT_11691,171.04
OUT_11692,585.35
OUT_11693,335.67
OUT_11694,122.97
OUT_11695,144.95
OUT_11696,610.53
OUT_11697,886.99
OUT_11698,145.06
OUT_11699,311.67
OUT_11700,139.54
OUT_11701,131.66
OUT_11702,331.33
OUT_11703,124.36
OUT_11704,549.99
OUT_11705,119.33
OUT_11706,117.95
OUT_11707,305.65
OUT_11709,139.46
OUT_11710,120.48
OUT_11711,287.8
OUT_11712,160.8
OUT_11713,321.16
OUT_11714,118.4
OUT_11715,324.49
OUT_11716,301.53
OUT_11717,565.86
OUT_11718,293.96
OUT_11719,306.28
OUT_11720,849.16
OUT_11721,351.26
OUT_11722,120.59
OUT_11723,118.85
OUT_11724,132.12
OUT_11725,141.24
OUT_11726,135.16
OUT_11727,354.32
OUT_11728,128.18
OUT_11729,147.98
OUT_11730,121.78
OUT_11731,119.27
OUT_11732,148.19
OUT_11733,580.4
OUT_11735,124.41
OUT_11736,122.49
OUT_11737,120.76
OUT_11738,132.68
OUT_11740,152.82
OUT_11741,119.67
OUT_11742,322.11
OUT_11743,339.93
OUT_11744,126.59
OUT_11745,130.91
OUT_11746,555.36
OUT_11747,287.2
OUT_11748,123.76
OUT_11749,358.5
OUT_11750,316.55
OUT_11751,121.08
OUT_11752,151.58
OUT_11753,285.27
OUT_11754,120.76
OUT_11755,555.92
OUT_11756,140.98
OUT_11757,588.63
OUT_11758,131.49
OUT_11759,122.24
OUT_11760,120.82
OUT_11761,316.04
OUT_11762,607.3
OUT_11763,331.03
OUT_11764,327.91
OUT_11765,130.43
OUT_11766,133.73
OUT_11767,860.87
OUT_11768,136.33
OUT_11769,522.8
OUT_11770,835.19
OUT_11771,334.17
OUT_11772,350.03
OUT_11773,124.36
OUT_11774,123.24
OUT_11775,351.09
OUT_11776,122.9
OUT_11777,119.49
OUT_11778,148.55
OUT_11779,122.59
OUT_11780,527.01
OUT_11781,119.57
OUT_11782,119.18
OUT_11783,352.23
OUT_11784,318.98
OUT_11785,118.31
OUT_11786,146.25
OUT_11787,118.92
OUT_11788,841.25
OUT_11789,605.21
OUT_11790,296.68
OUT_11791,578.87
OUT_11792,379.76
OUT_11793,142.35
OUT_11794,119.85
OUT_11795,131.58
OUT_11796,285.8
OUT_11797,655.87
OUT_11798,303.89
OUT_11799,291.55
OUT_11800,286.43
OUT_11801,300.76
OUT_11802,136.93
OUT_11803,119.95
OUT_11804,907.77
OUT_11805,140.05
OUT_11806,121.77
OUT_11807,288.05
OUT_11808,324.19
OUT_11809,167.91
OUT_11810,119.73
OUT_11811,153.13
OUT_11812,144.54
OUT_11813,325.58
OUT_11814,285.12
OUT_11815,127.85
OUT_11816,532.13
OUT_11817,315.8
OUT_11818,121.61
OUT_11819,568.84
OUT_11820,560.58
OUT_11821,145.64
OUT_11822,136.09
OUT_11823,635.57
OUT_11824,421.9
OUT_11825,303.26
OUT_11826,149.01
OUT_11827,131.22
OUT_11828,136.75
OUT_11829,129.96
OUT_11830,125.71
OUT_11831,134.85
OUT_11832,121.2
OUT_11833,350.85
OUT_11834,282.63
OUT_11835,122.92
OUT_11836,119.85
OUT_11837,356.43
OUT_11838,300.25
OUT_11839,127.59
OUT_11840,139.91
OUT_11841,119.9
OUT_11842,297.59
OUT_11843,824.52
OUT_11844,129.2
OUT_11845,597.59
OUT_11846,131.86
OUT_11847,304.0
OUT_11848,632.77
OUT_11849,125.13
OUT_11850,118.21
OUT_11851,141.7
OUT_11852,557.23
OUT_11853,929.34
OUT_11854,119.11
OUT_11855,317.12
OUT_11856,305.76
OUT_11857,614.49
OUT_11858,290.12
OUT_11859,618.05
OUT_11860,125.75
OUT_11861,318.43
OUT_11862,328.62
OUT_11863,123.11
OUT_11864,134.21
OUT_11865,166.27
OUT_11866,292.15
OUT_11867,125.15
OUT_11868,556.02
OUT_11869,118.89
OUT_11870,355.06
OUT_11871,121.22
OUT_11872,365.25
OUT_11873,123.22
OUT_11874,120.78
OUT_11875,360.79
OUT_11876,310.34
OUT_11879,281.53
OUT_11880,155.85
OUT_11881,293.58
OUT_11882,294.17
OUT_11883,607.08
OUT_11884,145.0
OUT_11885,297.57
OUT_11886,335.25
OUT_11887,124.82
OUT_11888,142.85
OUT_11889,283.77
OUT_11890,126.04
OUT_11891,162.67
OUT_11892,144.62
OUT_11893,120.34
OUT_11894,537.72
OUT_11895,132.52
OUT_11896,128.1
OUT_11897,527.06
OUT_11898,532.13
OUT_11899,162.23
OUT_11900,549.03
OUT_11901,155.94
OUT_11902,128.69
OUT_11903,129.54
OUT_11904,162.18
OUT_11905,137.16
OUT_11906,123.66
OUT_11907,142.26
OUT_11908,161.03
OUT_11909,488.04
OUT_11910,343.14
OUT_11911,593.82
OUT_11912,307.58
OUT_11913,174.55
OUT_11914,322.25
OUT_11915,159.12
OUT_11916,123.41
OUT_11917,123.47
OUT_11918,122.72
OUT_11919,119.56
OUT_11920,575.68
OUT_11921,142.17
OUT_11922,577.08
OUT_11923,118.11
OUT_11924,146.65
OUT_11925,124.34
OUT_11926,130.08
OUT_11927,153.13
OUT_11928,153.75
OUT_11929,589.92
OUT_11930,123.12
OUT_11931,126.29
OUT_11932,124.34
OUT_11933,145.77
OUT_11934,347.02
OUT_11935,123.66
OUT_11936,119.89
OUT_11937,122.72
OUT_11938,120.78
OUT_11939,336.87
OUT_11940,347.9
OUT_11941,145.92
OUT_11942,387.3
OUT_11943,521.76
OUT_11944,597.83
OUT_11945,178.05
OUT_11946,126.32
OUT_11947,376.13
OUT_11948,121.96
OUT_11949,955.97
OUT_11950,906.6
OUT_11951,551.13
OUT_11952,122.42
OUT_11953,130.51
OUT_11954,293.3
OUT_11955,134.2
OUT_11956,141.16
OUT_11957,124.53
OUT_11958,600.3
OUT_11959,119.49
OUT_11960,529.54
OUT_11961,641.01
OUT_11962,315.84
OUT_11963,600.45
OUT_11964,122.04
OUT_11965,286.07
OUT_11966,119.38
OUT_11967,135.7
OUT_11968,537.24
OUT_11969,540.33
OUT_11970,509.27
OUT_11971,121.65
OUT_11972,292.63
OUT_11973,140.71
OUT_11974,155.07
OUT_11975,290.33
OUT_11976,569.48
OUT_11977,161.72
OUT_11978,323.4
OUT_11979,129.73
OUT_11981,818.61
OUT_11982,181.89
OUT_11983,351.13
OUT_11984,128.5
OUT_11985,128.79
OUT_11986,302.69
OUT_11987,289.68
OUT_11988,284.9
OUT_11989,303.37
OUT_11990,118.99
OUT_11991,298.44
OUT_11992,363.47
OUT_11993,286.63
OUT_11994,122.67
OUT_11995,334.46
OUT_11996,283.08
OUT_11997,120.68
OUT_11998,404.27
OUT_11999,125.12
OUT_12000,353.53
OUT_12001,144.74
OUT_12002,310.01
OUT_12003,337.23
OUT_12004,873.74
OUT_12005,118.55
OUT_12006,288.94
OUT_12007,369.46
OUT_12008,557.15
OUT_12009,120.79
OUT_12010,165.6
OUT_12011,142.03
OUT_12012,667.69
OUT_12013,319.93
OUT_12015,885.75
OUT_12016,119.16
OUT_12017,140.35
OUT_12018,124.77
OUT_12019,137.23
OUT_12020,135.05
OUT_12021,284.34
OUT_12022,334.22
OUT_12023,119.25
OUT_12024,121.01
OUT_12025,119.1
OUT_12026,818.21
OUT_12027,120.32
OUT_12028,366.56
OUT_12029,123.62
OUT_12030,561.78
OUT_12031,167.48
OUT_12032,347.73
OUT_12033,292.64
OUT_12034,128.3
OUT_12035,378.15
OUT_12036,523.65
OUT_12037,143.34
OUT_12038,124.87
OUT_12039,122.42
OUT_12040,161.89
OUT_12041,396.72
OUT_12042,288.25
OUT_12043,290.17
OUT_12044,121.89
OUT_12045,296.3
OUT_12046,166.91
OUT_12047,128.49
OUT_12048,126.3
OUT_12049,513.77
OUT_12050,157.78
OUT_12051,118.29
OUT_12052,136.86
OUT_12053,124.95
OUT_12054,317.03
OUT_12055,627.55
OUT_12056,120.4
OUT_12057,128.65
OUT_12058,589.62
OUT_12059,121.36
OUT_12060,900.65
OUT_12061,121.65
OUT_12062,364.09
OUT_12063,299.12
OUT_12064,283.36
OUT_12065,120.53
OUT_12066,124.7
OUT_12067,124.55
OUT_12068,127.21
OUT_12069,124.1
OUT_12070,394.58
OUT_12071,581.07
OUT_12072,120.54
OUT_12073,130.55
OUT_12074,559.47
OUT_12075,118.9
OUT_12076,136.34
OUT_12077,141.88
OUT_12078,155.97
OUT_12079,122.65
OUT_12080,121.73
OUT_12081,598.72
OUT_12082,334.52
OUT_12083,576.42
OUT_12084,299.78
OUT_12085,154.1
OUT_12086,120.6
OUT_12087,150.93
OUT_12088,147.58
OUT_12089,123.99
OUT_12090,293.49
OUT_12091,557.44
OUT_12092,123.27
OUT_12093,124.42
OUT_12094,127.17
OUT_12095,300.24
OUT_12096,297.2
OUT_12097,139.41
OUT_12098,316.87
OUT_12099,121.88
OUT_12100,124.69
OUT_12101,132.97
OUT_12102,118.36
OUT_12103,143.45
OUT_12105,148.9
OUT_12106,142.22
OUT_12107,123.48
OUT_12108,889.09
OUT_12109,355.11
OUT_12110,360.13
OUT_12111,152.2
OUT_12112,147.11
OUT_12113,526.58
OUT_12114,122.38
OUT_12115,539.7
OUT_12116,349.52
OUT_12117,120.25
OUT_12118,333.73
OUT_12119,117.67
OUT_12120,307.82
OUT_12121,382.69
OUT_12122,125.39
OUT_12123,336.65
OUT_12124,336.23
OUT_12125,317.15
OUT_12126,133.79
OUT_12127,171.68
OUT_12128,376.02
OUT_12129,121.69
OUT_12130,119.43
OUT_12131,846.2
OUT_12132,123.18
OUT_12133,120.02
OUT_12134,320.51
OUT_12135,134.11
OUT_12136,299.61
OUT_12137,321.26
OUT_12138,652.22
OUT_12139,556.64
OUT_12140,120.06
OUT_12141,926.71
OUT_12142,872.76
OUT_12143,121.03
OUT_12144,153.97
OUT_12145,604.24
OUT_12146,123.0
OUT_12147,126.32
OUT_12148,574.2
OUT_12149,138.77
OUT_12150,139.63
OUT_12151,122.68
OUT_12152,610.69
OUT_12153,348.01
OUT_12154,282.54
OUT_12155,121.71
OUT_12156,140.24
OUT_12157,287.78
OUT_12158,152.52
OUT_12159,913.94
OUT_12160,346.36
OUT_12161,122.01
OUT_12162,878.83
OUT_12164,125.21
OUT_12165,126.7
OUT_12166,124.95
OUT_12167,129.08
OUT_12168,124.91
OUT_12169,123.88
OUT_12170,281.98
OUT_12171,125.0
OUT_12172,380.34
OUT_12173,303.89
OUT_12174,290.23
OUT_12175,120.49
OUT_12176,281.66
OUT_12177,123.54
OUT_12178,119.15
OUT_12179,126.17
OUT_12180,119.41
OUT_12181,122.78
OUT_12182,314.44
OUT_12183,146.52
OUT_12184,380.69
OUT_12185,359.75
OUT_12186,142.0
OUT_12187,291.27
OUT_12188,145.66
OUT_12189,355.6
OUT_12190,123.56
OUT_12191,123.72
OUT_12192,129.74
OUT_12193,125.37
OUT_12194,372.5
OUT_12195,121.12
OUT_12196,153.39
OUT_12197,324.08
OUT_12198,324.14
OUT_12199,137.99
OUT_12200,593.0
OUT_12201,155.21
OUT_12202,138.67
OUT_12203,595.01
OUT_12204,121.85
OUT_12205,899.62
OUT_12206,864.45
OUT_12207,306.65
OUT_12208,332.85
OUT_12209,120.9
OUT_12210,118.3
OUT_12211,159.32
OUT_12212,118.68
OUT_12213,123.59
OUT_12214,359.0
OUT_12215,480.73
OUT_12216,338.62
OUT_12217,117.85
OUT_12218,157.11
OUT_12219,148.58
OUT_12220,585.04
OUT_12221,132.6
OUT_12222,119.42
OUT_12223,324.07
OUT_12224,557.35
OUT_12225,143.87
OUT_12226,134.04
OUT_12227,119.17
OUT_12228,149.18
OUT_12229,131.21
OUT_12230,142.06
OUT_12231,147.93
OUT_12232,151.6
OUT_12233,135.08
OUT_12234,120.44
OUT_12235,290.19
OUT_12236,122.13
OUT_12237,561.92
OUT_12238,126.01
OUT_12239,330.89
OUT_12240,120.53
OUT_12241,120.07
OUT_12242,600.81
OUT_12243,125.69
OUT_12244,299.88
OUT_12245,120.97
OUT_12246,129.68
OUT_12247,119.92
OUT_12248,357.1
OUT_12249,845.74
OUT_12250,582.27
OUT_12251,119.01
OUT_12252,120.7
OUT_12253,298.06
OUT_12254,142.16
OUT_12255,555.18
OUT_12256,599.06
OUT_12257,128.62
OUT_12258,847.53
OUT_12259,363.74
OUT_12260,122.58
OUT_12261,157.1
OUT_12262,288.43
OUT_12263,864.04
OUT_12264,909.02
OUT_12265,359.05
OUT_12266,162.17
OUT_12267,373.56
OUT_12268,923.1
OUT_12269,123.31
OUT_12270,381.7
OUT_12271,119.34
OUT_12272,341.55
OUT_12273,308.09
OUT_12274,124.34
OUT_12275,358.37
OUT_12276,130.71
OUT_12277,823.95
OUT_12278,125.14
OUT_12279,301.39
OUT_12280,292.3
OUT_12281,322.36
OUT_12282,329.55
OUT_12283,577.84
OUT_12284,120.53
OUT_12285,294.25
OUT_12286,169.73
OUT_12287,130.55
OUT_12288,123.19
OUT_12289,142.74
OUT_12290,125.83
OUT_12291,552.32
OUT_12292,331.24
OUT_12293,162.97
OUT_12294,348.29
OUT_12295,567.03
OUT_12296,129.27
OUT_12297,334.55
OUT_12298,313.41
OUT_12299,119.91
OUT_12300,142.72
OUT_12301,577.16
OUT_12302,136.48
OUT_12303,123.96
OUT_12304,119.61
OUT_12305,123.86
OUT_12306,867.5
OUT_12307,126.2
OUT_12308,300.31
OUT_12309,144.26
OUT_12310,292.89
OUT_12311,383.17
OUT_12312,296.89
OUT_12313,124.19
OUT_12314,318.0
OUT_12315,133.43
OUT_12316,127.82
OUT_12317,124.2
OUT_12318,122.81
OUT_12319,120.79
OUT_12320,131.1
OUT_12321,121.53
OUT_12322,126.56
OUT_12323,147.78
OUT_12324,294.8
OUT_12325,291.56
OUT_12326,123.54
OUT_12327,601.59
OUT_12328,291.64
OUT_12329,146.95
OUT_12330,122.72
OUT_12332,302.64
OUT_12333,375.04
OUT_12334,907.21
OUT_12335,293.18
OUT_12336,121.04
OUT_12337,136.17
OUT_12338,292.01
OUT_12339,154.01
OUT_12340,314.45
OUT_12341,122.22
OUT_12342,119.36
OUT_12343,559.06
OUT_12344,298.53
OUT_12345,987.85
OUT_12346,580.79
OUT_12347,306.91
OUT_12348,866.18
OUT_12349,374.84
OUT_12350,125.88
OUT_12351,123.94
OUT_12352,122.79
OUT_12353,123.54
OUT_12354,121.77
OUT_12355,359.76
OUT_12356,171.15
OUT_12357,119.26
OUT_12358,143.25
OUT_12359,123.96
OUT_12360,635.34
OUT_12361,122.57
OUT_12362,118.92
OUT_12363,123.71
OUT_12364,122.12
OUT_12365,164.51
OUT_12366,144.2
OUT_12367,351.23
OUT_12368,853.7
OUT_12369,527.07
OUT_12370,351.86
OUT_12371,574.42
OUT_12372,832.53
OUT_12373,282.41
OUT_12374,355.15
OUT_12375,342.18
OUT_12376,564.17
OUT_12377,121.73
OUT_12378,338.46
OUT_12379,123.71
OUT_12380,137.11
OUT_12381,506.4
OUT_12382,123.0
OUT_12383,123.88
OUT_12384,531.04
OUT_12385,143.58
OUT_12386,127.16
OUT_12387,357.36
OUT_12388,552.25
OUT_12389,338.93
OUT_12390,138.86
OUT_12391,297.52
OUT_12392,157.96
OUT_12393,290.63
OUT_12394,553.82
OUT_12395,118.82
OUT_12396,571.61
OUT_12397,119.83
OUT_12398,876.3
OUT_12399,304.27
OUT_12400,881.15
OUT_12401,601.39
OUT_12402,386.23
OUT_12403,119.98
OUT_12404,119.33
OUT_12405,121.8
OUT_12406,292.75
OUT_12408,126.91
OUT_12409,292.41
OUT_12410,385.14
OUT_12411,119.68
OUT_12412,306.59
OUT_12413,335.6
OUT_12414,579.47
OUT_12415,302.11
OUT_12416,365.0
OUT_12417,567.51
OUT_12418,298.32
OUT_12419,140.87
OUT_12420,337.48
OUT_12421,383.18
OUT_12422,174.9
OUT_12423,326.15
OUT_12424,487.37
OUT_12425,851.23
OUT_12426,123.46
OUT_12427,122.21
OUT_12428,121.38
OUT_12429,317.94
OUT_12430,292.65
OUT_12431,154.84
OUT_12432,151.83
OUT_12433,123.25
OUT_12434,290.86
OUT_12435,299.81
OUT_12436,585.88
OUT_12437,118.49
OUT_12438,118.91
OUT_12439,134.68
OUT_12441,118.53
OUT_12442,389.33
OUT_12443,173.21
OUT_12444,551.18
OUT_12445,870.98
OUT_12446,366.71
OUT_12447,126.95
OUT_12448,314.97
OUT_12449,140.29
OUT_12450,289.46
OUT_12451,132.02
OUT_12452,140.6
OUT_12453,124.07
OUT_12454,161.66
OUT_12455,118.52
OUT_12456,514.06
OUT_12457,146.21
OUT_12458,139.83
OUT_12459,359.83
OUT_12460,537.81
OUT_12461,123.72
OUT_12462,139.96
OUT_12463,579.31
OUT_12464,305.47
OUT_12465,120.15
OUT_12466,166.46
OUT_12467,123.62
OUT_12468,168.57
OUT_12469,560.72
OUT_12470,344.76
OUT_12471,117.76
OUT_12472,128.71
OUT_12473,367.13
OUT_12474,121.8
OUT_12475,126.35
OUT_12476,296.74
OUT_12477,125.99
OUT_12478,130.15
OUT_12479,352.36
OUT_12480,573.26
OUT_12481,122.91
OUT_12482,638.8
OUT_12483,510.87
OUT_12484,885.26
OUT_12485,625.54
OUT_12486,132.4
OUT_12487,123.49
OUT_12488,583.39
OUT_12489,144.6
OUT_12490,121.7
OUT_12491,122.82
OUT_12492,876.43
OUT_12493,153.43
OUT_12494,834.11
OUT_12495,325.21
OUT_12496,305.97
OUT_12497,118.07
OUT_12498,284.67
OUT_12499,144.65
OUT_12500,120.48
OUT_12501,320.65
OUT_12502,599.66
OUT_12503,287.42
OUT_12504,119.78
OUT_12505,173.38
OUT_12506,137.34
OUT_12507,533.63
OUT_12508,283.34
OUT_12509,556.77
OUT_12510,158.03
OUT_12511,125.3
OUT_12512,310.41
OUT_12513,294.88
OUT_12514,918.44
OUT_12515,296.62
OUT_12516,124.56
OUT_12517,142.41
OUT_12518,590.24
OUT_12519,125.66
OUT_12521,141.9
OUT_12522,551.03
OUT_12523,294.46
OUT_12524,121.17
OUT_12525,118.39
OUT_12526,151.62
OUT_12527,121.99
OUT_12528,119.48
OUT_12529,574.79
OUT_12530,569.17
OUT_12531,588.8
OUT_12532,120.89
OUT_12533,120.45
OUT_12535,153.81
OUT_12536,648.19
OUT_12537,141.98
OUT_12538,290.78
OUT_12539,123.53
OUT_12540,122.96
OUT_12541,122.26
OUT_12542,353.04
OUT_12543,159.91
OUT_12544,394.85
OUT_12546,133.53
OUT_12547,126.79
OUT_12548,149.57
OUT_12549,177.38
OUT_12550,125.19
OUT_12551,119.49
OUT_12552,542.77
OUT_12553,314.65
OUT_12554,154.15
OUT_12555,122.45
OUT_12556,121.9
OUT_12557,131.69
OUT_12558,121.38
OUT_12559,125.04
OUT_12560,133.74
OUT_12561,830.23
OUT_12562,619.49
OUT_12563,530.71
OUT_12564,339.17
OUT_12566,123.31
OUT_12567,166.67
OUT_12568,121.61
OUT_12569,543.78
OUT_12570,294.79
OUT_12571,136.87
OUT_12572,619.38
OUT_12573,148.99
OUT_12574,125.73
OUT_12575,338.34
OUT_12576,120.36
OUT_12577,121.99
OUT_12578,286.63
OUT_12579,342.72
OUT_12580,585.97
OUT_12581,558.72
OUT_12582,576.95
OUT_12583,145.52
OUT_12584,124.61
OUT_12585,132.81
OUT_12586,131.29
OUT_12587,546.6
OUT_12588,833.68
OUT_12589,136.43
OUT_12590,119.35
OUT_12591,337.14
OUT_12592,835.82
OUT_12593,335.68
OUT_12594,615.78
OUT_12595,345.14
OUT_12596,626.2
OUT_12597,137.13
OUT_12598,615.68
OUT_12599,121.48
OUT_12600,324.2
OUT_12601,138.51
OUT_12602,127.45
OUT_12603,594.97
OUT_12604,423.33
OUT_12605,385.77
OUT_12606,299.79
OUT_12607,343.16
OUT_12608,143.34
OUT_12609,172.06
OUT_12611,325.21
OUT_12612,144.7
OUT_12613,125.84
OUT_12614,155.22
OUT_12615,308.79
OUT_12616,158.83
OUT_12617,126.96
OUT_12618,303.12
OUT_12619,160.6
OUT_12620,142.22
OUT_12621,528.3
OUT_12622,123.4
OUT_12623,598.22
OUT_12624,855.61
OUT_12625,880.74
OUT_12626,162.38
OUT_12627,122.56
OUT_12628,363.78
OUT_12629,601.6
OUT_12630,332.06
OUT_12631,121.83
OUT_12632,606.32
OUT_12633,123.67
OUT_12634,134.36
OUT_12635,342.01
OUT_12636,139.63
OUT_12637,123.44
OUT_12638,865.38
OUT_12639,118.04
OUT_12640,124.64
OUT_12641,577.43
OUT_12642,877.14
OUT_12643,309.31
OUT_12644,387.83
OUT_12645,127.16
OUT_12646,151.98
OUT_12647,120.43
OUT_12648,122.36
OUT_12649,134.5
OUT_12650,127.19
OUT_12651,124.0
OUT_12652,308.78
OUT_12653,344.43
OUT_12654,605.55
OUT_12655,137.55
OUT_12656,128.15
OUT_12657,122.99
OUT_12658,933.55
OUT_12659,136.26
OUT_12660,314.77
OUT_12662,123.74
OUT_12663,139.98
OUT_12664,297.3
OUT_12665,176.89
OUT_12666,602.73
OUT_12667,126.47
OUT_12668,365.37
OUT_12670,366.96
OUT_12671,157.02
OUT_12672,570.33
OUT_12673,171.9
OUT_12674,159.13
OUT_12675,908.35
OUT_12676,118.91
OUT_12677,371.7
OUT_12678,310.63
OUT_12679,158.72
OUT_12680,126.57
OUT_12681,122.74
OUT_12682,551.51
OUT_12683,875.02
OUT_12684,122.63
OUT_12685,120.97
OUT_12686,148.55
OUT_12687,118.34
OUT_12688,121.22
OUT_12689,321.18
OUT_12690,296.84
OUT_12691,831.28
OUT_12692,324.05
OUT_12693,320.82
OUT_12694,172.37
OUT_12695,119.68
OUT_12696,136.99
OUT_12697,637.5
OUT_12698,291.99
OUT_12699,118.17
OUT_12700,123.53
OUT_12701,121.58
OUT_12702,574.76
OUT_12703,118.8
OUT_12704,607.0
OUT_12705,563.22
OUT_12706,303.33
OUT_12707,316.53
OUT_12708,134.64
OUT_12709,313.61
OUT_12710,124.4
OUT_12711,124.08
OUT_12712,293.9
OUT_12713,155.38
OUT_12714,384.13
OUT_12716,336.61
OUT_12717,320.83
OUT_12718,117.91
OUT_12719,335.6
OUT_12720,149.9
OUT_12721,119.39
OUT_12722,385.92
OUT_12723,125.8
OUT_12724,125.16
OUT_12725,119.79
OUT_12726,121.56
OUT_12728,851.16
OUT_12729,317.5
OUT_12730,550.9
OUT_12731,320.74
OUT_12732,119.03
OUT_12733,124.03
OUT_12734,497.2
OUT_12735,292.75
OUT_12736,118.75
OUT_12737,121.14
OUT_12738,122.44
OUT_12739,124.36
OUT_12740,600.02
OUT_12741,134.0
OUT_12742,877.41
OUT_12743,368.67
OUT_12744,331.34
OUT_12745,539.12
OUT_12746,134.61
OUT_12747,124.4
OUT_12748,159.96
OUT_12749,158.53
OUT_12750,282.65
OUT_12752,123.15
OUT_12753,341.43
OUT_12754,556.2
OUT_12755,328.97
OUT_12756,125.51
OUT_12757,121.83
OUT_12758,131.76
OUT_12759,133.82
OUT_12760,121.8
OUT_12761,119.26
OUT_12762,147.39
OUT_12763,300.88
OUT_12764,122.51
OUT_12765,121.08
OUT_12766,154.75
OUT_12767,123.5
OUT_12768,124.02
OUT_12769,546.92
OUT_12770,127.95
OUT_12771,126.16
OUT_12772,118.09
OUT_12773,118.19
OUT_12774,152.67
OUT_12775,132.62
OUT_12776,121.22
OUT_12777,375.47
OUT_12778,119.12
OUT_12779,124.88
OUT_12780,121.21
OUT_12781,174.55
OUT_12782,323.5
OUT_12783,582.18
OUT_12784,356.26
OUT_12785,285.3
OUT_12786,122.57
OUT_12787,155.31
OUT_12788,302.61
OUT_12789,352.09
OUT_12790,370.83
OUT_12791,118.51
OUT_12792,333.63
OUT_12793,418.37
OUT_12794,122.38
OUT_12795,126.11
OUT_12796,159.19
OUT_12797,130.77
OUT_12798,125.94
OUT_12799,120.67
OUT_12800,134.51
OUT_12801,324.34
OUT_12802,120.05
OUT_12803,126.11
OUT_12804,550.7
OUT_12805,128.75
OUT_12806,304.7
OUT_12807,572.4
OUT_12808,139.1
OUT_12809,295.58
OUT_12810,319.42
OUT_12811,307.56
OUT_12812,121.25
OUT_12813,379.11
OUT_12814,329.25
OUT_12815,575.97
OUT_12816,390.09
OUT_12817,288.41
OUT_12819,121.52
OUT_12820,576.16
OUT_12821,338.59
OUT_12822,121.09
OUT_12823,128.66
OUT_12824,119.38
OUT_12825,122.79
OUT_12826,129.26
OUT_12827,118.74
OUT_12828,121.52
OUT_12829,119.95
OUT_12830,140.41
OUT_12831,119.91
OUT_12832,287.97
OUT_12833,327.01
OUT_12834,925.88
OUT_12835,138.42
OUT_12836,330.33
OUT_12837,136.51
OUT_12838,123.52
OUT_12839,122.14
OUT_12840,124.35
OUT_12841,137.44
OUT_12842,462.48
OUT_12843,377.69
OUT_12844,351.72
OUT_12845,356.92
OUT_12846,122.31
OUT_12847,120.46
OUT_12848,897.93
OUT_12849,313.97
OUT_12850,129.43
OUT_12851,293.92
OUT_12852,129.15
OUT_12853,146.13
OUT_12854,142.51
OUT_12855,905.06
OUT_12856,122.44
OUT_12857,499.81
OUT_12858,133.02
OUT_12859,124.57
OUT_12860,158.48
OUT_12861,338.77
OUT_12862,389.41
OUT_12863,539.5
OUT_12864,141.7
OUT_12865,902.71
OUT_12866,119.9
OUT_12867,342.34
OUT_12868,126.26
OUT_12869,128.29
OUT_12870,170.17
OUT_12871,142.86
OUT_12872,130.29
OUT_12873,826.53
OUT_12874,943.57
OUT_12875,565.1
OUT_12876,304.41
OUT_12877,135.35
OUT_12878,120.63
OUT_12879,323.52
OUT_12881,332.7
OUT_12882,845.91
OUT_12883,320.85
OUT_12884,129.75
OUT_12885,292.22
OUT_12886,315.53
OUT_12887,133.69
OUT_12888,141.99
OUT_12889,316.73
OUT_12890,845.76
OUT_12891,299.57
OUT_12892,324.13
OUT_12893,118.65
OUT_12894,176.67
OUT_12895,119.64
OUT_12896,369.57
OUT_12897,149.13
OUT_12898,130.46
OUT_12899,135.98
OUT_12900,601.31
OUT_12901,118.49
OUT_12902,119.84
OUT_12903,148.39
OUT_12904,301.19
OUT_12905,595.06
OUT_12906,616.53
OUT_12907,543.41
OUT_12908,126.9
OUT_12909,290.74
OUT_12910,130.96
OUT_12911,559.88
OUT_12912,131.48
OUT_12913,317.95
OUT_12914,123.29
OUT_12915,355.43
OUT_12916,164.69
OUT_12917,121.43
OUT_12918,321.61
OUT_12919,125.06
OUT_12920,136.17
OUT_12921,287.02
OUT_12922,119.05
OUT_12923,513.55
OUT_12924,338.07
OUT_12925,388.43
OUT_12926,644.02
OUT_12927,160.53
OUT_12928,122.47
OUT_12929,118.53
OUT_12930,380.94
OUT_12931,135.01
OUT_12932,869.14
OUT_12933,339.55
OUT_12934,368.21
OUT_12935,644.46
OUT_12936,145.06
OUT_12937,148.08
OUT_12938,122.22
OUT_12939,860.45
OUT_12940,118.37
OUT_12941,594.81
OUT_12942,350.92
OUT_12943,151.71
OUT_12944,324.7
OUT_12945,350.31
OUT_12946,290.89
OUT_12947,173.7
OUT_12948,121.73
OUT_12949,555.0
OUT_12950,328.14
OUT_12951,336.26
OUT_12952,126.12
OUT_12953,629.12
OUT_12954,125.13
OUT_12955,121.89
OUT_12956,121.79
OUT_12958,362.83
OUT_12959,129.16
OUT_12960,334.4
OUT_12961,560.49
OUT_12962,124.61
OUT_12963,378.42
OUT_12964,122.44
OUT_12965,608.35
OUT_12966,127.57
OUT_12967,121.62
OUT_12968,136.83
OUT_12969,922.44
OUT_12970,293.13
OUT_12971,538.2
OUT_12972,347.68
OUT_12973,122.19
OUT_12974,930.35
OUT_12975,124.64
OUT_12976,551.4
OUT_12977,542.87
OUT_12978,889.75
OUT_12979,322.52
OUT_12980,118.6
OUT_12981,135.3
OUT_12982,385.43
OUT_12983,135.7
OUT_12984,121.31
OUT_12985,494.45
OUT_12986,546.61
OUT_12987,879.9
OUT_12988,141.75
OUT_12989,167.77
OUT_12990,355.09
OUT_12991,578.34
OUT_12992,300.98
OUT_12993,519.7
OUT_12994,329.86
OUT_12995,119.08
OUT_12996,317.34
OUT_12998,130.76
OUT_12999,122.86
OUT_13000,291.08
OUT_13001,113.99
OUT_13002,114.12
OUT_13003,112.61
OUT_13004,316.57
OUT_13005,140.62
OUT_13006,115.17
OUT_13007,114.09
OUT_13008,851.26
OUT_13009,113.71
OUT_13010,476.51
OUT_13011,126.1
OUT_13012,130.58
OUT_13013,113.3
OUT_13014,128.94
OUT_13015,344.18
OUT_13016,112.86
OUT_13017,546.58
OUT_13018,282.03
OUT_13019,577.56
OUT_13020,306.67
OUT_13021,118.02
OUT_13022,118.17
OUT_13023,865.89
OUT_13024,146.57
OUT_13025,117.54
OUT_13026,501.45
OUT_13027,283.37
OUT_13028,126.46
OUT_13029,291.85
OUT_13030,115.77
OUT_13031,114.58
OUT_13032,636.42
OUT_13033,113.21
OUT_13034,114.28
OUT_13035,857.74
OUT_13036,276.91
OUT_13037,110.94
OUT_13038,116.55
OUT_13039,341.05
OUT_13040,112.9
OUT_13041,112.26
OUT_13042,111.03
OUT_13043,111.75
OUT_13044,313.28
OUT_13045,116.18
OUT_13046,117.4
OUT_13047,120.62
OUT_13048,111.79
OUT_13049,146.47
OUT_13050,117.0
OUT_13051,112.27
OUT_13052,482.08
OUT_13053,306.39
OUT_13054,111.17
OUT_13055,880.88
OUT_13056,275.7
OUT_13057,594.24
OUT_13058,121.56
OUT_13059,119.5
OUT_13060,114.35
OUT_13061,112.12
OUT_13062,112.58
OUT_13063,550.21
OUT_13064,114.2
OUT_13065,115.71
OUT_13066,281.16
OUT_13067,118.24
OUT_13068,129.19
OUT_13069,111.84
OUT_13070,113.01
OUT_13071,113.06
OUT_13072,570.56
OUT_13073,114.39
OUT_13074,119.5
OUT_13075,279.39
OUT_13076,351.04
OUT_13077,112.42
OUT_13078,114.75
OUT_13079,116.79
OUT_13080,112.44
OUT_13081,121.29
OUT_13082,157.44
OUT_13083,118.81
OUT_13084,136.48
OUT_13085,116.2
OUT_13086,113.23
OUT_13087,117.73
OUT_13088,585.94
OUT_13089,113.44
OUT_13090,119.67
OUT_13091,351.62
OUT_13092,343.32
OUT_13093,347.45
OUT_13094,141.43
OUT_13095,278.32
OUT_13096,366.0
OUT_13097,551.89
OUT_13099,158.09
OUT_13100,112.95
OUT_13101,301.91
OUT_13102,114.49
OUT_13103,115.59
OUT_13104,285.43
OUT_13105,514.76
OUT_13106,113.04
OUT_13107,111.25
OUT_13108,114.68
OUT_13109,305.13
OUT_13110,120.21
OUT_13111,276.14
OUT_13112,144.5
OUT_13113,852.77
OUT_13114,122.64
OUT_13115,126.84
OUT_13116,355.73
OUT_13117,121.01
OUT_13118,870.89
OUT_13119,284.49
OUT_13120,272.88
OUT_13121,111.11
OUT_13122,113.06
OUT_13123,114.47
OUT_13124,114.9
OUT_13125,286.03
OUT_13126,113.56
OUT_13127,114.09
OUT_13128,526.26
OUT_13129,284.52
OUT_13130,319.19
OUT_13131,114.16
OUT_13132,116.32
OUT_13133,112.17
OUT_13134,110.74
OUT_13135,543.46
OUT_13136,116.29
OUT_13137,116.02
OUT_13138,115.8
OUT_13139,186.44
OUT_13141,305.03
OUT_13142,142.99
OUT_13143,150.6
OUT_13144,527.58
OUT_13145,111.88
OUT_13146,119.88
OUT_13147,119.48
OUT_13148,298.82
OUT_13149,566.37
OUT_13150,283.73
OUT_13151,312.2
OUT_13152,294.1
OUT_13153,270.86
OUT_13154,112.79
OUT_13155,112.45
OUT_13156,123.21
OUT_13157,328.86
OUT_13158,605.77
OUT_13159,114.12
OUT_13160,126.55
OUT_13161,117.99
OUT_13162,138.13
OUT_13163,115.88
OUT_13164,125.06
OUT_13165,301.69
OUT_13166,122.45
OUT_13167,318.61
OUT_13168,515.91
OUT_13169,113.04
OUT_13170,289.29
OUT_13171,317.94
OUT_13172,272.76
OUT_13173,528.84
OUT_13174,112.64
OUT_13175,111.29
OUT_13176,112.0
OUT_13177,326.56
OUT_13178,118.31
OUT_13179,116.08
OUT_13180,303.53
OUT_13181,116.37
OUT_13182,117.17
OUT_13183,121.46
OUT_13184,285.15
OUT_13185,306.14
OUT_13186,277.63
OUT_13187,112.82
OUT_13188,310.11
OUT_13189,326.07
OUT_13190,120.22
OUT_13191,112.96
OUT_13192,113.07
OUT_13193,113.25
OUT_13194,282.32
OUT_13195,111.65
OUT_13196,116.27
OUT_13197,123.76
OUT_13198,303.47
OUT_13199,113.28
OUT_13200,116.94
OUT_13201,339.09
OUT_13202,120.37
OUT_13203,324.53
OUT_13204,116.02
OUT_13205,113.21
OUT_13206,553.95
OUT_13207,119.49
OUT_13208,143.99
OUT_13209,115.05
OUT_13210,275.17
OUT_13211,133.53
OUT_13212,113.55
OUT_13213,286.5
OUT_13214,122.7
OUT_13215,114.01
OUT_13216,115.08
OUT_13217,111.66
OUT_13218,126.52
OUT_13219,125.11
OUT_13220,533.04
OUT_13221,114.7
OUT_13222,130.96
OUT_13223,323.11
OUT_13224,124.17
OUT_13225,143.29
OUT_13226,116.26
OUT_13227,362.68
OUT_13228,594.07
OUT_13229,110.91
OUT_13230,881.05
OUT_13231,518.22
OUT_13232,842.09
OUT_13233,145.74
OUT_13234,862.95
OUT_13235,118.99
OUT_13236,121.43
OUT_13237,912.54
OUT_13238,559.27
OUT_13239,159.88
OUT_13240,860.46
OUT_13241,317.05
OUT_13242,136.22
OUT_13243,304.57
OUT_13244,113.5
OUT_13245,118.21
OUT_13246,278.68
OUT_13247,112.78
OUT_13248,115.1
OUT_13249,114.86
OUT_13250,136.93
OUT_13251,114.18
OUT_13252,543.14
OUT_13253,116.12
OUT_13254,953.09
OUT_13255,112.68
OUT_13256,583.6
OUT_13257,113.07
OUT_13258,362.8
OUT_13259,117.05
OUT_13260,114.77
OUT_13261,179.07
OUT_13262,119.99
OUT_13263,114.56
OUT_13264,306.88
OUT_13265,112.04
OUT_13266,892.99
OUT_13267,112.58
OUT_13268,135.07
OUT_13269,596.53
OUT_13270,563.27
OUT_13271,597.6
OUT_13272,513.48
OUT_13273,125.16
OUT_13274,114.5
OUT_13275,114.84
OUT_13276,138.87
OUT_13277,284.01
OUT_13278,136.19
OUT_13279,306.74
OUT_13280,279.14
OUT_13281,527.46
OUT_13282,114.56
OUT_13283,111.48
OUT_13284,611.1
OUT_13285,557.28
OUT_13286,368.7
OUT_13287,126.11
OUT_13288,494.52
OUT_13289,604.55
OUT_13290,115.04
OUT_13291,116.87
OUT_13292,330.81
OUT_13293,283.28
OUT_13294,293.63
OUT_13295,114.09
OUT_13296,813.81
OUT_13297,285.26
OUT_13298,332.8
OUT_13299,114.63
OUT_13301,120.31
OUT_13302,308.33
OUT_13303,307.46
OUT_13304,111.46
OUT_13305,110.86
OUT_13306,143.5
OUT_13307,122.62
OUT_13308,114.94
OUT_13309,298.48
OUT_13310,139.46
OUT_13311,314.75
OUT_13312,116.71
OUT_13313,125.28
OUT_13314,859.26
OUT_13315,122.51
OUT_13316,112.62
OUT_13317,114.37
OUT_13318,566.4
OUT_13319,618.19
OUT_13320,570.53
OUT_13321,115.83
OUT_13322,115.1
OUT_13323,113.9
OUT_13324,283.13
OUT_13325,112.7
OUT_13326,123.04
OUT_13328,121.36
OUT_13329,124.39
OUT_13330,116.15
OUT_13331,112.43
OUT_13332,130.93
OUT_13333,918.86
OUT_13334,366.34
OUT_13335,842.8
OUT_13336,143.24
OUT_13337,116.02
OUT_13338,573.82
OUT_13339,550.98
OUT_13340,137.21
OUT_13341,117.21
OUT_13342,120.84
OUT_13343,538.6
OUT_13344,116.07
OUT_13345,159.25
OUT_13346,160.67
OUT_13347,1077.32
OUT_13348,109.85
OUT_13349,118.54
OUT_13350,588.39
OUT_13351,325.71
OUT_13352,323.79
OUT_13353,377.89
OUT_13354,148.02
OUT_13355,290.62
OUT_13356,113.73
OUT_13357,114.62
OUT_13358,117.82
OUT_13359,162.13
OUT_13360,289.96
OUT_13361,111.24
OUT_13362,114.3
OUT_13363,116.62
OUT_13364,372.64
OUT_13365,114.73
OUT_13366,288.3
OUT_13367,112.8
OUT_13368,284.85
OUT_13369,353.13
OUT_13370,625.88
OUT_13371,112.14
OUT_13372,127.0
OUT_13373,124.32
OUT_13374,114.48
OUT_13375,117.22
OUT_13376,341.83
OUT_13377,327.88
OUT_13378,119.3
OUT_13379,838.76
OUT_13380,299.17
OUT_13381,120.94
OUT_13382,123.85
OUT_13383,115.6
OUT_13384,309.65
OUT_13385,336.07
OUT_13386,112.5
OUT_13387,298.8
OUT_13388,270.74
OUT_13389,282.83
OUT_13390,564.1
OUT_13391,337.23
OUT_13392,618.99
OUT_13393,116.04
OUT_13394,137.24
OUT_13395,525.11
OUT_13396,117.26
OUT_13397,127.17
OUT_13398,119.46
OUT_13399,132.32
OUT_13400,113.54
OUT_13401,279.11
OUT_13402,353.46
OUT_13403,869.85
OUT_13404,126.05
OUT_13405,353.33
OUT_13406,142.46
OUT_13407,114.81
OUT_13408,120.33
OUT_13409,284.29
OUT_13410,568.13
OUT_13411,119.51
OUT_13412,817.83
OUT_13413,325.33
OUT_13414,567.31
OUT_13415,112.38
OUT_13416,298.73
OUT_13417,607.32
OUT_13418,114.52
OUT_13419,113.57
OUT_13420,111.8
OUT_13421,155.5
OUT_13422,116.42
OUT_13423,125.7
OUT_13424,135.95
OUT_13425,111.81
OUT_13426,116.08
OUT_13427,119.46
OUT_13428,116.68
OUT_13429,114.73
OUT_13430,458.77
OUT_13431,113.57
OUT_13432,118.19
OUT_13433,121.87
OUT_13434,154.54
OUT_13435,114.63
OUT_13436,132.46
OUT_13437,111.42
OUT_13438,113.41
OUT_13439,124.74
OUT_13440,546.52
OUT_13441,114.1
OUT_13442,487.43
OUT_13443,273.0
OUT_13444,114.81
OUT_13445,111.49
OUT_13446,570.56
OUT_13447,338.41
OUT_13448,565.82
OUT_13449,114.76
OUT_13450,277.09
OUT_13451,114.51
OUT_13452,126.75
OUT_13453,562.67
OUT_13454,150.51
OUT_13455,295.04
OUT_13456,146.07
OUT_13457,279.08
OUT_13458,594.62
OUT_13459,133.7
OUT_13460,128.52
OUT_13461,116.36
OUT_13462,300.7
OUT_13463,139.5
OUT_13464,337.75
OUT_13465,139.34
OUT_13466,115.59
OUT_13467,143.24
OUT_13468,604.14
OUT_13469,536.4
OUT_13470,309.07
OUT_13471,125.26
OUT_13472,310.96
OUT_13473,131.28
OUT_13474,123.09
OUT_13475,122.42
OUT_13476,275.53
OUT_13477,561.32
OUT_13478,276.56
OUT_13479,110.76
OUT_13480,148.65
OUT_13481,881.5
OUT_13482,277.65
OUT_13483,119.15
OUT_13484,278.3
OUT_13485,541.12
OUT_13486,118.15
OUT_13487,113.92
OUT_13488,281.0
OUT_13489,275.29
OUT_13490,377.79
OUT_13491,113.28
OUT_13492,114.46
OUT_13493,118.05
OUT_13494,114.51
OUT_13495,119.82
OUT_13496,493.79
OUT_13497,151.14
OUT_13498,313.18
OUT_13499,360.5
OUT_13500,279.21
OUT_13501,273.41
OUT_13502,121.21
OUT_13503,151.54
OUT_13504,470.2
OUT_13505,486.44
OUT_13506,594.83
OUT_13507,375.69
OUT_13508,178.45
OUT_13509,344.31
OUT_13510,135.27
OUT_13511,126.16
OUT_13513,128.39
OUT_13514,863.3
OUT_13515,284.06
OUT_13516,533.97
OUT_13517,273.23
OUT_13518,112.58
OUT_13519,118.9
OUT_13520,472.52
OUT_13521,134.34
OUT_13522,506.56
OUT_13523,159.17
OUT_13524,282.7
OUT_13525,141.99
OUT_13526,557.51
OUT_13527,581.6
OUT_13528,156.73
OUT_13529,115.24
OUT_13530,516.36
OUT_13531,272.15
OUT_13532,118.82
OUT_13533,283.71
OUT_13534,874.67
OUT_13535,115.41
OUT_13536,552.64
OUT_13537,123.5
OUT_13538,113.4
OUT_13539,274.78
OUT_13540,830.92
OUT_13541,114.98
OUT_13542,119.53
OUT_13543,319.47
OUT_13544,267.85
OUT_13545,286.49
OUT_13546,271.36
OUT_13547,299.67
OUT_13548,138.49
OUT_13549,364.62
OUT_13550,110.02
OUT_13551,311.16
OUT_13552,161.48
OUT_13553,125.55
OUT_13554,281.19
OUT_13555,112.84
OUT_13556,569.96
OUT_13557,116.09
OUT_13558,130.73
OUT_13559,111.08
OUT_13560,886.44
OUT_13561,126.83
OUT_13562,548.12
OUT_13563,503.23
OUT_13564,158.96
OUT_13565,118.84
OUT_13566,110.6
OUT_13568,370.25
OUT_13569,113.66
OUT_13570,155.9
OUT_13571,144.3
OUT_13572,113.55
OUT_13573,120.53
OUT_13574,585.36
OUT_13575,588.76
OUT_13576,114.93
OUT_13577,109.82
OUT_13578,129.36
OUT_13579,516.52
OUT_13580,306.45
OUT_13581,109.79
OUT_13582,282.56
OUT_13583,119.6
OUT_13584,124.5
OUT_13585,150.14
OUT_13586,115.1
OUT_13587,168.66
OUT_13588,126.36
OUT_13589,124.52
OUT_13590,306.61
OUT_13591,112.22
OUT_13592,362.22
OUT_13593,112.84
OUT_13594,120.49
OUT_13595,563.99
OUT_13596,596.93
OUT_13597,113.45
OUT_13599,872.09
OUT_13600,156.08
OUT_13601,113.17
OUT_13602,277.54
OUT_13603,508.21
OUT_13604,112.99
OUT_13605,283.64
OUT_13606,119.13
OUT_13607,302.71
OUT_13609,130.64
OUT_13610,136.25
OUT_13611,583.03
OUT_13612,117.22
OUT_13613,937.0
OUT_13614,333.71
OUT_13615,112.23
OUT_13616,115.81
OUT_13617,385.37
OUT_13618,814.44
OUT_13620,620.11
OUT_13621,116.26
OUT_13622,282.13
OUT_13623,308.1
OUT_13624,276.97
OUT_13625,327.58
OUT_13626,344.78
OUT_13627,336.64
OUT_13628,117.11
OUT_13629,114.1
OUT_13630,112.53
OUT_13631,282.33
OUT_13632,140.1
OUT_13633,301.54
OUT_13634,567.08
OUT_13635,113.39
OUT_13636,110.78
OUT_13637,113.87
OUT_13638,293.15
OUT_13639,838.58
OUT_13640,280.69
OUT_13641,282.1
OUT_13642,538.39
OUT_13643,132.05
OUT_13644,528.47
OUT_13645,593.19
OUT_13646,112.25
OUT_13647,832.28
OUT_13648,835.33
OUT_13649,495.98
OUT_13650,112.81
OUT_13651,357.71
OUT_13652,131.33
OUT_13653,116.47
OUT_13654,278.41
OUT_13655,114.64
OUT_13656,139.9
OUT_13657,287.72
OUT_13658,111.16
OUT_13659,113.88
OUT_13660,280.7
OUT_13661,112.26
OUT_13662,327.09
OUT_13663,281.78
OUT_13664,541.78
OUT_13665,874.84
OUT_13666,127.48
OUT_13667,111.28
OUT_13668,302.97
OUT_13669,114.06
OUT_13670,600.43
OUT_13671,278.13
OUT_13672,326.69
OUT_13673,117.11
OUT_13674,119.33
OUT_13675,161.8
OUT_13676,120.24
OUT_13677,507.18
OUT_13678,581.85
OUT_13679,113.18
OUT_13680,124.8
OUT_13681,116.1
OUT_13682,118.22
OUT_13683,325.58
OUT_13684,312.92
OUT_13685,111.64
OUT_13686,118.1
OUT_13687,273.23
OUT_13688,115.23
OUT_13689,137.69
OUT_13690,154.88
OUT_13691,278.17
OUT_13692,122.44
OUT_13693,298.08
OUT_13694,856.24
OUT_13695,119.65
OUT_13696,296.04
OUT_13697,310.04
OUT_13698,117.76
OUT_13699,356.64
OUT_13700,113.79
OUT_13701,110.39
OUT_13702,397.0
OUT_13703,112.69
OUT_13704,115.38
OUT_13705,146.8
OUT_13706,110.86
OUT_13707,115.14
OUT_13708,112.39
OUT_13709,112.64
OUT_13710,116.2
OUT_13711,127.65
OUT_13712,164.59
OUT_13713,121.46
OUT_13714,117.32
OUT_13715,534.44
OUT_13716,600.2
OUT_13717,315.61
OUT_13718,554.76
OUT_13719,358.06
OUT_13720,115.37
OUT_13721,280.01
OUT_13722,271.33
OUT_13723,361.62
OUT_13724,112.77
OUT_13725,130.99
OUT_13726,270.43
OUT_13727,136.85
OUT_13728,119.63
OUT_13729,111.53
OUT_13730,115.01
OUT_13731,119.23
OUT_13732,270.3
OUT_13733,157.9
OUT_13734,594.25
OUT_13735,110.03
OUT_13736,563.05
OUT_13737,570.97
OUT_13738,153.52
OUT_13739,114.18
OUT_13740,110.02
OUT_13741,116.09
OUT_13742,568.68
OUT_13743,116.28
OUT_13744,127.34
OUT_13745,112.79
OUT_13746,112.53
OUT_13747,280.5
OUT_13748,112.44
OUT_13749,116.57
OUT_13750,272.22
OUT_13751,127.93
OUT_13752,282.95
OUT_13753,867.44
OUT_13754,116.97
OUT_13755,351.27
OUT_13756,134.82
OUT_13757,543.31
OUT_13758,508.39
OUT_13759,170.58
OUT_13760,272.77
OUT_13761,562.8
OUT_13762,569.95
OUT_13763,588.52
OUT_13764,116.57
OUT_13765,111.24
OUT_13766,115.43
OUT_13767,281.11
OUT_13768,276.49
OUT_13769,151.34
OUT_13770,113.42
OUT_13771,132.29
OUT_13772,115.13
OUT_13773,275.9
OUT_13774,116.88
OUT_13775,122.33
OUT_13776,333.3
OUT_13777,281.82
OUT_13778,114.76
OUT_13779,113.28
OUT_13780,559.92
OUT_13781,115.11
OUT_13782,113.8
OUT_13783,112.65
OUT_13784,123.34
OUT_13785,128.31
OUT_13786,350.43
OUT_13787,116.58
OUT_13788,112.76
OUT_13789,283.09
OUT_13790,291.42
OUT_13791,580.57
OUT_13792,114.8
OUT_13793,284.64
OUT_13794,146.35
OUT_13795,131.86
OUT_13796,279.44
OUT_13797,111.16
OUT_13798,111.11
OUT_13799,114.49
OUT_13800,499.51
OUT_13801,902.09
OUT_13802,537.69
OUT_13804,112.17
OUT_13805,133.29
OUT_13806,282.85
OUT_13807,310.71
OUT_13808,853.29
OUT_13809,112.94
OUT_13810,119.44
OUT_13811,360.74
OUT_13812,589.73
OUT_13813,822.53
OUT_13814,131.57
OUT_13815,561.95
OUT_13816,118.83
OUT_13817,284.95
OUT_13818,278.94
OUT_13819,349.82
OUT_13820,116.88
OUT_13821,578.66
OUT_13822,113.74
OUT_13823,293.72
OUT_13824,138.86
OUT_13825,116.79
OUT_13826,291.23
OUT_13827,275.55
OUT_13828,819.4
OUT_13829,316.87
OUT_13830,137.16
OUT_13831,315.88
OUT_13832,168.71
OUT_13833,350.2
OUT_13834,286.6
OUT_13835,270.19
OUT_13836,125.33
OUT_13837,113.4
OUT_13838,114.04
OUT_13839,322.0
OUT_13840,320.89
OUT_13841,113.43
OUT_13842,125.96
OUT_13843,286.53
OUT_13844,111.6
OUT_13845,113.15
OUT_13846,117.02
OUT_13847,315.29
OUT_13848,112.28
OUT_13850,134.69
OUT_13851,564.94
OUT_13852,117.4
OUT_13853,130.56
OUT_13854,126.85
OUT_13855,123.42
OUT_13856,134.5
OUT_13857,549.88
OUT_13858,516.22
OUT_13859,130.93
OUT_13860,110.75
OUT_13861,119.78
OUT_13862,152.66
OUT_13863,130.81
OUT_13864,129.75
OUT_13865,115.97
OUT_13866,119.82
OUT_13867,112.77
OUT_13868,113.56
OUT_13869,155.14
OUT_13870,110.94
OUT_13871,282.7
OUT_13872,115.45
OUT_13873,306.98
OUT_13874,113.28
OUT_13875,519.32
OUT_13876,353.9
OUT_13877,554.86
OUT_13878,278.82
OUT_13879,300.15
OUT_13880,875.3
OUT_13881,282.08
OUT_13882,150.38
OUT_13883,829.14
OUT_13884,503.63
OUT_13886,115.48
OUT_13887,111.81
OUT_13888,146.41
OUT_13889,139.88
OUT_13890,136.27
OUT_13891,277.72
OUT_13892,113.44
OUT_13893,120.83
OUT_13894,371.67
OUT_13895,124.78
OUT_13896,378.21
OUT_13897,306.43
OUT_13898,111.79
OUT_13899,166.55
OUT_13900,276.57
OUT_13901,109.77
OUT_13902,273.51
OUT_13903,114.92
OUT_13904,486.51
OUT_13905,848.26
OUT_13906,135.29
OUT_13907,276.44
OUT_13908,867.41
OUT_13909,157.7
OUT_13910,125.86
OUT_13911,114.62
OUT_13912,462.3
OUT_13913,308.16
OUT_13914,278.95
OUT_13915,334.04
OUT_13916,281.22
OUT_13917,333.0
OUT_13918,284.04
OUT_13919,293.42
OUT_13920,131.9
OUT_13921,885.47
OUT_13922,118.92
OUT_13923,169.15
OUT_13924,276.31
OUT_13925,566.55
OUT_13926,324.71
OUT_13927,142.58
OUT_13928,114.84
OUT_13929,112.44
OUT_13930,116.06
OUT_13931,277.77
OUT_13932,280.85
OUT_13933,288.96
OUT_13934,117.58
OUT_13935,281.31
OUT_13936,128.49
OUT_13937,626.72
OUT_13938,286.0
OUT_13939,111.37
OUT_13940,285.12
OUT_13941,115.83
OUT_13942,124.99
OUT_13943,544.81
OUT_13944,571.57
OUT_13945,111.16
OUT_13946,353.29
OUT_13947,312.53
OUT_13948,147.01
OUT_13949,113.77
OUT_13950,559.98
OUT_13951,374.48
OUT_13952,120.64
OUT_13953,287.72
OUT_13954,849.97
OUT_13955,134.6
OUT_13956,526.85
OUT_13957,111.18
OUT_13958,323.89
OUT_13959,317.68
OUT_13960,112.68
OUT_13961,332.67
OUT_13962,115.98
OUT_13963,576.04
OUT_13964,115.66
OUT_13965,367.92
OUT_13966,136.13
OUT_13967,115.61
OUT_13968,158.34
OUT_13969,316.63
OUT_13970,602.95
OUT_13971,120.83
OUT_13972,566.25
OUT_13973,309.44
OUT_13974,137.63
OUT_13975,496.03
OUT_13977,578.91
OUT_13978,145.06
OUT_13979,284.89
OUT_13980,281.26
OUT_13981,833.0
OUT_13982,898.18
OUT_13983,124.07
OUT_13984,120.82
OUT_13985,159.15
OUT_13986,878.49
OUT_13987,113.64
OUT_13988,332.25
OUT_13989,122.12
OUT_13990,136.91
OUT_13991,284.54
OUT_13992,563.02
OUT_13993,112.42
OUT_13994,288.32
OUT_13995,115.26
OUT_13996,881.04
OUT_13997,111.49
OUT_13999,114.08
OUT_14000,112.12
OUT_14001,117.08
OUT_14002,141.78
OUT_14003,112.0
OUT_14004,152.47
OUT_14005,301.79
OUT_14006,115.8
OUT_14007,328.3
OUT_14008,292.4
OUT_14009,303.26
OUT_14010,111.03
OUT_14011,308.56
OUT_14012,113.18
OUT_14013,116.92
OUT_14014,558.43
OUT_14015,608.33
OUT_14016,131.02
OUT_14017,275.69
OUT_14018,142.91
OUT_14019,275.29
OUT_14020,113.28
OUT_14021,286.46
OUT_14022,152.9
OUT_14023,808.16
OUT_14024,534.71
OUT_14025,548.25
OUT_14026,114.61
OUT_14027,113.69
OUT_14028,119.81
OUT_14029,562.83
OUT_14030,574.54
OUT_14031,281.58
OUT_14032,489.08
OUT_14033,560.1
OUT_14034,785.11
OUT_14035,113.25
OUT_14036,606.7
OUT_14037,459.45
OUT_14038,118.69
OUT_14039,387.38
OUT_14040,336.74
OUT_14041,110.84
OUT_14042,117.67
OUT_14043,140.19
OUT_14044,114.94
OUT_14045,275.33
OUT_14046,111.62
OUT_14047,295.56
OUT_14048,112.5
OUT_14049,112.04
OUT_14050,833.0
OUT_14051,289.82
OUT_14052,129.19
OUT_14053,112.69
OUT_14054,111.93
OUT_14055,114.81
OUT_14056,282.77
OUT_14057,549.21
OUT_14058,324.18
OUT_14059,144.57
OUT_14060,324.67
OUT_14061,277.55
OUT_14062,600.93
OUT_14063,842.13
OUT_14064,116.82
OUT_14065,486.1
OUT_14066,116.3
OUT_14067,112.68
OUT_14068,325.66
OUT_14069,115.89
OUT_14070,292.17
OUT_14071,129.66
OUT_14072,286.59
OUT_14073,114.91
OUT_14074,493.28
OUT_14075,150.91
OUT_14076,527.8
OUT_14077,123.16
OUT_14078,329.0
OUT_14079,110.27
OUT_14080,273.44
OUT_14081,111.74
OUT_14082,526.18
OUT_14083,123.67
OUT_14084,119.48
OUT_14085,289.54
OUT_14086,585.69
OUT_14087,109.35
OUT_14088,338.77
OUT_14089,550.49
OUT_14090,533.88
OUT_14091,125.12
OUT_14092,113.38
OUT_14093,841.08
OUT_14094,162.24
OUT_14095,361.42
OUT_14096,114.19
OUT_14097,116.44
OUT_14098,272.34
OUT_14099,331.71
OUT_14100,120.88
OUT_14101,109.6
OUT_14102,308.96
OUT_14103,114.38
OUT_14104,124.95
OUT_14105,111.75
OUT_14106,272.64
OUT_14107,136.35
OUT_14108,114.59
OUT_14109,567.39
OUT_14110,304.09
OUT_14111,544.79
OUT_14112,116.17
OUT_14113,113.13
OUT_14114,548.49
OUT_14115,143.11
OUT_14116,112.02
OUT_14117,306.27
OUT_14118,857.34
OUT_14119,274.24
OUT_14120,131.36
OUT_14121,149.51
OUT_14122,117.84
OUT_14123,109.27
OUT_14124,116.14
OUT_14125,113.44
OUT_14126,284.53
OUT_14127,580.43
OUT_14128,113.68
OUT_14129,114.33
OUT_14130,112.11
OUT_14131,524.24
OUT_14132,383.66
OUT_14133,533.07
OUT_14134,123.14
OUT_14135,342.29
OUT_14137,110.92
OUT_14138,111.49
OUT_14139,869.65
OUT_14140,113.27
OUT_14141,115.68
OUT_14142,278.8
OUT_14143,113.42
OUT_14144,378.67
OUT_14145,285.96
OUT_14146,309.52
OUT_14147,279.44
OUT_14148,115.72
OUT_14149,123.45
OUT_14150,112.69
OUT_14151,116.31
OUT_14152,324.4
OUT_14153,115.12
OUT_14154,282.05
OUT_14155,116.98
OUT_14156,329.09
OUT_14157,124.43
OUT_14158,169.93
OUT_14159,287.68
OUT_14160,115.99
OUT_14161,111.46
OUT_14162,336.87
OUT_14163,110.98
OUT_14164,357.28
OUT_14165,289.08
OUT_14166,287.09
OUT_14167,113.55
OUT_14168,163.46
OUT_14169,290.12
OUT_14170,300.85
OUT_14171,114.83
OUT_14172,359.75
OUT_14173,272.39
OUT_14174,127.07
OUT_14175,563.91
OUT_14177,112.76
OUT_14178,129.59
OUT_14179,280.12
OUT_14180,130.48
OUT_14181,137.39
OUT_14182,368.09
OUT_14183,149.07
OUT_14185,131.1
OUT_14186,488.74
OUT_14188,114.18
OUT_14189,281.57
OUT_14190,113.03
OUT_14191,579.69
OUT_14192,519.82
OUT_14193,128.81
OUT_14194,112.23
OUT_14195,497.45
OUT_14196,112.44
OUT_14197,489.17
OUT_14198,130.53
OUT_14199,121.99
OUT_14200,873.31
OUT_14201,124.17
OUT_14202,116.19
OUT_14203,304.56
OUT_14204,123.69
OUT_14205,113.67
OUT_14206,117.22
OUT_14207,280.6
OUT_14208,893.57
OUT_14209,304.74
OUT_14210,274.71
OUT_14211,112.68
OUT_14212,346.22
OUT_14213,112.1
OUT_14214,169.19
OUT_14215,345.13
OUT_14216,112.52
OUT_14217,823.26
OUT_14218,119.8
OUT_14219,142.9
OUT_14220,119.13
OUT_14221,275.02
OUT_14222,894.99
OUT_14223,111.28
OUT_14224,144.01
OUT_14225,498.27
OUT_14226,608.66
OUT_14227,116.36
OUT_14228,278.38
OUT_14229,284.53
OUT_14230,111.22
OUT_14231,590.54
OUT_14232,116.85
OUT_14233,309.9
OUT_14234,115.91
OUT_14235,120.08
OUT_14236,307.22
OUT_14237,296.87
OUT_14238,312.7
OUT_14239,127.44
OUT_14240,835.3
OUT_14241,543.98
OUT_14242,541.1
OUT_14243,312.02
OUT_14245,111.68
OUT_14246,121.03
OUT_14247,282.05
OUT_14248,286.41
OUT_14249,288.54
OUT_14250,116.33
OUT_14251,589.09
OUT_14252,312.63
OUT_14253,277.08
OUT_14254,139.93
OUT_14255,112.44
OUT_14256,113.39
OUT_14257,326.06
OUT_14258,283.21
OUT_14259,117.8
OUT_14260,358.46
OUT_14261,115.37
OUT_14262,559.53
OUT_14263,288.78
OUT_14264,114.77
OUT_14265,289.63
OUT_14266,298.87
OUT_14267,270.34
OUT_14268,338.8
OUT_14269,340.82
OUT_14270,114.36
OUT_14271,282.38
OUT_14272,285.7
OUT_14273,339.35
OUT_14274,898.83
OUT_14275,327.74
OUT_14276,144.55
OUT_14277,309.54
OUT_14278,145.5
OUT_14279,121.68
OUT_14280,555.1
OUT_14281,838.0
OUT_14282,511.18
OUT_14283,288.36
OUT_14284,114.04
OUT_14285,112.17
OUT_14286,113.79
OUT_14287,328.91
OUT_14288,112.19
OUT_14289,125.84
OUT_14290,328.6
OUT_14291,272.02
OUT_14292,518.44
OUT_14293,113.53
OUT_14294,854.93
OUT_14295,119.57
OUT_14296,142.07
OUT_14297,532.0
OUT_14298,284.5
OUT_14299,270.6
OUT_14300,559.4
OUT_14301,117.51
OUT_14302,109.77
OUT_14303,284.4
OUT_14304,116.35
OUT_14305,551.09
OUT_14306,116.88
OUT_14307,113.8
OUT_14308,114.83
OUT_14309,111.33
OUT_14310,360.66
OUT_14311,112.25
OUT_14312,124.25
OUT_14313,117.08
OUT_14314,270.3
OUT_14315,117.62
OUT_14316,349.88
OUT_14317,112.17
OUT_14318,576.95
OUT_14319,306.88
OUT_14320,120.19
OUT_14321,112.35
OUT_14322,352.54
OUT_14323,609.42
OUT_14324,135.25
OUT_14325,121.09
OUT_14326,282.28
OUT_14327,113.71
OUT_14328,480.29
OUT_14329,116.16
OUT_14330,112.0
OUT_14331,132.54
OUT_14332,277.63
OUT_14333,111.16
OUT_14334,609.81
OUT_14335,135.77
OUT_14336,620.63
OUT_14337,871.24
OUT_14338,325.51
OUT_14339,129.81
OUT_14340,382.69
OUT_14341,279.86
OUT_14342,271.66
OUT_14343,315.34
OUT_14344,116.15
OUT_14345,115.5
OUT_14346,596.64
OUT_14348,160.94
OUT_14349,383.32
OUT_14350,601.38
OUT_14351,628.84
OUT_14352,598.32
OUT_14353,112.0
OUT_14354,113.2
OUT_14355,546.94
OUT_14356,343.49
OUT_14357,528.77
OUT_14358,116.54
OUT_14359,552.54
OUT_14360,111.46
OUT_14361,580.94
OUT_14362,149.34
OUT_14363,292.43
OUT_14364,570.55
OUT_14365,372.39
OUT_14366,116.97
OUT_14367,898.81
OUT_14368,279.43
OUT_14369,115.58
OUT_14370,387.02
OUT_14371,127.26
OUT_14372,124.78
OUT_14373,549.93
OUT_14374,590.27
OUT_14375,307.19
OUT_14376,533.02
OUT_14377,128.37
OUT_14378,111.7
OUT_14379,316.27
OUT_14380,276.79
OUT_14381,370.94
OUT_14382,111.7
OUT_14383,287.5
OUT_14384,469.14
OUT_14385,140.06
OUT_14386,281.4
OUT_14387,155.42
OUT_14388,275.93
OUT_14389,315.13
OUT_14390,371.0
OUT_14391,544.99
OUT_14392,156.6
OUT_14393,293.47
OUT_14394,113.13
OUT_14395,132.39
OUT_14396,339.91
OUT_14397,117.05
OUT_14398,295.59
OUT_14399,145.43
OUT_14400,111.55
OUT_14401,118.16
OUT_14402,127.67
OUT_14403,127.58
OUT_14404,115.76
OUT_14405,122.28
OUT_14406,113.3
OUT_14407,111.74
OUT_14408,299.46
OUT_14409,114.95
OUT_14410,123.2
OUT_14411,114.13
OUT_14412,117.9
OUT_14413,134.97
OUT_14414,362.63
OUT_14415,563.1
OUT_14416,117.08
OUT_14417,117.23
OUT_14418,111.3
OUT_14419,116.93
OUT_14420,116.75
OUT_14421,206.48
OUT_14422,137.18
OUT_14423,635.73
OUT_14424,282.5
OUT_14425,170.45
OUT_14426,125.47
OUT_14427,114.05
OUT_14428,118.57
OUT_14429,514.79
OUT_14430,326.1
OUT_14431,112.77
OUT_14432,113.93
OUT_14433,613.44
OUT_14434,120.17
OUT_14435,285.45
OUT_14436,911.09
OUT_14437,112.49
OUT_14438,599.29
OUT_14439,130.73
OUT_14440,274.27
OUT_14441,531.33
OUT_14442,580.74
OUT_14443,134.8
OUT_14444,353.13
OUT_14445,119.3
OUT_14446,128.86
OUT_14447,116.11
OUT_14448,112.91
OUT_14449,112.93
OUT_14450,490.67
OUT_14451,356.07
OUT_14452,152.95
OUT_14453,862.52
OUT_14454,285.61
OUT_14455,130.84
OUT_14456,145.73
OUT_14457,330.51
OUT_14458,359.03
OUT_14459,322.26
OUT_14460,140.04
OUT_14461,274.5
OUT_14463,277.78
OUT_14464,112.78
OUT_14465,113.81
OUT_14466,143.51
OUT_14467,590.29
OUT_14468,921.7
OUT_14469,349.31
OUT_14470,306.59
OUT_14471,302.38
OUT_14472,332.42
OUT_14473,129.29
OUT_14474,114.76
OUT_14475,120.43
OUT_14476,533.35
OUT_14477,152.84
OUT_14478,110.08
OUT_14479,284.93
OUT_14480,116.91
OUT_14481,112.25
OUT_14482,565.83
OUT_14483,359.8
OUT_14484,112.74
OUT_14485,546.13
OUT_14486,148.41
OUT_14487,117.04
OUT_14488,297.35
OUT_14489,117.89
OUT_14490,283.53
OUT_14491,115.97
OUT_14492,121.21
OUT_14493,853.73
OUT_14494,294.53
OUT_14495,298.41
OUT_14496,110.71
OUT_14497,116.73
OUT_14498,115.14
OUT_14499,112.09
OUT_14500,152.86
OUT_14501,143.11
OUT_14502,535.94
OUT_14503,127.69
OUT_14504,110.91
OUT_14505,588.42
OUT_14506,150.75
OUT_14507,138.57
OUT_14508,885.63
OUT_14510,316.51
OUT_14511,113.64
OUT_14512,123.18
OUT_14513,585.75
OUT_14514,891.36
OUT_14515,272.26
OUT_14516,296.9
OUT_14517,109.45
OUT_14518,298.93
OUT_14519,600.32
OUT_14520,322.62
OUT_14521,283.02
OUT_14522,296.52
OUT_14523,130.61
OUT_14524,627.76
OUT_14525,903.7
OUT_14526,588.61
OUT_14527,110.77
OUT_14528,113.28
OUT_14529,272.1
OUT_14530,272.13
OUT_14531,335.8
OUT_14532,114.58
OUT_14533,114.92
OUT_14534,116.94
OUT_14535,350.58
OUT_14536,574.78
OUT_14537,342.5
OUT_14538,362.8
OUT_14539,113.54
OUT_14540,290.47
OUT_14541,116.32
OUT_14542,110.35
OUT_14543,136.76
OUT_14544,109.77
OUT_14545,112.98
OUT_14546,127.2
OUT_14547,861.45
OUT_14548,117.42
OUT_14549,110.52
OUT_14550,117.04
OUT_14551,895.8
OUT_14552,133.78
OUT_14553,545.46
OUT_14554,113.15
OUT_14555,319.42
OUT_14556,554.08
OUT_14557,276.92
OUT_14558,569.18
OUT_14560,143.89
OUT_14561,316.73
OUT_14562,113.98
OUT_14563,112.25
OUT_14565,147.9
OUT_14566,576.77
OUT_14567,112.81
OUT_14568,275.89
OUT_14570,114.03
OUT_14571,290.58
OUT_14572,283.66
OUT_14573,282.01
OUT_14574,111.82
OUT_14575,162.07
OUT_14576,328.48
OUT_14577,617.37
OUT_14578,122.11
OUT_14579,133.9
OUT_14580,119.46
OUT_14581,149.64
OUT_14582,123.39
OUT_14583,137.34
OUT_14584,571.3
OUT_14585,141.49
OUT_14586,1098.52
OUT_14587,114.33
OUT_14588,485.86
OUT_14589,283.64
OUT_14590,351.02
OUT_14591,144.21
OUT_14592,120.23
OUT_14593,118.73
OUT_14594,317.29
OUT_14595,141.59
OUT_14596,123.84
OUT_14597,109.77
OUT_14598,134.05
OUT_14599,114.07
OUT_14600,540.64
OUT_14601,464.89
OUT_14602,871.95
OUT_14603,318.49
OUT_14604,112.46
OUT_14605,116.55
OUT_14606,295.99
OUT_14607,278.22
OUT_14608,586.42
OUT_14609,113.28
OUT_14610,142.03
OUT_14611,317.68
OUT_14612,557.49
OUT_14613,300.69
OUT_14614,291.97
OUT_14615,859.57
OUT_14616,116.25
OUT_14617,110.99
OUT_14618,121.79
OUT_14619,595.23
OUT_14620,123.64
OUT_14621,117.49
OUT_14622,311.76
OUT_14623,292.38
OUT_14624,121.12
OUT_14625,109.78
OUT_14626,351.07
OUT_14627,114.7
OUT_14628,288.15
OUT_14629,282.84
OUT_14630,872.69
OUT_14631,523.5
OUT_14632,112.52
OUT_14633,123.67
OUT_14634,116.32
OUT_14635,502.75
OUT_14636,285.64
OUT_14637,146.93
OUT_14638,279.57
OUT_14639,293.89
OUT_14640,113.26
OUT_14641,295.93
OUT_14642,128.04
OUT_14643,111.03
OUT_14644,291.64
OUT_14645,493.36
OUT_14646,120.98
OUT_14647,112.77
OUT_14648,138.35
OUT_14649,301.77
OUT_14650,118.09
OUT_14651,331.53
OUT_14653,121.44
OUT_14654,110.62
OUT_14655,111.85
OUT_14656,136.87
OUT_14657,112.93
OUT_14658,113.2
OUT_14659,142.48
OUT_14660,114.88
OUT_14661,110.16
OUT_14662,495.75
OUT_14663,857.22
OUT_14664,573.96
OUT_14665,114.76
OUT_14666,113.67
OUT_14667,110.78
OUT_14668,112.91
OUT_14669,111.24
OUT_14670,348.65
OUT_14671,904.55
OUT_14672,565.81
OUT_14673,348.42
OUT_14674,283.85
OUT_14675,113.04
OUT_14676,146.03
OUT_14677,111.01
OUT_14678,110.52
OUT_14679,311.1
OUT_14680,289.3
OUT_14681,552.46
OUT_14682,134.71
OUT_14683,585.67
OUT_14684,163.93
OUT_14685,272.18
OUT_14687,356.14
OUT_14688,295.07
OUT_14689,110.02
OUT_14690,344.47
OUT_14691,115.99
OUT_14692,116.05
OUT_14693,299.68
OUT_14694,565.14
OUT_14695,145.06
OUT_14696,112.76
OUT_14697,115.33
OUT_14698,494.18
OUT_14699,548.7
OUT_14700,117.0
OUT_14701,116.05
OUT_14702,114.71
OUT_14703,112.17
OUT_14704,116.82
OUT_14705,340.34
OUT_14706,115.39
OUT_14707,120.03
OUT_14708,501.64
OUT_14709,552.33
OUT_14710,274.46
OUT_14712,589.6
OUT_14713,127.58
OUT_14714,306.65
OUT_14715,116.14
OUT_14716,136.47
OUT_14717,116.96
OUT_14718,124.71
OUT_14719,289.34
OUT_14720,828.08
OUT_14721,319.69
OUT_14722,290.05
OUT_14723,377.35
OUT_14724,271.66
OUT_14725,596.31
OUT_14726,284.22
OUT_14727,130.45
OUT_14728,270.4
OUT_14729,113.7
OUT_14730,341.68
OUT_14731,122.13
OUT_14732,114.39
OUT_14733,148.99
OUT_14734,116.94
OUT_14735,334.21
OUT_14736,276.91
OUT_14737,113.25
OUT_14738,291.06
OUT_14739,323.47
OUT_14740,118.28
OUT_14741,565.59
OUT_14742,112.31
OUT_14743,558.11
OUT_14744,119.46
OUT_14746,133.95
OUT_14747,167.23
OUT_14748,111.51
OUT_14749,608.8
OUT_14750,313.08
OUT_14751,357.7
OUT_14752,499.02
OUT_14753,285.77
OUT_14754,554.38
OUT_14755,284.54
OUT_14756,278.74
OUT_14757,589.8
OUT_14758,284.37
OUT_14759,392.5
OUT_14760,554.9
OUT_14761,153.69
OUT_14762,327.73
OUT_14763,114.24
OUT_14764,116.37
OUT_14765,307.51
OUT_14766,350.46
OUT_14767,561.64
OUT_14768,330.33
OUT_14769,126.08
OUT_14770,333.72
OUT_14771,858.74
OUT_14772,113.91
OUT_14773,556.1
OUT_14774,583.31
OUT_14775,111.59
OUT_14776,112.69
OUT_14777,337.37
OUT_14779,137.77
OUT_14780,148.25
OUT_14781,123.82
OUT_14782,536.84
OUT_14783,316.15
OUT_14784,110.02
OUT_14785,112.0
OUT_14786,114.81
OUT_14787,603.42
OUT_14788,111.8
OUT_14789,133.5
OUT_14790,117.79
OUT_14791,279.29
OUT_14792,116.49
OUT_14793,146.73
OUT_14794,113.34
OUT_14795,113.03
OUT_14796,125.78
OUT_14797,113.17
OUT_14798,348.25
OUT_14799,533.41
OUT_14800,559.36
OUT_14801,121.36
OUT_14802,330.08
OUT_14803,277.11
OUT_14804,133.01
OUT_14805,117.84
OUT_14806,135.6
OUT_14807,116.6
OUT_14808,115.21
OUT_14809,849.57
OUT_14810,337.89
OUT_14811,283.94
OUT_14812,113.03
OUT_14813,116.06
OUT_14814,279.26
OUT_14815,137.76
OUT_14816,114.23
OUT_14817,133.73
OUT_14818,529.01
OUT_14819,113.58
OUT_14820,580.19
OUT_14821,111.73
OUT_14822,886.07
OUT_14823,538.65
OUT_14824,111.03
OUT_14825,368.72
OUT_14826,113.8
OUT_14827,115.88
OUT_14828,114.94
OUT_14829,112.0
OUT_14830,859.49
OUT_14831,121.84
OUT_14832,115.4
OUT_14833,899.15
OUT_14834,627.89
OUT_14835,110.84
OUT_14836,338.02
OUT_14837,114.81
OUT_14838,151.45
OUT_14839,328.04
OUT_14840,114.6
OUT_14841,116.36
OUT_14842,283.27
OUT_14843,324.93
OUT_14844,113.04
OUT_14845,128.44
OUT_14846,592.22
OUT_14847,339.49
OUT_14848,143.51
OUT_14849,111.82
OUT_14850,114.15
OUT_14851,109.84
OUT_14852,153.18
OUT_14853,344.26
OUT_14854,111.74
OUT_14855,140.62
OUT_14856,604.95
OUT_14857,300.83
OUT_14858,383.0
OUT_14859,554.49
OUT_14860,110.55
OUT_14861,121.02
OUT_14862,318.28
OUT_14863,281.38
OUT_14864,568.93
OUT_14865,275.01
OUT_14866,114.98
OUT_14867,113.82
OUT_14868,578.9
OUT_14869,535.47
OUT_14870,351.68
OUT_14871,284.52
OUT_14872,884.03
OUT_14873,140.48
OUT_14874,894.99
OUT_14875,858.44
OUT_14876,583.47
OUT_14877,113.33
OUT_14878,302.22
OUT_14879,110.78
OUT_14880,120.94
OUT_14881,477.62
OUT_14882,458.47
OUT_14883,356.3
OUT_14884,620.39
OUT_14885,499.07
OUT_14886,130.02
OUT_14887,311.12
OUT_14888,143.76
OUT_14889,281.76
OUT_14890,109.62
OUT_14891,111.48
OUT_14892,119.91
OUT_14893,136.18
OUT_14894,283.3
OUT_14895,115.42
OUT_14896,112.16
OUT_14897,314.22
OUT_14898,133.66
OUT_14899,132.99
OUT_14900,115.28
OUT_14901,347.57
OUT_14902,281.47
OUT_14903,156.17
OUT_14904,281.75
OUT_14905,272.27
OUT_14906,116.17
OUT_14907,152.25
OUT_14908,288.0
OUT_14909,117.98
OUT_14910,126.98
OUT_14911,493.32
OUT_14912,114.16
OUT_14913,348.3
OUT_14914,554.34
OUT_14915,127.09
OUT_14916,304.53
OUT_14917,113.25
OUT_14918,113.22
OUT_14919,117.48
OUT_14920,115.75
OUT_14921,128.92
OUT_14922,851.42
OUT_14923,337.61
OUT_14924,283.92
OUT_14925,284.42
OUT_14926,277.2
OUT_14927,317.18
OUT_14928,533.37
OUT_14929,278.39
OUT_14930,519.21
OUT_14932,117.81
OUT_14933,122.58
OUT_14934,301.94
OUT_14935,351.64
OUT_14936,313.17
OUT_14937,547.31
OUT_14938,310.79
OUT_14939,136.2
OUT_14940,535.24
OUT_14941,508.88
OUT_14942,139.97
OUT_14943,125.54
OUT_14944,113.3
OUT_14945,126.41
OUT_14946,531.92
OUT_14947,617.19
OUT_14948,135.51
OUT_14949,113.51
OUT_14950,118.8
OUT_14951,132.69
OUT_14952,113.92
OUT_14953,274.09
OUT_14954,288.58
OUT_14955,139.86
OUT_14956,318.88
OUT_14957,115.16
OUT_14958,561.62
OUT_14959,884.8
OUT_14960,280.11
OUT_14961,116.95
OUT_14962,280.97
OUT_14963,321.5
OUT_14964,114.84
OUT_14965,276.88
OUT_14966,114.54
OUT_14967,281.96
OUT_14968,271.55
OUT_14969,114.46
OUT_14970,144.84
OUT_14971,332.91
OUT_14972,271.54
OUT_14973,132.87
OUT_14974,544.05
OUT_14975,114.61
OUT_14976,284.82
OUT_14977,280.36
OUT_14978,111.95
OUT_14979,114.47
OUT_14980,144.16
OUT_14981,549.86
OUT_14982,341.1
OUT_14983,345.04
OUT_14984,137.26
OUT_14985,112.22
OUT_14986,538.41
OUT_14987,281.68
OUT_14988,280.75
OUT_14989,272.98
OUT_14990,281.56
OUT_14991,468.48
OUT_14992,543.46
OUT_14993,546.88
OUT_14994,588.59
OUT_14995,139.33
OUT_14996,112.0
OUT_14997,112.16
OUT_14998,284.51
OUT_14999,110.89
OUT_15000,111.08
OUT_15001,352.72
OUT_15002,114.46
OUT_15003,149.7
OUT_15004,301.91
OUT_15005,886.24
OUT_15006,280.84
OUT_15007,842.32
OUT_15008,339.24
OUT_15009,117.14
OUT_15010,151.69
OUT_15011,130.77
OUT_15012,284.17
OUT_15013,280.65
OUT_15014,119.13
OUT_15015,113.18
OUT_15016,134.61
OUT_15017,118.07
OUT_15018,111.28
OUT_15019,314.48
OUT_15020,478.6
OUT_15021,138.1
OUT_15022,278.99
OUT_15023,112.68
OUT_15024,276.26
OUT_15025,642.92
OUT_15026,140.23
OUT_15027,302.4
OUT_15028,308.62
OUT_15029,111.77
OUT_15030,111.61
OUT_15031,111.61
OUT_15032,148.32
OUT_15033,283.13
OUT_15034,113.26
OUT_15035,356.15
OUT_15036,118.29
OUT_15037,116.05
OUT_15038,318.47
OUT_15039,347.28
OUT_15040,113.68
OUT_15041,467.52
OUT_15042,603.05
OUT_15043,271.78
OUT_15044,114.72
OUT_15045,158.34
OUT_15046,579.75
OUT_15047,906.4
OUT_15048,113.41
OUT_15049,546.91
OUT_15050,112.53
OUT_15051,563.13
OUT_15052,582.72
OUT_15053,525.43
OUT_15054,283.66
OUT_15055,803.1
OUT_15056,113.54
OUT_15057,802.91
OUT_15058,112.0
OUT_15059,114.07
OUT_15060,118.79
OUT_15061,592.84
OUT_15062,294.9
OUT_15063,591.41
OUT_15064,111.93
OUT_15065,547.48
OUT_15066,130.26
OUT_15067,277.73
OUT_15068,114.89
OUT_15069,111.33
OUT_15070,323.56
OUT_15071,133.13
OUT_15072,285.48
OUT_15073,114.24
OUT_15074,114.14
OUT_15075,168.47
OUT_15076,493.97
OUT_15077,136.33
OUT_15078,601.39
OUT_15079,110.03
OUT_15080,113.77
OUT_15081,558.08
OUT_15082,564.16
OUT_15083,453.88
OUT_15084,117.33
OUT_15085,311.18
OUT_15086,113.82
OUT_15087,117.22
OUT_15088,116.63
OUT_15089,835.75
OUT_15090,115.2
OUT_15091,536.84
OUT_15092,274.18
OUT_15093,535.59
OUT_15094,124.77
OUT_15095,114.03
OUT_15096,408.83
OUT_15097,114.0
OUT_15098,549.43
OUT_15099,112.85
OUT_15100,338.41
OUT_15101,270.74
OUT_15102,160.04
OUT_15103,613.45
OUT_15104,333.03
OUT_15105,112.25
OUT_15106,111.66
OUT_15107,112.76
OUT_15108,481.56
OUT_15109,122.89
OUT_15110,111.6
OUT_15111,313.02
OUT_15112,122.11
OUT_15113,160.4
OUT_15114,601.23
OUT_15115,291.07
OUT_15116,276.88
OUT_15117,124.05
OUT_15118,117.16
OUT_15119,136.33
OUT_15120,113.16
OUT_15121,122.34
OUT_15122,574.06
OUT_15123,110.27
OUT_15124,115.44
OUT_15125,540.75
OUT_15126,138.87
OUT_15127,139.98
OUT_15128,113.76
OUT_15129,333.09
OUT_15130,140.44
OUT_15131,113.61
OUT_15132,521.31
OUT_15133,152.57
OUT_15134,288.0
OUT_15135,589.12
OUT_15137,120.4
OUT_15138,119.55
OUT_15139,321.21
OUT_15140,112.69
OUT_15141,110.69
OUT_15142,124.22
OUT_15143,111.04
OUT_15144,138.26
OUT_15145,804.2
OUT_15146,294.87
OUT_15147,555.9
OUT_15148,279.86
OUT_15149,282.57
OUT_15150,119.21
OUT_15151,115.44
OUT_15152,114.54
OUT_15153,375.56
OUT_15154,618.29
OUT_15155,281.13
OUT_15156,548.58
OUT_15157,141.48
OUT_15158,564.98
OUT_15159,583.12
OUT_15160,913.92
OUT_15161,301.59
OUT_15162,115.01
OUT_15163,544.12
OUT_15164,113.31
OUT_15165,310.76
OUT_15166,276.26
OUT_15167,291.55
OUT_15168,536.05
OUT_15169,115.54
OUT_15170,283.97
OUT_15171,118.89
OUT_15172,114.68
OUT_15173,278.37
OUT_15174,120.71
OUT_15175,125.18
OUT_15176,273.11
OUT_15177,277.46
OUT_15178,112.02
OUT_15179,857.49
OUT_15180,133.32
OUT_15181,282.05
OUT_15182,113.16
OUT_15183,475.63
OUT_15184,573.18
OUT_15185,619.8
OUT_15186,138.44
OUT_15187,275.28
OUT_15188,114.94
OUT_15189,287.07
OUT_15190,118.54
OUT_15191,112.06
OUT_15192,117.77
OUT_15193,350.46
OUT_15194,304.32
OUT_15195,113.78
OUT_15196,275.08
OUT_15197,111.74
OUT_15198,562.1
OUT_15199,274.74
OUT_15200,288.32
OUT_15201,118.63
OUT_15202,533.76
OUT_15203,308.93
OUT_15205,141.83
OUT_15206,158.94
OUT_15207,113.84
OUT_15208,619.56
OUT_15209,111.96
OUT_15210,113.62
OUT_15212,470.62
OUT_15213,130.33
OUT_15214,331.45
OUT_15215,301.9
OUT_15216,285.29
OUT_15217,130.38
OUT_15218,301.99
OUT_15219,294.67
OUT_15220,307.97
OUT_15221,135.01
OUT_15222,550.39
OUT_15223,149.52
OUT_15224,276.48
OUT_15225,117.61
OUT_15226,154.16
OUT_15227,114.25
OUT_15228,576.4
OUT_15229,112.14
OUT_15230,116.54
OUT_15231,397.2
OUT_15232,827.78
OUT_15233,292.81
OUT_15234,123.0
OUT_15235,810.55
OUT_15236,485.36
OUT_15237,124.77
OUT_15239,112.9
OUT_15240,308.2
OUT_15241,113.25
OUT_15242,136.09
OUT_15243,280.86
OUT_15244,115.1
OUT_15246,515.62
OUT_15247,173.88
OUT_15248,116.67
OUT_15249,557.51
OUT_15250,541.19
OUT_15251,279.28
OUT_15252,785.1
OUT_15253,286.55
OUT_15254,118.55
OUT_15255,596.3
OUT_15256,544.78
OUT_15257,125.23
OUT_15258,113.89
OUT_15259,628.86
OUT_15260,564.01
OUT_15261,113.06
OUT_15262,112.42
OUT_15263,285.72
OUT_15264,347.46
OUT_15265,113.66
OUT_15266,902.79
OUT_15267,537.46
OUT_15268,147.11
OUT_15269,127.73
OUT_15270,124.12
OUT_15271,119.63
OUT_15272,535.7
OUT_15273,278.27
OUT_15274,283.66
OUT_15275,115.01
OUT_15276,121.79
OUT_15277,323.76
OUT_15278,113.66
OUT_15279,112.23
OUT_15281,113.99
OUT_15282,383.69
OUT_15283,889.7
OUT_15284,133.15
OUT_15285,836.53
OUT_15286,112.03
OUT_15287,313.82
OUT_15288,120.18
OUT_15289,302.47
OUT_15290,282.46
OUT_15291,470.38
OUT_15292,111.68
OUT_15293,113.28
OUT_15294,818.94
OUT_15295,115.58
OUT_15296,113.5
OUT_15297,135.77
OUT_15298,306.82
OUT_15299,571.73
OUT_15300,279.23
OUT_15301,297.9
OUT_15302,112.71
OUT_15303,299.22
OUT_15304,292.9
OUT_15305,145.89
OUT_15306,151.42
OUT_15307,151.69
OUT_15308,286.91
OUT_15309,117.91
OUT_15310,275.33
OUT_15311,302.68
OUT_15312,120.9
OUT_15313,313.28
OUT_15314,114.2
OUT_15315,872.84
OUT_15316,612.34
OUT_15317,535.47
OUT_15318,349.67
OUT_15319,280.66
OUT_15320,336.94
OUT_15321,110.27
OUT_15322,558.17
OUT_15323,365.36
OUT_15324,277.55
OUT_15325,112.68
OUT_15326,117.89
OUT_15327,540.32
OUT_15328,124.62
OUT_15329,565.89
OUT_15330,116.72
OUT_15331,273.53
OUT_15332,125.9
OUT_15333,558.98
OUT_15334,281.82
OUT_15335,520.82
OUT_15336,126.26
OUT_15337,448.15
OUT_15338,113.95
OUT_15339,110.54
OUT_15340,527.8
OUT_15341,331.84
OUT_15342,874.5
OUT_15343,294.43
OUT_15344,589.43
OUT_15345,113.53
OUT_15346,326.0
OUT_15347,149.48
OUT_15348,118.33
OUT_15349,307.19
OUT_15350,110.84
OUT_15351,267.96
OUT_15352,284.2
OUT_15353,837.85
OUT_15354,113.58
OUT_15355,126.05
OUT_15356,866.81
OUT_15357,113.75
OUT_15358,581.04
OUT_15359,117.25
OUT_15360,124.97
OUT_15361,326.7
OUT_15362,274.49
OUT_15363,340.78
OUT_15364,273.17
OUT_15365,115.06
OUT_15366,114.06
OUT_15367,153.17
OUT_15368,114.62
OUT_15369,316.76
OUT_15370,282.44
OUT_15371,111.6
OUT_15372,861.11
OUT_15373,287.49
OUT_15374,125.19
OUT_15375,309.85
OUT_15376,497.29
OUT_15377,397.35
OUT_15378,133.2
OUT_15379,281.11
OUT_15380,119.51
OUT_15381,288.49
OUT_15382,299.92
OUT_15383,121.91
OUT_15384,113.01
OUT_15385,116.04
OUT_15386,119.05
OUT_15387,295.36
OUT_15388,183.35
OUT_15389,116.98
OUT_15390,550.17
OUT_15391,282.84
OUT_15392,287.29
OUT_15393,141.68
OUT_15394,148.13
OUT_15395,118.1
OUT_15396,115.4
OUT_15397,596.69
OUT_15398,564.73
OUT_15399,545.69
OUT_15400,570.38
OUT_15401,112.0
OUT_15402,276.03
OUT_15404,116.99
OUT_15405,130.71
OUT_15406,119.18
OUT_15407,279.97
OUT_15408,133.12
OUT_15409,314.22
OUT_15410,388.56
OUT_15411,339.18
OUT_15412,479.52
OUT_15413,119.77
OUT_15414,116.08
OUT_15415,842.69
OUT_15416,313.27
OUT_15417,565.58
OUT_15418,532.26
OUT_15419,347.81
OUT_15420,291.17
OUT_15421,113.46
OUT_15422,110.66
OUT_15423,327.49
OUT_15424,605.72
OUT_15425,378.41
OUT_15426,111.54
OUT_15427,120.15
OUT_15428,798.73
OUT_15429,294.78
OUT_15430,113.47
OUT_15431,348.94
OUT_15432,110.74
OUT_15433,160.37
OUT_15434,111.54
OUT_15435,507.25
OUT_15436,112.09
OUT_15437,304.72
OUT_15438,312.57
OUT_15439,291.43
OUT_15440,137.1
OUT_15441,148.42
OUT_15442,589.36
OUT_15443,145.86
OUT_15444,327.16
OUT_15445,148.23
OUT_15446,291.7
OUT_15447,283.02
OUT_15448,117.22
OUT_15449,547.99
OUT_15450,282.92
OUT_15451,571.97
OUT_15452,302.5
OUT_15453,114.95
OUT_15454,274.66
OUT_15455,543.77
OUT_15456,109.28
OUT_15457,112.93
OUT_15458,595.81
OUT_15459,178.6
OUT_15460,356.9
OUT_15461,559.06
OUT_15462,511.09
OUT_15463,288.63
OUT_15464,358.68
OUT_15465,118.4
OUT_15466,532.51
OUT_15467,277.82
OUT_15468,861.3
OUT_15469,382.04
OUT_15470,590.4
OUT_15471,141.82
OUT_15472,616.22
OUT_15473,111.79
OUT_15474,312.47
OUT_15475,115.3
OUT_15476,112.85
OUT_15477,354.87
OUT_15478,112.53
OUT_15479,115.8
OUT_15480,590.43
OUT_15481,589.25
OUT_15482,128.5
OUT_15483,274.66
OUT_15484,289.96
OUT_15485,295.68
OUT_15486,130.76
OUT_15487,592.3
OUT_15488,120.21
OUT_15489,572.05
OUT_15490,112.77
OUT_15491,109.53
OUT_15492,112.5
OUT_15493,593.56
OUT_15494,337.32
OUT_15495,113.54
OUT_15496,842.61
OUT_15497,592.17
OUT_15498,550.46
OUT_15500,112.43
OUT_15501,147.62
OUT_15502,568.83
OUT_15503,119.33
OUT_15504,594.17
OUT_15505,276.02
OUT_15506,592.62
OUT_15507,282.79
OUT_15508,110.02
OUT_15509,473.63
OUT_15510,117.12
OUT_15511,877.38
OUT_15512,556.16
OUT_15513,810.81
OUT_15514,851.23
OUT_15515,113.62
OUT_15516,323.87
OUT_15517,521.43
OUT_15518,295.85
OUT_15519,295.84
OUT_15520,113.52
OUT_15521,574.92
OUT_15522,471.54
OUT_15523,282.25
OUT_15524,291.82
OUT_15525,113.42
OUT_15526,304.69
OUT_15527,404.92
OUT_15528,568.03
OUT_15529,112.9
OUT_15530,114.76
OUT_15531,112.93
OUT_15532,554.95
OUT_15533,113.11
OUT_15534,932.73
OUT_15535,274.04
OUT_15536,113.41
OUT_15537,326.47
OUT_15538,555.74
OUT_15539,111.5
OUT_15540,114.36
OUT_15541,113.12
OUT_15542,114.05
OUT_15543,595.6
OUT_15544,127.1
OUT_15545,313.1
OUT_15546,112.92
OUT_15547,340.62
OUT_15548,551.71
OUT_15549,276.45
OUT_15550,114.0
OUT_15551,347.78
OUT_15552,906.41
OUT_15554,113.83
OUT_15555,110.1
OUT_15556,114.46
OUT_15557,111.52
OUT_15558,113.42
OUT_15559,117.68
OUT_15560,289.99
OUT_15561,116.0
OUT_15562,822.53
OUT_15563,124.59
OUT_15564,114.58
OUT_15565,510.4
OUT_15566,111.18
OUT_15567,114.99
OUT_15568,119.9
OUT_15569,116.3
OUT_15570,115.24
OUT_15571,137.66
OUT_15572,113.45
OUT_15573,119.47
OUT_15574,274.63
OUT_15575,117.31
OUT_15576,139.91
OUT_15577,167.48
OUT_15578,569.07
OUT_15579,307.49
OUT_15580,279.19
OUT_15581,288.08
OUT_15582,279.87
OUT_15583,815.17
OUT_15584,559.38
OUT_15585,143.45
OUT_15586,284.27
OUT_15587,290.61
OUT_15588,119.82
OUT_15589,113.55
OUT_15590,150.19
OUT_15591,112.17
OUT_15592,812.64
OUT_15593,572.21
OUT_15594,114.62
OUT_15595,323.98
OUT_15596,628.1
OUT_15597,115.28
OUT_15598,836.28
OUT_15599,116.81
OUT_15600,288.65
OUT_15602,140.44
OUT_15603,282.0
OUT_15604,363.97
OUT_15605,117.85
OUT_15607,601.81
OUT_15608,314.38
OUT_15609,276.74
OUT_15610,113.12
OUT_15612,114.85
OUT_15613,824.17
OUT_15614,113.8
OUT_15615,293.01
OUT_15616,115.54
OUT_15618,113.22
OUT_15619,338.73
OUT_15620,130.21
OUT_15621,347.87
OUT_15622,113.2
OUT_15623,275.59
OUT_15624,530.58
OUT_15625,367.46
OUT_15626,586.67
OUT_15627,887.5
OUT_15628,862.62
OUT_15629,564.23
OUT_15631,122.39
OUT_15632,121.1
OUT_15633,134.4
OUT_15634,361.96
OUT_15635,121.89
OUT_15636,115.4
OUT_15637,824.76
OUT_15638,277.69
OUT_15639,112.78
OUT_15640,152.78
OUT_15641,115.62
OUT_15642,113.51
OUT_15643,116.79
OUT_15644,133.26
OUT_15645,115.04
OUT_15646,307.29
OUT_15647,116.55
OUT_15648,302.37
OUT_15649,329.44
OUT_15650,861.37
OUT_15651,305.34
OUT_15653,146.03
OUT_15654,119.96
OUT_15655,114.67
OUT_15656,113.72
OUT_15657,114.16
OUT_15658,119.5
OUT_15659,335.18
OUT_15660,133.37
OUT_15661,112.9
OUT_15662,273.78
OUT_15663,112.51
OUT_15664,596.27
OUT_15665,903.08
OUT_15666,270.33
OUT_15667,598.99
OUT_15668,277.28
OUT_15669,532.42
OUT_15670,278.48
OUT_15671,121.48
OUT_15672,336.52
OUT_15673,543.72
OUT_15674,496.11
OUT_15675,302.39
OUT_15676,114.55
OUT_15677,281.09
OUT_15678,372.69
OUT_15679,121.49
OUT_15680,526.47
OUT_15681,112.05
OUT_15682,126.5
OUT_15683,113.54
OUT_15684,110.17
OUT_15685,275.9
OUT_15686,113.43
OUT_15687,114.46
OUT_15688,888.9
OUT_15689,121.78
OUT_15690,278.21
OUT_15691,283.7
OUT_15692,111.76
OUT_15693,553.28
OUT_15694,323.29
OUT_15695,112.3
OUT_15696,362.87
OUT_15697,889.87
OUT_15698,131.63
OUT_15700,273.51
OUT_15701,282.88
OUT_15702,531.07
OUT_15703,114.11
OUT_15704,129.5
OUT_15706,317.17
OUT_15707,495.76
OUT_15708,586.56
OUT_15709,144.05
OUT_15710,132.31
OUT_15711,135.72
OUT_15712,294.65
OUT_15713,157.86
OUT_15714,113.45
OUT_15715,114.18
OUT_15716,321.31
OUT_15717,869.18
OUT_15718,130.01
OUT_15719,515.16
OUT_15720,116.37
OUT_15721,115.8
OUT_15722,361.21
OUT_15723,115.54
OUT_15724,551.6
OUT_15725,116.96
OUT_15727,271.35
OUT_15728,827.86
OUT_15729,579.46
OUT_15730,281.54
OUT_15731,525.32
OUT_15732,139.16
OUT_15733,550.14
OUT_15735,114.12
OUT_15736,277.68
OUT_15737,282.39
OUT_15738,282.87
OUT_15739,600.83
OUT_15740,279.87
OUT_15741,152.72
OUT_15742,121.09
OUT_15743,146.83
OUT_15744,112.9
OUT_15745,552.71
OUT_15746,599.38
OUT_15747,118.17
OUT_15748,486.7
OUT_15749,116.15
OUT_15750,607.45
OUT_15751,482.02
OUT_15752,117.24
OUT_15753,114.54
OUT_15754,290.3
OUT_15755,538.45
OUT_15756,509.49
OUT_15757,359.65
OUT_15758,302.46
OUT_15759,143.45
OUT_15760,358.95
OUT_15761,112.41
OUT_15762,326.12
OUT_15763,293.49
OUT_15764,281.81
OUT_15765,113.03
OUT_15766,113.49
OUT_15767,116.75
OUT_15768,133.16
OUT_15769,276.43
OUT_15770,114.58
OUT_15771,118.2
OUT_15772,288.34
OUT_15773,283.73
OUT_15774,295.29
OUT_15775,147.2
OUT_15776,115.45
OUT_15777,296.29
OUT_15778,285.23
OUT_15779,323.02
OUT_15780,556.93
OUT_15781,289.14
OUT_15782,836.24
OUT_15783,333.4
OUT_15784,111.5
OUT_15785,113.41
OUT_15786,113.24
OUT_15787,597.27
OUT_15788,332.9
OUT_15789,135.44
OUT_15790,837.96
OUT_15791,124.11
OUT_15792,315.54
OUT_15793,825.07
OUT_15794,286.86
OUT_15795,288.14
OUT_15796,126.0
OUT_15797,538.59
OUT_15798,289.96
OUT_15799,511.65
OUT_15800,565.86
OUT_15801,606.9
OUT_15802,875.69
OUT_15803,109.77
OUT_15804,148.48
OUT_15806,117.0
OUT_15807,113.28
OUT_15808,277.68
OUT_15809,362.18
OUT_15810,132.74
OUT_15811,113.72
OUT_15812,278.06
OUT_15813,116.92
OUT_15814,561.42
OUT_15815,117.11
OUT_15816,112.57
OUT_15817,129.38
OUT_15818,140.39
OUT_15820,135.17
OUT_15821,111.3
OUT_15822,111.24
OUT_15823,120.86
OUT_15824,110.04
OUT_15825,515.95
OUT_15826,319.3
OUT_15827,124.48
OUT_15828,591.34
OUT_15829,281.77
OUT_15830,291.7
OUT_15831,121.58
OUT_15832,330.85
OUT_15833,115.48
OUT_15834,512.11
OUT_15835,110.27
OUT_15836,113.67
OUT_15837,830.17
OUT_15838,523.86
OUT_15839,540.08
OUT_15840,611.6
OUT_15841,361.7
OUT_15842,115.12
OUT_15843,303.0
OUT_15844,123.87
OUT_15845,460.29
OUT_15846,285.17
OUT_15847,911.5
OUT_15848,513.36
OUT_15849,584.01
OUT_15850,111.52
OUT_15851,123.29
OUT_15852,549.47
OUT_15853,882.07
OUT_15854,283.34
OUT_15855,112.15
OUT_15856,124.22
OUT_15857,145.01
OUT_15858,121.45
OUT_15859,277.08
OUT_15861,899.52
OUT_15862,536.54
OUT_15863,116.81
OUT_15864,158.88
OUT_15865,316.17
OUT_15866,312.42
OUT_15867,314.77
OUT_15868,118.04
OUT_15869,289.96
OUT_15870,121.45
OUT_15871,918.02
OUT_15872,283.65
OUT_15873,112.68
OUT_15874,563.6
OUT_15875,114.77
OUT_15876,116.33
OUT_15877,866.38
OUT_15878,336.46
OUT_15879,114.62
OUT_15880,366.13
OUT_15881,112.53
OUT_15882,503.52
OUT_15883,126.86
OUT_15884,113.01
OUT_15885,159.03
OUT_15886,547.92
OUT_15887,119.12
OUT_15888,111.68
OUT_15889,114.3
OUT_15890,860.08
OUT_15891,124.48
OUT_15892,113.92
OUT_15893,116.87
OUT_15894,140.1
OUT_15895,557.91
OUT_15896,150.9
OUT_15897,117.74
OUT_15898,111.43
OUT_15899,503.33
OUT_15900,311.94
OUT_15901,350.17
OUT_15902,130.05
OUT_15903,135.28
OUT_15904,112.86
OUT_15905,299.23
OUT_15906,830.97
OUT_15907,113.35
OUT_15908,341.47
OUT_15909,276.79
OUT_15910,115.37
OUT_15911,365.24
OUT_15912,489.45
OUT_15913,115.81
OUT_15914,133.39
OUT_15916,126.49
OUT_15917,125.69
OUT_15918,114.89
OUT_15919,586.15
OUT_15920,283.16
OUT_15921,551.89
OUT_15922,483.46
OUT_15923,109.78
OUT_15924,280.19
OUT_15925,116.55
OUT_15926,539.72
OUT_15927,113.9
OUT_15928,159.1
OUT_15930,592.23
OUT_15931,533.94
OUT_15932,113.72
OUT_15933,116.28
OUT_15934,577.84
OUT_15935,297.22
OUT_15936,110.25
OUT_15937,115.36
OUT_15938,140.77
OUT_15939,134.52
OUT_15940,111.55
OUT_15941,146.19
OUT_15942,584.97
OUT_15943,120.82
OUT_15944,141.32
OUT_15945,346.16
OUT_15946,133.98
OUT_15947,110.78
OUT_15948,126.96
OUT_15949,138.56
OUT_15950,117.71
OUT_15951,822.4
OUT_15952,547.62
OUT_15953,274.69
OUT_15954,275.92
OUT_15955,592.18
OUT_15956,113.85
OUT_15957,115.24
OUT_15958,552.57
OUT_15959,330.43
OUT_15960,113.53
OUT_15961,272.55
OUT_15962,284.55
OUT_15963,122.11
OUT_15964,112.16
OUT_15965,112.15
OUT_15966,293.0
OUT_15967,116.75
OUT_15968,598.87
OUT_15969,144.07
OUT_15970,113.14
OUT_15971,928.23
OUT_15972,286.11
OUT_15973,348.83
OUT_15974,291.0
OUT_15975,287.3
OUT_15976,124.95
OUT_15977,115.01
OUT_15978,319.87
OUT_15979,560.53
OUT_15980,119.89
OUT_15981,117.51
OUT_15982,114.85
OUT_15983,129.13
OUT_15984,137.51
OUT_15985,507.21
OUT_15986,355.48
OUT_15987,135.86
OUT_15988,114.64
OUT_15989,623.26
OUT_15990,301.31
OUT_15991,115.67
OUT_15992,114.52
OUT_15993,267.46
OUT_15994,311.2
OUT_15995,119.6
OUT_15996,507.4
OUT_15997,141.77
OUT_15998,287.43
OUT_15999,126.94
OUT_16000,498.04
OUT_16001,326.97
OUT_16002,117.18
OUT_16003,321.55
OUT_16004,584.55
OUT_16005,123.13
OUT_16006,364.0
OUT_16007,112.27
OUT_16008,301.29
OUT_16009,110.98
OUT_16010,141.62
OUT_16011,115.33
OUT_16012,112.14
OUT_16013,139.02
OUT_16014,111.44
OUT_16015,113.44
OUT_16016,579.82
OUT_16017,123.98
OUT_16018,133.8
OUT_16019,285.82
OUT_16020,325.74
OUT_16021,118.25
OUT_16022,113.22
OUT_16023,289.07
OUT_16024,115.16
OUT_16025,308.38
OUT_16026,282.74
OUT_16027,110.79
OUT_16028,113.41
OUT_16029,307.04
OUT_16030,112.97
OUT_16031,283.83
OUT_16032,125.12
OUT_16033,133.88
OUT_16034,603.28
OUT_16035,333.14
OUT_16036,285.79
OUT_16037,150.27
OUT_16038,121.76
OUT_16039,114.59
OUT_16040,117.55
OUT_16041,842.7
OUT_16042,277.18
OUT_16043,565.82
OUT_16044,118.31
OUT_16045,333.75
OUT_16046,379.75
OUT_16047,117.08
OUT_16048,275.8
OUT_16049,504.45
OUT_16050,115.03
OUT_16051,113.69
OUT_16053,113.89
OUT_16054,270.3
OUT_16055,521.16
OUT_16056,112.13
OUT_16057,116.07
OUT_16058,283.15
OUT_16059,112.16
OUT_16060,127.62
OUT_16061,115.36
OUT_16062,297.11
OUT_16063,316.23
OUT_16064,603.58
OUT_16065,149.18
OUT_16066,115.05
OUT_16067,135.34
OUT_16068,112.96
OUT_16069,290.29
OUT_16070,114.17
OUT_16071,871.21
OUT_16072,113.54
OUT_16074,138.22
OUT_16075,857.99
OUT_16076,112.51
OUT_16077,283.66
OUT_16078,333.04
OUT_16079,339.73
OUT_16080,133.98
OUT_16081,122.14
OUT_16082,345.71
OUT_16083,564.22
OUT_16084,273.5
OUT_16085,855.24
OUT_16086,579.88
OUT_16087,284.64
OUT_16088,608.55
OUT_16089,115.97
OUT_16090,152.04
OUT_16091,116.16
OUT_16092,125.31
OUT_16093,295.83
OUT_16094,853.46
OUT_16095,117.6
OUT_16096,132.5
OUT_16097,568.68
OUT_16098,118.93
OUT_16099,320.7
OUT_16100,113.41
OUT_16101,115.14
OUT_16102,277.45
OUT_16103,272.73
OUT_16104,341.76
OUT_16105,301.23
OUT_16106,369.27
OUT_16107,282.63
OUT_16108,825.8
OUT_16110,162.72
OUT_16111,116.66
OUT_16112,352.45
OUT_16113,602.08
OUT_16114,526.01
OUT_16115,116.68
OUT_16116,553.24
OUT_16117,130.54
OUT_16118,112.17
OUT_16119,137.47
OUT_16120,113.65
OUT_16121,113.65
OUT_16122,111.92
OUT_16123,574.36
OUT_16124,278.11
OUT_16125,139.12
OUT_16126,282.03
OUT_16127,112.28
OUT_16128,343.9
OUT_16129,141.84
OUT_16130,282.86
OUT_16131,116.65
OUT_16132,135.79
OUT_16133,121.85
OUT_16134,113.57
OUT_16135,477.63
OUT_16136,604.53
OUT_16137,129.34
OUT_16138,113.28
OUT_16139,128.33
OUT_16140,323.39
OUT_16141,132.28
OUT_16142,536.32
OUT_16143,610.54
OUT_16144,504.0
OUT_16145,172.39
OUT_16146,569.79
OUT_16147,276.54
OUT_16148,112.9
OUT_16149,113.81
OUT_16150,574.35
OUT_16151,115.2
OUT_16152,119.11
OUT_16153,601.83
OUT_16154,372.83
OUT_16155,157.58
OUT_16156,308.73
OUT_16157,118.6
OUT_16158,285.26
OUT_16159,135.97
OUT_16160,112.43
OUT_16161,317.64
OUT_16162,345.15
OUT_16163,123.65
OUT_16164,456.98
OUT_16165,111.2
OUT_16167,113.87
OUT_16168,110.48
OUT_16169,894.91
OUT_16170,547.4
OUT_16171,272.75
OUT_16172,548.02
OUT_16173,355.32
OUT_16174,118.99
OUT_16175,135.45
OUT_16176,583.83
OUT_16177,278.66
OUT_16178,110.76
OUT_16179,325.47
OUT_16180,819.94
OUT_16181,277.05
OUT_16182,112.81
OUT_16183,883.07
OUT_16184,602.87
OUT_16185,496.72
OUT_16186,149.44
OUT_16188,138.81
OUT_16189,279.4
OUT_16190,600.08
OUT_16191,130.54
OUT_16193,388.87
OUT_16194,624.8
OUT_16195,865.86
OUT_16196,283.03
OUT_16197,112.27
OUT_16198,115.37
OUT_16199,854.65
OUT_16200,153.09
OUT_16201,545.95
OUT_16202,113.06
OUT_16203,113.94
OUT_16204,332.76
OUT_16205,112.9
OUT_16206,112.78
OUT_16207,299.11
OUT_16208,123.21
OUT_16209,507.17
OUT_16210,115.66
OUT_16211,113.33
OUT_16212,116.43
OUT_16213,142.41
OUT_16214,144.79
OUT_16215,500.31
OUT_16216,459.15
OUT_16217,336.19
OUT_16218,115.16
OUT_16219,514.75
OUT_16220,138.69
OUT_16221,114.68
OUT_16222,120.25
OUT_16223,832.37
OUT_16224,149.71
OUT_16225,280.2
OUT_16226,146.68
OUT_16227,122.47
OUT_16228,934.39
OUT_16229,898.29
OUT_16230,349.06
OUT_16231,113.19
OUT_16232,135.33
OUT_16233,116.06
OUT_16234,376.04
OUT_16235,327.13
OUT_16236,117.64
OUT_16237,345.3
OUT_16238,876.14
OUT_16239,147.49
OUT_16240,275.28
OUT_16241,148.62
OUT_16242,280.05
OUT_16243,537.48
OUT_16244,514.64
OUT_16245,588.47
OUT_16246,113.63
OUT_16247,112.17
OUT_16248,334.8
OUT_16249,112.23
OUT_16250,148.55
OUT_16251,110.92
OUT_16252,552.06
OUT_16253,127.37
OUT_16254,560.68
OUT_16255,550.69
OUT_16256,284.65
OUT_16257,129.15
OUT_16258,553.39
OUT_16259,112.68
OUT_16260,116.34
OUT_16261,296.63
OUT_16262,119.0
OUT_16263,125.73
OUT_16264,113.94
OUT_16265,112.94
OUT_16266,121.64
OUT_16267,115.14
OUT_16268,116.13
OUT_16269,282.05
OUT_16270,114.84
OUT_16271,534.16
OUT_16272,288.1
OUT_16273,563.31
OUT_16274,119.89
OUT_16275,529.42
OUT_16276,129.73
OUT_16277,113.88
OUT_16278,280.45
OUT_16279,283.91
OUT_16280,119.83
OUT_16281,147.24
OUT_16282,117.27
OUT_16283,288.45
OUT_16284,483.98
OUT_16285,114.24
OUT_16286,119.04
OUT_16287,316.09
OUT_16288,301.28
OUT_16289,117.43
OUT_16290,142.27
OUT_16291,115.26
OUT_16292,288.75
OUT_16293,276.14
OUT_16294,112.1
OUT_16295,121.34
OUT_16296,341.71
OUT_16297,281.51
OUT_16298,151.88
OUT_16299,370.44
OUT_16300,601.93
OUT_16301,119.86
OUT_16302,477.34
OUT_16303,838.53
OUT_16304,875.99
OUT_16305,115.14
OUT_16306,115.9
OUT_16307,119.41
OUT_16308,113.29
OUT_16309,320.28
OUT_16310,329.24
OUT_16311,508.08
OUT_16312,158.19
OUT_16313,113.94
OUT_16314,836.65
OUT_16315,559.09
OUT_16316,113.67
OUT_16317,610.28
OUT_16318,584.44
OUT_16319,111.13
OUT_16320,125.54
OUT_16321,295.45
OUT_16322,597.48
OUT_16323,357.98
OUT_16324,148.24
OUT_16325,118.19
OUT_16326,488.08
OUT_16327,285.58
OUT_16328,627.54
OUT_16329,1075.39
OUT_16330,531.35
OUT_16331,840.49
OUT_16332,115.81
OUT_16333,149.96
OUT_16334,554.92
OUT_16335,276.93
OUT_16336,896.69
OUT_16337,128.32
OUT_16338,129.96
OUT_16339,119.76
OUT_16340,118.36
OUT_16341,364.52
OUT_16342,116.55
OUT_16343,556.04
OUT_16344,156.99
OUT_16345,114.11
OUT_16346,113.54
OUT_16348,419.57
OUT_16349,574.25
OUT_16350,113.99
OUT_16351,545.46
OUT_16352,114.69
OUT_16353,156.86
OUT_16354,164.38
OUT_16355,116.06
OUT_16356,116.58
OUT_16357,112.87
OUT_16358,126.76
OUT_16359,363.47
OUT_16361,113.38
OUT_16362,524.95
OUT_16363,122.2
OUT_16364,543.46
OUT_16365,119.74
OUT_16366,114.33
OUT_16367,296.6
OUT_16368,118.57
OUT_16369,113.01
OUT_16370,273.5
OUT_16371,109.6
OUT_16372,113.24
OUT_16373,116.88
OUT_16374,111.41
OUT_16375,294.01
OUT_16376,145.5
OUT_16377,111.44
OUT_16378,129.0
OUT_16379,119.89
OUT_16380,110.91
OUT_16381,119.78
OUT_16382,563.93
OUT_16383,601.84
OUT_16384,336.27
OUT_16385,122.23
OUT_16386,129.39
OUT_16387,330.35
OUT_16388,837.06
OUT_16389,549.67
OUT_16390,353.18
OUT_16391,113.28
OUT_16392,133.6
OUT_16393,114.82
OUT_16394,501.51
OUT_16395,112.27
OUT_16396,114.25
OUT_16397,549.86
OUT_16398,294.19
OUT_16399,112.78
OUT_16400,121.04
OUT_16401,118.26
OUT_16402,278.24
OUT_16403,631.76
OUT_16404,307.52
OUT_16405,110.67
OUT_16406,128.09
OUT_16407,308.81
OUT_16408,110.02
OUT_16409,305.88
OUT_16410,118.92
OUT_16411,337.25
OUT_16412,116.89
OUT_16413,504.19
OUT_16414,520.98
OUT_16415,120.11
OUT_16416,122.47
OUT_16417,606.26
OUT_16418,110.34
OUT_16419,284.76
OUT_16420,125.57
OUT_16421,300.37
OUT_16422,116.56
OUT_16423,329.98
OUT_16424,549.5
OUT_16425,271.94
OUT_16426,547.03
OUT_16427,136.77
OUT_16428,143.05
OUT_16429,379.51
OUT_16430,116.57
OUT_16431,123.16
OUT_16432,133.55
OUT_16433,282.72
OUT_16434,160.38
OUT_16435,602.19
OUT_16436,272.26
OUT_16437,829.39
OUT_16438,127.37
OUT_16439,285.16
OUT_16440,144.25
OUT_16441,860.98
OUT_16442,116.42
OUT_16443,112.94
OUT_16444,291.73
OUT_16445,158.34
OUT_16447,130.63
OUT_16448,283.66
OUT_16449,371.77
OUT_16450,112.0
OUT_16451,570.5
OUT_16452,300.55
OUT_16453,119.84
OUT_16454,297.21
OUT_16455,331.51
OUT_16456,113.44
OUT_16457,289.22
OUT_16458,114.62
OUT_16459,536.3
OUT_16460,830.98
OUT_16461,279.19
OUT_16462,111.03
OUT_16463,299.26
OUT_16464,156.6
OUT_16465,274.16
OUT_16466,123.68
OUT_16467,484.26
OUT_16468,324.81
OUT_16469,111.89
OUT_16470,537.7
OUT_16471,119.38
OUT_16472,117.86
OUT_16473,129.05
OUT_16474,118.4
OUT_16475,131.67
OUT_16476,142.08
OUT_16477,318.86
OUT_16478,344.58
OUT_16479,289.96
OUT_16480,276.85
OUT_16481,114.14
OUT_16482,124.22
OUT_16483,301.52
OUT_16484,317.24
OUT_16485,159.9
OUT_16486,117.45
OUT_16487,285.8
OUT_16488,855.17
OUT_16489,284.32
OUT_16490,133.27
OUT_16491,135.52
OUT_16492,797.83
OUT_16493,111.93
OUT_16494,307.73
OUT_16495,147.42
OUT_16496,277.51
OUT_16497,578.69
OUT_16498,115.34
OUT_16499,312.5
OUT_16500,115.78
OUT_16501,270.3
OUT_16502,475.22
OUT_16503,111.17
OUT_16505,117.98
OUT_16506,117.82
OUT_16507,113.49
OUT_16508,118.57
OUT_16509,144.25
OUT_16511,525.06
OUT_16512,113.95
OUT_16513,286.41
OUT_16514,337.53
OUT_16515,286.74
OUT_16516,285.14
OUT_16517,280.81
OUT_16518,112.81
OUT_16519,118.88
OUT_16520,860.87
OUT_16521,340.67
OUT_16522,112.53
OUT_16523,116.42
OUT_16525,293.65
OUT_16526,114.99
OUT_16527,147.19
OUT_16528,117.44
OUT_16529,334.68
OUT_16530,548.42
OUT_16531,541.89
OUT_16532,113.73
OUT_16533,328.4
OUT_16534,118.75
OUT_16535,110.78
OUT_16536,527.42
OUT_16537,326.05
OUT_16538,868.86
OUT_16539,347.72
OUT_16540,506.5
OUT_16541,116.02
OUT_16542,299.54
OUT_16543,313.07
OUT_16544,319.13
OUT_16545,124.71
OUT_16546,167.5
OUT_16548,880.64
OUT_16549,116.42
OUT_16550,114.29
OUT_16551,281.33
OUT_16552,131.45
OUT_16553,343.72
OUT_16554,116.06
OUT_16555,133.29
OUT_16556,114.0
OUT_16557,173.76
OUT_16558,350.81
OUT_16559,382.03
OUT_16560,113.54
OUT_16561,170.65
OUT_16562,133.6
OUT_16563,129.05
OUT_16564,114.94
OUT_16565,127.44
OUT_16566,148.73
OUT_16567,128.95
OUT_16568,139.05
OUT_16569,294.74
OUT_16570,916.09
OUT_16571,115.06
OUT_16572,117.91
OUT_16573,903.89
OUT_16574,122.11
OUT_16575,154.8
OUT_16576,499.27
OUT_16577,144.39
OUT_16578,297.35
OUT_16579,321.24
OUT_16580,115.53
OUT_16581,109.77
OUT_16582,120.53
OUT_16583,494.81
OUT_16584,159.37
OUT_16585,116.81
OUT_16586,567.01
OUT_16587,124.04
OUT_16588,279.28
OUT_16589,117.77
OUT_16590,534.63
OUT_16591,111.61
OUT_16592,333.74
OUT_16593,554.09
OUT_16594,121.45
OUT_16595,112.16
OUT_16596,919.99
OUT_16597,812.29
OUT_16598,576.43
OUT_16599,114.44
OUT_16600,117.4
OUT_16601,272.88
OUT_16602,493.06
OUT_16603,127.56
OUT_16604,112.72
OUT_16605,863.0
OUT_16606,135.81
OUT_16607,340.7
OUT_16608,133.43
OUT_16609,278.15
OUT_16610,138.39
OUT_16611,113.47
OUT_16612,283.66
OUT_16613,150.4
OUT_16614,139.3
OUT_16615,159.76
OUT_16616,283.73
OUT_16617,281.42
OUT_16618,111.49
OUT_16619,282.45
OUT_16620,308.19
OUT_16621,110.52
OUT_16623,594.09
OUT_16624,116.07
OUT_16625,132.04
OUT_16626,113.27
OUT_16627,116.2
OUT_16628,112.76
OUT_16629,122.29
OUT_16630,156.35
OUT_16631,300.64
OUT_16632,314.69
OUT_16633,551.03
OUT_16634,142.0
OUT_16635,114.76
OUT_16636,142.76
OUT_16637,142.1
OUT_16638,120.48
OUT_16639,840.42
OUT_16640,309.75
OUT_16641,603.36
OUT_16642,310.42
OUT_16643,290.14
OUT_16644,281.06
OUT_16645,276.62
OUT_16646,302.89
OUT_16647,351.37
OUT_16648,162.08
OUT_16649,555.4
OUT_16650,110.46
OUT_16651,146.3
OUT_16652,283.33
OUT_16653,114.01
OUT_16654,492.69
OUT_16655,123.47
OUT_16656,510.24
OUT_16657,559.59
OUT_16658,118.4
OUT_16659,569.73
OUT_16660,114.61
OUT_16661,139.49
OUT_16662,278.17
OUT_16663,114.84
OUT_16664,113.72
OUT_16665,369.85
OUT_16666,116.73
OUT_16667,114.72
OUT_16668,112.44
OUT_16669,126.04
OUT_16670,467.5
OUT_16671,137.52
OUT_16672,116.94
OUT_16673,284.95
OUT_16674,117.75
OUT_16675,555.18
OUT_16676,583.99
OUT_16677,109.77
OUT_16678,116.57
OUT_16679,113.44
OUT_16680,282.96
OUT_16681,117.19
OUT_16682,114.44
OUT_16683,123.6
OUT_16684,113.79
OUT_16685,279.24
OUT_16686,121.36
OUT_16687,618.28
OUT_16688,869.85
OUT_16689,116.33
OUT_16690,448.68
OUT_16691,112.72
OUT_16692,297.3
OUT_16693,115.64
OUT_16694,377.78
OUT_16695,111.05
OUT_16696,114.07
OUT_16697,113.61
OUT_16698,280.59
OUT_16699,126.89
OUT_16700,112.11
OUT_16701,114.42
OUT_16702,330.44
OUT_16703,511.62
OUT_16704,112.5
OUT_16705,322.69
OUT_16706,143.53
OUT_16707,631.09
OUT_16708,111.67
OUT_16709,114.76
OUT_16710,114.08
OUT_16711,562.7
OUT_16712,636.03
OUT_16713,115.54
OUT_16714,118.25
OUT_16715,150.97
OUT_16716,322.97
OUT_16717,332.65
OUT_16718,111.03
OUT_16719,315.97
OUT_16720,124.98
OUT_16721,379.28
OUT_16722,188.0
OUT_16723,133.41
OUT_16724,606.28
OUT_16725,319.9
OUT_16726,374.27
OUT_16727,122.62
OUT_16728,568.94
OUT_16729,111.01
OUT_16730,112.87
OUT_16731,284.33
OUT_16732,281.5
OUT_16733,111.31
OUT_16734,156.31
OUT_16735,116.64
OUT_16736,135.24
OUT_16737,285.14
OUT_16738,572.61
OUT_16739,364.85
OUT_16740,326.15
OUT_16741,515.99
OUT_16742,624.51
OUT_16743,119.19
OUT_16744,118.25
OUT_16745,319.98
OUT_16746,299.14
OUT_16747,276.26
OUT_16748,111.74
OUT_16749,494.57
OUT_16750,110.27
OUT_16751,115.21
OUT_16752,112.96
OUT_16753,559.56
OUT_16754,114.6
OUT_16755,114.25
OUT_16756,144.31
OUT_16757,334.68
OUT_16758,116.81
OUT_16759,113.46
OUT_16760,366.43
OUT_16761,133.35
OUT_16762,376.67
OUT_16763,136.11
OUT_16764,155.31
OUT_16766,277.05
OUT_16767,115.04
OUT_16768,320.81
OUT_16769,591.82
OUT_16770,281.9
OUT_16771,126.78
OUT_16772,159.22
OUT_16773,114.92
OUT_16774,125.72
OUT_16775,576.98
OUT_16776,280.89
OUT_16777,274.66
OUT_16778,328.91
OUT_16779,114.25
OUT_16780,116.28
OUT_16781,111.5
OUT_16782,115.22
OUT_16783,334.09
OUT_16784,309.64
OUT_16785,531.34
OUT_16786,567.24
OUT_16787,455.98
OUT_16788,139.14
OUT_16789,122.4
OUT_16790,329.88
OUT_16791,542.31
OUT_16792,112.15
OUT_16793,304.86
OUT_16794,292.5
OUT_16795,119.98
OUT_16796,340.89
OUT_16797,115.94
OUT_16799,114.05
OUT_16800,138.34
OUT_16801,133.24
OUT_16802,141.21
OUT_16803,113.65
OUT_16804,595.62
OUT_16805,113.58
OUT_16806,569.8
OUT_16807,354.2
OUT_16808,575.08
OUT_16809,860.86
OUT_16810,290.91
OUT_16811,113.42
OUT_16812,580.48
OUT_16813,582.81
OUT_16814,126.58
OUT_16815,577.39
OUT_16816,125.16
OUT_16817,296.13
OUT_16818,337.95
OUT_16819,151.65
OUT_16820,598.71
OUT_16821,357.34
OUT_16822,114.83
OUT_16823,133.15
OUT_16824,333.95
OUT_16826,150.62
OUT_16827,794.37
OUT_16828,285.69
OUT_16829,110.17
OUT_16830,563.62
OUT_16831,111.29
OUT_16832,545.29
OUT_16833,296.27
OUT_16834,306.1
OUT_16835,127.39
OUT_16836,148.62
OUT_16837,118.57
OUT_16838,567.93
OUT_16839,308.46
OUT_16840,569.32
OUT_16841,575.79
OUT_16842,115.54
OUT_16843,113.66
OUT_16844,285.21
OUT_16846,151.72
OUT_16847,113.59
OUT_16848,812.21
OUT_16849,116.82
OUT_16850,117.61
OUT_16851,620.28
OUT_16852,279.43
OUT_16853,144.58
OUT_16854,115.16
OUT_16855,274.09
OUT_16856,353.93
OUT_16857,315.0
OUT_16858,580.18
OUT_16859,133.99
OUT_16860,273.2
OUT_16861,336.67
OUT_16862,115.69
OUT_16863,530.34
OUT_16864,874.46
OUT_16865,135.75
OUT_16866,310.31
OUT_16867,123.95
OUT_16868,538.84
OUT_16869,115.39
OUT_16870,282.02
OUT_16871,128.22
OUT_16872,562.41
OUT_16873,292.49
OUT_16874,357.73
OUT_16875,281.82
OUT_16876,555.73
OUT_16877,126.45
OUT_16878,145.14
OUT_16879,148.4
OUT_16880,577.6
OUT_16881,112.79
OUT_16882,274.88
OUT_16883,114.38
OUT_16884,589.47
OUT_16885,126.97
OUT_16886,113.56
OUT_16887,130.92
OUT_16888,300.04
OUT_16889,332.02
OUT_16890,112.09
OUT_16891,544.14
OUT_16892,111.16
OUT_16893,271.76
OUT_16894,299.68
OUT_16895,109.52
OUT_16896,114.24
OUT_16897,124.1
OUT_16898,110.95
OUT_16899,581.26
OUT_16900,586.62
OUT_16901,131.22
OUT_16902,271.12
OUT_16903,152.27
OUT_16904,114.03
OUT_16905,321.56
OUT_16907,113.1
OUT_16908,554.23
OUT_16909,589.99
OUT_16910,114.5
OUT_16911,137.07
OUT_16913,276.48
OUT_16914,119.13
OUT_16915,115.79
OUT_16916,114.68
OUT_16917,129.73
OUT_16918,111.99
OUT_16919,142.2
OUT_16920,285.17
OUT_16921,276.96
OUT_16922,113.87
OUT_16923,276.89
OUT_16924,546.39
OUT_16925,625.41
OUT_16926,110.6
OUT_16927,281.35
OUT_16928,276.9
OUT_16929,130.03
OUT_16930,329.17
OUT_16931,112.07
OUT_16932,278.22
OUT_16933,113.56
OUT_16934,287.35
OUT_16935,866.89
OUT_16936,283.98
OUT_16937,472.3
OUT_16938,120.92
OUT_16940,114.57
OUT_16941,151.01
OUT_16942,335.59
OUT_16943,111.94
OUT_16944,337.83
OUT_16945,142.6
OUT_16946,814.91
OUT_16947,114.57
OUT_16948,145.1
OUT_16949,116.91
OUT_16950,166.47
OUT_16951,111.69
OUT_16952,153.35
OUT_16953,111.74
OUT_16954,118.56
OUT_16955,143.9
OUT_16956,132.39
OUT_16957,115.88
OUT_16958,596.79
OUT_16959,851.7
OUT_16960,115.48
OUT_16961,318.25
OUT_16962,125.04
OUT_16963,111.13
OUT_16964,119.01
OUT_16965,271.6
OUT_16966,119.5
OUT_16967,279.3
OUT_16968,285.62
OUT_16969,280.53
OUT_16970,294.27
OUT_16971,506.43
OUT_16972,125.33
OUT_16973,119.03
OUT_16974,314.78
OUT_16975,312.54
OUT_16976,111.82
OUT_16977,556.91
OUT_16978,112.9
OUT_16979,113.54
OUT_16980,128.88
OUT_16981,113.16
OUT_16982,114.92
OUT_16983,290.8
OUT_16984,125.13
OUT_16985,281.96
OUT_16986,845.77
OUT_16987,307.73
OUT_16988,277.71
OUT_16989,288.88
OUT_16990,880.85
OUT_16991,351.66
OUT_16992,115.07
OUT_16993,114.6
OUT_16994,314.25
OUT_16995,120.16
OUT_16996,325.24
OUT_16997,287.45
OUT_16998,131.67
OUT_16999,328.98
OUT_17000,109.83
OUT_17001,141.96
OUT_17002,340.22
OUT_17003,140.74
OUT_17004,347.69
OUT_17005,381.08
OUT_17006,348.77
OUT_17007,376.88
OUT_17008,690.06
OUT_17009,1188.37
OUT_17010,1023.26
OUT_17011,139.05
OUT_17012,145.37
OUT_17013,139.73
OUT_17014,966.53
OUT_17015,444.48
OUT_17016,171.9
OUT_17017,156.95
OUT_17018,139.93
OUT_17019,392.72
OUT_17020,164.85
OUT_17021,671.35
OUT_17022,169.77
OUT_17023,154.0
OUT_17024,145.58
OUT_17025,655.68
OUT_17026,144.68
OUT_17027,138.42
OUT_17028,715.24
OUT_17029,145.86
OUT_17030,168.5
OUT_17031,140.31
OUT_17032,138.99
OUT_17033,141.76
OUT_17034,332.66
OUT_17035,138.68
OUT_17036,161.71
OUT_17037,408.56
OUT_17038,141.72
OUT_17039,395.88
OUT_17040,146.68
OUT_17041,381.29
OUT_17042,142.85
OUT_17043,128.21
OUT_17044,603.57
OUT_17045,193.76
OUT_17047,706.66
OUT_17048,143.27
OUT_17049,1055.18
OUT_17050,345.39
OUT_17051,150.24
OUT_17052,178.11
OUT_17053,405.77
OUT_17054,346.66
OUT_17055,152.3
OUT_17056,400.14
OUT_17057,378.28
OUT_17058,642.62
OUT_17059,401.94
OUT_17060,184.26
OUT_17061,433.92
OUT_17062,158.43
OUT_17063,142.48
OUT_17064,356.99
OUT_17065,150.62
OUT_17066,710.08
OUT_17067,1002.51
OUT_17068,348.75
OUT_17069,325.85
OUT_17070,417.52
OUT_17071,973.16
OUT_17072,194.69
OUT_17073,388.28
OUT_17074,354.98
OUT_17076,139.7
OUT_17077,129.49
OUT_17078,660.22
OUT_17079,169.98
OUT_17080,341.37
OUT_17081,136.79
OUT_17082,930.39
OUT_17083,142.05
OUT_17084,146.4
OUT_17085,652.72
OUT_17086,148.28
OUT_17087,687.6
OUT_17088,674.49
OUT_17089,141.65
OUT_17090,148.44
OUT_17091,147.07
OUT_17092,703.04
OUT_17093,146.59
OUT_17094,154.42
OUT_17095,331.62
OUT_17096,143.01
OUT_17097,140.92
OUT_17098,386.61
OUT_17099,374.44
OUT_17100,358.66
OUT_17101,607.98
OUT_17102,405.74
OUT_17103,149.97
OUT_17105,135.66
OUT_17106,145.15
OUT_17107,376.66
OUT_17108,150.45
OUT_17109,141.06
OUT_17110,719.56
OUT_17111,431.92
OUT_17112,140.22
OUT_17113,175.51
OUT_17114,185.84
OUT_17115,203.64
OUT_17116,155.75
OUT_17117,144.71
OUT_17118,154.57
OUT_17119,430.92
OUT_17120,156.66
OUT_17121,675.01
OUT_17122,334.84
OUT_17123,647.75
OUT_17124,604.25
OUT_17125,422.17
OUT_17126,142.15
OUT_17127,146.22
OUT_17128,152.49
OUT_17129,642.42
OUT_17130,140.2
OUT_17131,1022.87
OUT_17132,150.58
OUT_17133,142.32
OUT_17134,184.51
OUT_17135,350.67
OUT_17136,431.89
OUT_17137,395.14
OUT_17138,149.23
OUT_17139,151.84
OUT_17140,340.89
OUT_17141,421.1
OUT_17142,437.87
OUT_17143,391.69
OUT_17144,347.54
OUT_17145,136.73
OUT_17146,139.29
OUT_17147,145.04
OUT_17148,344.57
OUT_17149,375.56
OUT_17150,158.34
OUT_17151,144.54
OUT_17152,460.71
OUT_17153,1026.81
OUT_17154,137.64
OUT_17155,161.6
OUT_17156,163.75
OUT_17157,413.17
OUT_17158,361.53
OUT_17159,384.21
OUT_17160,609.02
OUT_17161,400.38
OUT_17162,704.94
OUT_17163,150.2
OUT_17164,144.31
OUT_17165,153.74
OUT_17166,145.35
OUT_17167,651.26
OUT_17168,143.96
OUT_17169,186.06
OUT_17170,145.92
OUT_17171,168.11
OUT_17172,659.73
OUT_17173,366.12
OUT_17175,1185.99
OUT_17176,141.93
OUT_17177,371.0
OUT_17178,688.3
OUT_17179,337.83
OUT_17180,180.71
OUT_17181,136.89
OUT_17182,139.17
OUT_17183,693.53
OUT_17184,163.88
OUT_17185,151.82
OUT_17186,334.19
OUT_17187,1007.63
OUT_17188,173.53
OUT_17189,419.15
OUT_17190,146.09
OUT_17191,173.14
OUT_17192,690.84
OUT_17193,344.69
OUT_17194,343.4
OUT_17195,165.01
OUT_17196,141.13
OUT_17197,136.71
OUT_17198,430.82
OUT_17199,157.96
OUT_17200,334.9
OUT_17201,442.38
OUT_17202,397.2
OUT_17203,143.87
OUT_17204,351.53
OUT_17205,143.81
OUT_17206,425.07
OUT_17207,691.42
OUT_17208,672.2
OUT_17209,146.71
OUT_17210,184.29
OUT_17211,168.4
OUT_17212,178.83
OUT_17213,169.99
OUT_17214,471.24
OUT_17215,339.41
OUT_17216,968.97
OUT_17218,152.16
OUT_17220,138.69
OUT_17221,139.02
OUT_17222,391.15
OUT_17223,149.87
OUT_17224,344.75
OUT_17225,413.87
OUT_17226,192.14
OUT_17227,141.71
OUT_17228,181.85
OUT_17229,144.54
OUT_17230,138.36
OUT_17231,672.74
OUT_17232,574.04
OUT_17233,340.98
OUT_17234,442.41
OUT_17235,174.86
OUT_17236,146.16
OUT_17237,158.7
OUT_17238,133.21
OUT_17239,405.5
OUT_17240,340.46
OUT_17241,419.42
OUT_17242,327.13
OUT_17243,140.52
OUT_17244,177.6
OUT_17245,382.08
OUT_17246,363.55
OUT_17247,358.07
OUT_17248,387.12
OUT_17249,140.25
OUT_17250,395.51
OUT_17251,181.75
OUT_17252,166.27
OUT_17253,336.91
OUT_17254,158.15
OUT_17255,198.24
OUT_17256,147.52
OUT_17257,400.94
OUT_17258,144.58
OUT_17259,382.68
OUT_17260,387.82
OUT_17261,137.92
OUT_17262,168.88
OUT_17263,659.63
OUT_17264,144.82
OUT_17265,159.83
OUT_17266,143.52
OUT_17267,154.22
OUT_17268,143.42
OUT_17269,344.53
OUT_17270,656.48
OUT_17271,142.86
OUT_17272,391.25
OUT_17273,379.45
OUT_17274,180.27
OUT_17275,410.51
OUT_17276,344.23
OUT_17277,356.38
OUT_17278,138.07
OUT_17279,163.22
OUT_17280,928.77
OUT_17281,138.47
OUT_17282,354.27
OUT_17283,184.17
OUT_17284,156.34
OUT_17285,381.67
OUT_17286,156.6
OUT_17287,141.43
OUT_17288,138.08
OUT_17289,350.28
OUT_17290,139.71
OUT_17291,162.19
OUT_17292,186.27
OUT_17293,430.71
OUT_17294,173.72
OUT_17295,140.64
OUT_17296,173.21
OUT_17297,137.04
OUT_17298,139.63
OUT_17299,144.76
OUT_17300,141.36
OUT_17301,712.86
OUT_17302,369.04
OUT_17303,344.2
OUT_17304,677.67
OUT_17305,361.35
OUT_17306,140.97
OUT_17307,404.97
OUT_17308,342.38
OUT_17309,178.87
OUT_17310,170.7
OUT_17311,148.02
OUT_17312,642.92
OUT_17313,145.34
OUT_17314,614.18
OUT_17315,597.96
OUT_17316,135.81
OUT_17317,381.02
OUT_17318,682.5
OUT_17319,164.06
OUT_17320,399.23
OUT_17321,651.56
OUT_17322,353.58
OUT_17323,350.52
OUT_17324,691.65
OUT_17325,394.12
OUT_17326,1030.51
OUT_17327,135.83
OUT_17328,428.49
OUT_17329,667.56
OUT_17330,147.52
OUT_17331,139.55
OUT_17332,142.54
OUT_17333,193.96
OUT_17334,633.07
OUT_17336,153.18
OUT_17337,139.87
OUT_17338,344.88
OUT_17339,377.48
OUT_17340,150.67
OUT_17341,140.01
OUT_17342,401.07
OUT_17343,341.02
OUT_17344,141.35
OUT_17345,669.98
OUT_17346,165.34
OUT_17347,158.36
OUT_17348,685.87
OUT_17349,142.07
OUT_17350,670.3
OUT_17351,153.31
OUT_17352,141.67
OUT_17353,139.87
OUT_17354,639.52
OUT_17355,142.45
OUT_17356,143.81
OUT_17357,163.57
OUT_17358,141.01
OUT_17359,141.23
OUT_17360,167.65
OUT_17361,135.21
OUT_17362,405.97
OUT_17363,175.89
OUT_17364,413.89
OUT_17365,136.79
OUT_17366,793.72
OUT_17367,180.0
OUT_17368,138.66
OUT_17369,145.57
OUT_17370,145.58
OUT_17371,1110.12
OUT_17372,671.13
OUT_17373,436.58
OUT_17374,725.19
OUT_17375,144.97
OUT_17376,170.13
OUT_17377,140.23
OUT_17378,655.3
OUT_17379,140.2
OUT_17380,148.95
OUT_17381,137.38
OUT_17382,137.71
OUT_17383,203.16
OUT_17384,139.53
OUT_17385,379.4
OUT_17386,375.21
OUT_17387,168.85
OUT_17388,166.27
OUT_17389,1195.48
OUT_17390,121.88
OUT_17391,142.3
OUT_17392,657.78
OUT_17393,142.31
OUT_17394,335.82
OUT_17395,136.03
OUT_17396,332.15
OUT_17397,377.54
OUT_17398,172.69
OUT_17399,152.81
OUT_17400,347.69
OUT_17401,165.17
OUT_17402,389.02
OUT_17403,360.82
OUT_17404,438.17
OUT_17405,670.92
OUT_17406,139.33
OUT_17407,165.99
OUT_17408,639.3
OUT_17409,139.15
OUT_17410,147.25
OUT_17411,164.1
OUT_17412,138.46
OUT_17413,337.91
OUT_17414,414.81
OUT_17415,367.6
OUT_17416,667.87
OUT_17417,137.7
OUT_17418,438.99
OUT_17419,414.83
OUT_17420,403.22
OUT_17421,172.75
OUT_17422,680.86
OUT_17423,731.32
OUT_17424,1026.42
OUT_17425,1056.63
OUT_17426,153.18
OUT_17427,149.16
OUT_17428,147.33
OUT_17429,163.65
OUT_17430,627.38
OUT_17431,144.56
OUT_17432,341.59
OUT_17433,684.66
OUT_17434,141.75
OUT_17435,694.7
OUT_17436,717.25
OUT_17437,960.44
OUT_17438,163.34
OUT_17439,136.12
OUT_17440,600.42
OUT_17441,168.67
OUT_17442,140.7
OUT_17443,379.28
OUT_17444,145.38
OUT_17445,139.52
OUT_17446,332.11
OUT_17447,630.62
OUT_17448,185.7
OUT_17449,191.82
OUT_17450,341.02
OUT_17451,393.62
OUT_17452,140.71
OUT_17453,413.25
OUT_17454,165.23
OUT_17455,192.24
OUT_17456,156.0
OUT_17457,658.48
OUT_17458,150.69
OUT_17459,719.11
OUT_17460,344.34
OUT_17461,140.97
OUT_17462,140.36
OUT_17463,342.82
OUT_17464,408.2
OUT_17465,180.37
OUT_17467,172.33
OUT_17468,444.19
OUT_17469,184.68
OUT_17470,186.56
OUT_17471,382.39
OUT_17472,184.93
OUT_17473,400.52
OUT_17474,676.41
OUT_17475,148.87
OUT_17476,365.27
OUT_17477,699.57
OUT_17478,632.62
OUT_17479,140.54
OUT_17480,138.0
OUT_17481,143.65
OUT_17482,170.38
OUT_17483,393.14
OUT_17484,436.88
OUT_17485,182.07
OUT_17486,182.72
OUT_17487,149.89
OUT_17488,169.77
OUT_17489,153.34
OUT_17490,177.05
OUT_17491,347.16
OUT_17492,688.27
OUT_17493,141.25
OUT_17494,633.01
OUT_17495,697.08
OUT_17496,164.56
OUT_17497,138.49
OUT_17498,157.32
OUT_17500,423.95
OUT_17501,361.77
OUT_17502,361.87
OUT_17503,139.35
OUT_17504,137.9
OUT_17505,193.23
OUT_17506,622.03
OUT_17507,140.62
OUT_17508,638.81
OUT_17509,138.78
OUT_17510,144.26
OUT_17511,159.59
OUT_17512,167.65
OUT_17513,140.08
OUT_17514,141.31
OUT_17515,143.23
OUT_17516,377.37
OUT_17517,145.18
OUT_17518,143.95
OUT_17519,343.74
OUT_17520,362.69
OUT_17521,363.94
OUT_17522,719.81
OUT_17523,165.06
OUT_17524,692.56
OUT_17525,179.15
OUT_17526,405.51
OUT_17527,346.18
OUT_17528,365.27
OUT_17529,144.92
OUT_17530,624.95
OUT_17531,179.98
OUT_17532,664.26
OUT_17533,139.44
OUT_17534,145.14
OUT_17535,391.44
OUT_17536,143.34
OUT_17537,144.48
OUT_17538,398.36
OUT_17539,168.32
OUT_17540,675.14
OUT_17541,136.99
OUT_17542,338.49
OUT_17543,136.68
OUT_17545,156.15
OUT_17546,165.22
OUT_17547,137.12
OUT_17548,172.31
OUT_17549,1009.61
OUT_17550,331.54
OUT_17551,143.29
OUT_17552,164.07
OUT_17553,174.85
OUT_17555,149.09
OUT_17556,361.03
OUT_17557,136.11
OUT_17559,333.36
OUT_17560,143.09
OUT_17561,143.03
OUT_17562,162.43
OUT_17563,174.16
OUT_17564,152.02
OUT_17567,347.43
OUT_17568,342.17
OUT_17569,200.29
OUT_17570,199.03
OUT_17571,142.37
OUT_17572,414.64
OUT_17573,149.4
OUT_17574,672.8
OUT_17575,140.86
OUT_17576,150.38
OUT_17577,348.96
OUT_17578,164.46
OUT_17579,336.69
OUT_17580,146.73
OUT_17581,671.38
OUT_17582,141.13
OUT_17583,446.22
OUT_17584,624.99
OUT_17585,694.47
OUT_17586,150.37
OUT_17587,361.28
OUT_17588,141.58
OUT_17589,389.67
OUT_17590,172.1
OUT_17591,136.4
OUT_17592,139.07
OUT_17593,156.21
OUT_17594,152.3
OUT_17595,151.18
OUT_17596,648.38
OUT_17597,187.44
OUT_17598,1002.22
OUT_17599,171.6
OUT_17600,146.45
OUT_17601,705.72
OUT_17602,641.19
OUT_17603,422.31
OUT_17604,677.92
OUT_17605,343.98
OUT_17606,988.56
OUT_17607,668.29
OUT_17608,138.84
OUT_17609,157.04
OUT_17610,352.0
OUT_17611,184.62
OUT_17612,155.99
OUT_17613,346.27
OUT_17614,367.23
OUT_17615,369.8
OUT_17616,143.02
OUT_17617,183.37
OUT_17618,989.06
OUT_17619,434.19
OUT_17620,140.94
OUT_17621,613.07
OUT_17622,684.97
OUT_17623,157.04
OUT_17624,370.53
OUT_17625,435.52
OUT_17626,141.3
OUT_17627,154.01
OUT_17628,139.21
OUT_17629,678.2
OUT_17630,370.13
OUT_17632,349.61
OUT_17634,143.48
OUT_17635,188.43
OUT_17636,653.94
OUT_17637,141.48
OUT_17638,140.98
OUT_17639,156.89
OUT_17640,337.15
OUT_17642,149.43
OUT_17643,140.42
OUT_17644,146.27
OUT_17645,369.08
OUT_17646,576.45
OUT_17647,136.34
OUT_17648,134.74
OUT_17649,137.3
OUT_17650,188.17
OUT_17651,662.58
OUT_17652,1037.23
OUT_17653,415.17
OUT_17654,386.46
OUT_17655,163.33
OUT_17656,708.52
OUT_17657,148.13
OUT_17659,425.47
OUT_17660,660.38
OUT_17662,616.65
OUT_17663,181.41
OUT_17664,651.6
OUT_17665,153.31
OUT_17666,160.63
OUT_17667,662.13
OUT_17668,682.88
OUT_17669,170.31
OUT_17670,162.8
OUT_17671,363.64
OUT_17672,183.28
OUT_17673,697.68
OUT_17674,170.58
OUT_17675,371.94
OUT_17676,422.4
OUT_17677,633.55
OUT_17678,137.55
OUT_17679,389.75
OUT_17680,191.44
OUT_17681,137.72
OUT_17682,187.83
OUT_17683,344.17
OUT_17684,143.73
OUT_17685,327.02
OUT_17686,162.42
OUT_17687,970.22
OUT_17688,342.6
OUT_17689,176.45
OUT_17690,134.57
OUT_17691,141.37
OUT_17692,155.9
OUT_17693,146.8
OUT_17694,705.86
OUT_17695,120.22
OUT_17696,403.74
OUT_17697,336.82
OUT_17698,994.39
OUT_17699,349.93
OUT_17700,143.82
OUT_17701,142.93
OUT_17702,140.5
OUT_17703,343.34
OUT_17704,148.89
OUT_17705,169.68
OUT_17706,136.86
OUT_17707,704.97
OUT_17708,140.48
OUT_17709,436.37
OUT_17710,137.82
OUT_17711,157.49
OUT_17712,139.88
OUT_17713,176.22
OUT_17714,146.96
OUT_17715,139.73
OUT_17716,145.32
OUT_17717,697.4
OUT_17718,720.08
OUT_17719,158.91
OUT_17720,394.42
OUT_17721,343.1
OUT_17722,166.74
OUT_17723,143.9
OUT_17724,142.79
OUT_17725,158.9
OUT_17726,999.94
OUT_17727,453.13
OUT_17728,136.14
OUT_17729,330.8
OUT_17730,138.29
OUT_17731,177.55
OUT_17732,349.1
OUT_17733,178.17
OUT_17734,166.22
OUT_17735,425.38
OUT_17736,684.17
OUT_17737,687.29
OUT_17738,634.29
OUT_17739,716.13
OUT_17740,365.86
OUT_17741,399.87
OUT_17742,370.67
OUT_17743,149.8
OUT_17744,353.14
OUT_17745,139.1
OUT_17746,157.33
OUT_17747,144.29
OUT_17748,206.05
OUT_17749,158.82
OUT_17750,161.45
OUT_17751,142.0
OUT_17752,646.03
OUT_17753,393.36
OUT_17754,958.02
OUT_17755,390.33
OUT_17756,341.78
OUT_17757,169.88
OUT_17758,155.91
OUT_17759,146.06
OUT_17760,161.26
OUT_17761,653.99
OUT_17762,353.41
OUT_17763,360.55
OUT_17764,384.98
OUT_17765,140.65
OUT_17766,178.67
OUT_17767,141.83
OUT_17768,167.76
OUT_17769,1000.1
OUT_17770,665.05
OUT_17771,360.0
OUT_17772,141.47
OUT_17773,149.64
OUT_17774,171.08
OUT_17775,353.39
OUT_17776,602.46
OUT_17777,388.51
OUT_17778,672.53
OUT_17779,139.67
OUT_17780,350.99
OUT_17781,185.35
OUT_17783,690.03
OUT_17784,142.21
OUT_17785,158.09
OUT_17786,344.13
OUT_17787,154.03
OUT_17788,151.24
OUT_17789,177.5
OUT_17790,145.54
OUT_17791,691.09
OUT_17792,329.42
OUT_17793,152.03
OUT_17794,158.4
OUT_17795,159.71
OUT_17796,161.27
OUT_17797,142.34
OUT_17798,170.48
OUT_17799,146.24
OUT_17800,636.41
OUT_17801,362.93
OUT_17802,419.6
OUT_17803,169.8
OUT_17804,156.07
OUT_17805,1127.03
OUT_17806,143.32
OUT_17807,139.16
OUT_17808,352.12
OUT_17809,366.27
OUT_17810,162.69
OUT_17811,391.41
OUT_17813,140.33
OUT_17814,140.07
OUT_17815,749.15
OUT_17816,191.75
OUT_17817,152.07
OUT_17818,677.8
OUT_17819,140.52
OUT_17820,615.8
OUT_17821,151.57
OUT_17822,144.05
OUT_17823,164.38
OUT_17824,416.32
OUT_17825,152.39
OUT_17826,415.18
OUT_17827,651.64
OUT_17828,159.36
OUT_17829,147.49
OUT_17830,646.7
OUT_17831,722.71
OUT_17832,162.84
OUT_17833,168.8
OUT_17834,342.33
OUT_17835,421.18
OUT_17836,1072.98
OUT_17837,176.72
OUT_17838,720.41
OUT_17839,656.22
OUT_17840,142.57
OUT_17841,166.46
OUT_17842,146.34
OUT_17843,959.1
OUT_17844,365.27
OUT_17845,679.69
OUT_17846,387.41
OUT_17847,381.4
OUT_17848,214.8
OUT_17849,361.11
OUT_17850,186.8
OUT_17851,379.36
OUT_17852,408.3
OUT_17853,412.93
OUT_17854,1002.52
OUT_17855,724.04
OUT_17856,704.21
OUT_17857,154.13
OUT_17858,399.05
OUT_17859,334.43
OUT_17860,141.27
OUT_17861,145.77
OUT_17862,153.82
OUT_17863,153.38
OUT_17864,147.75
OUT_17865,141.89
OUT_17866,153.66
OUT_17867,403.82
OUT_17868,170.05
OUT_17869,337.15
OUT_17870,154.66
OUT_17871,362.02
OUT_17872,152.72
OUT_17873,185.36
OUT_17874,184.35
OUT_17875,372.19
OUT_17876,392.18
OUT_17877,144.32
OUT_17878,348.61
OUT_17879,167.0
OUT_17880,1026.97
OUT_17881,181.98
OUT_17882,376.12
OUT_17883,352.75
OUT_17884,697.5
OUT_17885,199.03
OUT_17886,404.28
OUT_17887,167.6
OUT_17888,137.28
OUT_17889,374.86
OUT_17890,142.57
OUT_17891,722.79
OUT_17892,135.65
OUT_17893,196.6
OUT_17894,146.27
OUT_17895,157.66
OUT_17896,169.75
OUT_17897,139.25
OUT_17898,150.08
OUT_17899,325.97
OUT_17900,158.46
OUT_17901,141.48
OUT_17902,606.75
OUT_17903,141.29
OUT_17904,163.44
OUT_17905,141.44
OUT_17906,707.22
OUT_17907,417.03
OUT_17908,136.41
OUT_17909,140.89
OUT_17910,978.1
OUT_17911,156.19
OUT_17912,390.34
OUT_17914,141.54
OUT_17915,150.57
OUT_17916,139.8
OUT_17917,149.43
OUT_17918,697.07
OUT_17919,143.58
OUT_17920,154.8
OUT_17921,142.97
OUT_17922,179.58
OUT_17923,1035.2
OUT_17924,150.99
OUT_17925,138.44
OUT_17926,376.01
OUT_17927,377.62
OUT_17928,156.16
OUT_17929,146.65
OUT_17930,168.41
OUT_17931,161.33
OUT_17932,165.38
OUT_17933,653.68
OUT_17934,420.98
OUT_17935,463.57
OUT_17936,697.03
OUT_17937,354.41
OUT_17938,140.04
OUT_17939,147.78
OUT_17941,142.43
OUT_17942,197.76
OUT_17943,171.88
OUT_17944,665.74
OUT_17945,141.48
OUT_17946,140.7
OUT_17947,643.64
OUT_17948,150.16
OUT_17949,154.24
OUT_17950,163.23
OUT_17951,143.3
OUT_17952,140.48
OUT_17953,140.19
OUT_17954,156.29
OUT_17955,706.12
OUT_17956,352.86
OUT_17957,416.67
OUT_17958,152.35
OUT_17959,159.74
OUT_17960,147.4
OUT_17961,140.78
OUT_17962,186.42
OUT_17963,408.26
OUT_17964,346.53
OUT_17965,141.05
OUT_17966,142.44
OUT_17967,571.84
OUT_17969,140.22
OUT_17970,136.84
OUT_17971,119.66
OUT_17972,393.74
OUT_17973,616.1
OUT_17974,181.91
OUT_17975,656.55
OUT_17976,162.4
OUT_17977,142.64
OUT_17978,161.68
OUT_17979,612.3
OUT_17980,155.11
OUT_17981,132.11
OUT_17982,155.91
OUT_17983,1008.36
OUT_17984,140.14
OUT_17986,629.77
OUT_17987,719.21
OUT_17988,602.46
OUT_17989,1036.56
OUT_17990,167.76
OUT_17991,345.41
OUT_17992,141.43
OUT_17993,140.75
OUT_17994,383.43
OUT_17995,717.26
OUT_17996,144.01
OUT_17998,138.9
OUT_17999,163.94
OUT_18000,150.07
OUT_18001,152.09
OUT_18002,144.2
OUT_18003,142.29
OUT_18004,340.11
OUT_18005,145.87
OUT_18006,581.64
OUT_18007,151.03
OUT_18008,166.69
OUT_18009,162.94
OUT_18010,210.86
OUT_18011,657.98
OUT_18012,684.01
OUT_18013,149.63
OUT_18014,178.04
OUT_18015,392.64
OUT_18016,139.39
OUT_18017,730.82
OUT_18018,580.9
OUT_18019,144.82
OUT_18020,328.09
OUT_18021,138.85
OUT_18022,1065.99
OUT_18023,976.43
OUT_18024,144.94
OUT_18025,406.85
OUT_18026,407.58
OUT_18027,405.28
OUT_18028,344.68
OUT_18029,976.62
OUT_18030,128.08
OUT_18031,401.98
OUT_18032,140.76
OUT_18033,364.43
OUT_18034,356.72
OUT_18035,708.21
OUT_18036,679.06
OUT_18037,154.22
OUT_18038,180.75
OUT_18039,135.95
OUT_18040,410.46
OUT_18041,138.31
OUT_18042,163.15
OUT_18043,170.27
OUT_18044,346.49
OUT_18045,427.2
OUT_18046,359.13
OUT_18047,163.43
OUT_18048,137.52
OUT_18049,146.09
OUT_18050,720.45
OUT_18051,338.06
OUT_18052,145.81
OUT_18053,357.05
OUT_18054,140.49
OUT_18055,959.89
OUT_18056,140.69
OUT_18057,175.15
OUT_18058,399.57
OUT_18059,140.94
OUT_18060,581.36
OUT_18061,337.21
OUT_18062,351.87
OUT_18063,145.95
OUT_18064,139.52
OUT_18065,150.61
OUT_18067,369.91
OUT_18068,441.83
OUT_18069,176.11
OUT_18070,138.07
OUT_18071,997.02
OUT_18072,648.49
OUT_18073,374.5
OUT_18074,151.55
OUT_18075,372.77
OUT_18076,149.53
OUT_18077,144.36
OUT_18078,417.16
OUT_18079,202.91
OUT_18080,150.42
OUT_18081,137.74
OUT_18083,184.12
OUT_18084,147.76
OUT_18085,338.17
OUT_18086,713.83
OUT_18087,353.64
OUT_18088,138.22
OUT_18089,141.56
OUT_18090,350.16
OUT_18091,386.4
OUT_18092,338.67
OUT_18093,344.51
OUT_18094,334.32
OUT_18095,421.86
OUT_18096,151.23
OUT_18097,150.64
OUT_18098,139.37
OUT_18099,708.9
OUT_18100,400.32
OUT_18101,156.74
OUT_18102,358.12
OUT_18103,169.38
OUT_18104,425.43
OUT_18105,137.16
OUT_18106,432.51
OUT_18107,166.62
OUT_18108,404.83
OUT_18109,136.85
OUT_18110,628.22
OUT_18111,135.79
OUT_18112,148.19
OUT_18113,146.57
OUT_18114,159.61
OUT_18115,141.64
OUT_18116,134.9
OUT_18117,367.06
OUT_18118,142.32
OUT_18119,150.88
OUT_18120,188.54
OUT_18121,163.49
OUT_18122,165.9
OUT_18123,337.38
OUT_18124,169.42
OUT_18125,1125.59
OUT_18126,185.36
OUT_18127,138.66
OUT_18128,1003.32
OUT_18129,186.54
OUT_18130,630.96
OUT_18131,347.1
OUT_18132,154.33
OUT_18133,160.25
OUT_18134,150.06
OUT_18135,200.98
OUT_18136,327.31
OUT_18137,144.82
OUT_18138,161.18
OUT_18139,140.24
OUT_18140,182.22
OUT_18141,706.97
OUT_18142,141.7
OUT_18143,142.69
OUT_18144,364.53
OUT_18145,392.7
OUT_18146,454.06
OUT_18147,176.57
OUT_18148,139.56
OUT_18149,653.97
OUT_18150,644.18
OUT_18151,153.43
OUT_18152,362.32
OUT_18153,342.4
OUT_18154,444.02
OUT_18155,337.5
OUT_18156,335.08
OUT_18157,692.21
OUT_18158,647.1
OUT_18159,141.66
OUT_18160,681.15
OUT_18161,141.0
OUT_18162,157.02
OUT_18163,623.15
OUT_18164,151.7
OUT_18165,140.79
OUT_18166,1025.33
OUT_18167,704.17
OUT_18168,144.89
OUT_18169,174.16
OUT_18170,625.4
OUT_18171,146.21
OUT_18172,702.6
OUT_18173,335.41
OUT_18174,387.99
OUT_18175,366.28
OUT_18176,151.8
OUT_18177,142.26
OUT_18178,167.88
OUT_18179,369.89
OUT_18180,162.49
OUT_18181,139.81
OUT_18182,190.62
OUT_18183,453.99
OUT_18184,170.11
OUT_18185,411.01
OUT_18186,342.5
OUT_18187,739.99
OUT_18188,142.49
OUT_18189,382.71
OUT_18190,173.75
OUT_18191,627.08
OUT_18192,403.34
OUT_18193,149.58
OUT_18194,414.96
OUT_18195,349.95
OUT_18196,152.59
OUT_18197,184.83
OUT_18198,144.72
OUT_18199,166.79
OUT_18200,451.47
OUT_18201,191.15
OUT_18202,329.91
OUT_18203,616.78
OUT_18204,391.38
OUT_18205,138.76
OUT_18206,175.28
OUT_18207,653.04
OUT_18208,352.76
OUT_18209,1025.53
OUT_18210,703.88
OUT_18211,338.68
OUT_18212,140.1
OUT_18214,179.67
OUT_18215,330.71
OUT_18216,330.53
OUT_18217,374.83
OUT_18218,659.18
OUT_18219,199.91
OUT_18220,694.55
OUT_18221,368.93
OUT_18222,373.91
OUT_18223,631.57
OUT_18224,376.48
OUT_18225,148.27
OUT_18226,631.67
OUT_18227,416.37
OUT_18228,171.57
OUT_18229,173.78
OUT_18230,148.71
OUT_18231,153.48
OUT_18232,136.35
OUT_18233,138.79
OUT_18234,687.66
OUT_18235,138.21
OUT_18236,152.12
OUT_18237,136.63
OUT_18238,154.94
OUT_18239,148.98
OUT_18240,599.02
OUT_18241,976.43
OUT_18242,697.74
OUT_18243,174.55
OUT_18244,171.44
OUT_18245,393.87
OUT_18246,345.24
OUT_18247,162.1
OUT_18248,350.16
OUT_18249,352.42
OUT_18250,136.22
OUT_18251,148.38
OUT_18252,210.24
OUT_18253,141.31
OUT_18255,136.41
OUT_18256,214.22
OUT_18257,629.18
OUT_18258,146.13
OUT_18259,147.8
OUT_18260,157.97
OUT_18261,146.65
OUT_18262,141.48
OUT_18263,615.43
OUT_18264,639.72
OUT_18265,324.37
OUT_18266,144.35
OUT_18267,699.08
OUT_18268,139.65
OUT_18269,151.54
OUT_18270,145.43
OUT_18271,137.33
OUT_18272,143.83
OUT_18273,179.71
OUT_18274,376.55
OUT_18275,678.58
OUT_18276,139.8
OUT_18277,153.25
OUT_18278,144.2
OUT_18279,1042.92
OUT_18280,142.28
OUT_18281,377.23
OUT_18284,141.06
OUT_18285,341.37
OUT_18286,671.14
OUT_18287,352.17
OUT_18288,163.8
OUT_18289,393.65
OUT_18290,690.79
OUT_18291,655.55
OUT_18292,142.03
OUT_18293,648.39
OUT_18294,140.53
OUT_18295,150.61
OUT_18296,657.16
OUT_18297,421.05
OUT_18298,145.59
OUT_18299,380.1
OUT_18300,366.19
OUT_18301,136.66
OUT_18302,141.97
OUT_18303,153.0
OUT_18304,154.11
OUT_18305,716.65
OUT_18306,326.05
OUT_18307,137.81
OUT_18308,347.07
OUT_18309,439.55
OUT_18310,418.42
OUT_18311,144.64
OUT_18312,177.99
OUT_18313,350.18
OUT_18314,678.62
OUT_18315,137.92
OUT_18316,151.36
OUT_18317,341.6
OUT_18318,149.26
OUT_18319,332.43
OUT_18320,178.77
OUT_18321,576.3
OUT_18322,370.17
OUT_18323,394.91
OUT_18324,495.29
OUT_18325,141.91
OUT_18326,141.59
OUT_18327,201.57
OUT_18328,128.12
OUT_18329,162.17
OUT_18330,671.3
OUT_18331,611.39
OUT_18332,159.06
OUT_18333,156.99
OUT_18334,675.97
OUT_18335,432.12
OUT_18336,183.15
OUT_18337,598.87
OUT_18338,978.08
OUT_18339,381.37
OUT_18340,169.28
OUT_18341,456.56
OUT_18342,445.0
OUT_18343,331.49
OUT_18344,147.91
OUT_18345,196.15
OUT_18346,358.18
OUT_18347,174.54
OUT_18348,162.42
OUT_18349,159.84
OUT_18350,140.39
OUT_18351,136.72
OUT_18352,1004.62
OUT_18353,141.81
OUT_18354,411.16
OUT_18355,137.05
OUT_18357,141.77
OUT_18358,632.39
OUT_18359,142.19
OUT_18360,144.66
OUT_18361,345.76
OUT_18362,394.8
OUT_18363,359.95
OUT_18364,146.28
OUT_18365,368.67
OUT_18366,346.81
OUT_18367,162.29
OUT_18368,721.9
OUT_18369,438.0
OUT_18370,142.86
OUT_18371,176.72
OUT_18372,145.56
OUT_18373,138.98
OUT_18374,144.32
OUT_18375,136.77
OUT_18376,161.7
OUT_18377,984.73
OUT_18378,429.9
OUT_18379,145.04
OUT_18380,368.55
OUT_18381,141.56
OUT_18382,635.38
OUT_18383,666.36
OUT_18384,150.45
OUT_18385,145.35
OUT_18386,138.92
OUT_18387,679.9
OUT_18388,137.9
OUT_18389,145.31
OUT_18390,152.45
OUT_18391,359.99
OUT_18392,668.22
OUT_18393,183.7
OUT_18394,369.74
OUT_18395,188.51
OUT_18396,177.85
OUT_18397,145.94
OUT_18398,688.73
OUT_18399,402.08
OUT_18400,146.44
OUT_18401,147.66
OUT_18402,137.85
OUT_18403,408.97
OUT_18404,190.82
OUT_18405,336.91
OUT_18406,151.11
OUT_18407,731.71
OUT_18408,1003.36
OUT_18409,354.94
OUT_18410,393.56
OUT_18411,339.75
OUT_18412,151.53
OUT_18413,698.6
OUT_18414,453.0
OUT_18415,142.93
OUT_18416,412.5
OUT_18417,163.9
OUT_18418,140.77
OUT_18419,140.63
OUT_18420,411.5
OUT_18421,335.42
OUT_18422,383.16
OUT_18423,150.57
OUT_18424,144.69
OUT_18425,328.27
OUT_18426,148.54
OUT_18427,428.05
OUT_18428,135.69
OUT_18429,379.02
OUT_18430,143.29
OUT_18431,427.09
OUT_18432,162.28
OUT_18433,144.09
OUT_18434,171.49
OUT_18435,177.21
OUT_18437,140.66
OUT_18438,136.72
OUT_18439,467.92
OUT_18440,677.75
OUT_18441,163.26
OUT_18442,141.03
OUT_18443,177.32
OUT_18444,372.5
OUT_18445,151.31
OUT_18446,427.05
OUT_18447,696.85
OUT_18448,143.0
OUT_18449,400.88
OUT_18451,142.56
OUT_18452,1031.78
OUT_18453,141.81
OUT_18454,652.58
OUT_18455,160.19
OUT_18456,155.65
OUT_18457,153.68
OUT_18458,205.54
OUT_18459,360.79
OUT_18460,166.04
OUT_18461,376.75
OUT_18462,152.57
OUT_18463,155.54
OUT_18464,144.66
OUT_18465,147.31
OUT_18466,149.0
OUT_18467,145.62
OUT_18468,1025.93
OUT_18469,363.33
OUT_18470,137.0
OUT_18471,150.16
OUT_18472,147.75
OUT_18473,686.12
OUT_18474,138.21
OUT_18475,184.84
OUT_18476,334.29
OUT_18477,985.94
OUT_18478,144.38
OUT_18479,1089.7
OUT_18480,140.97
OUT_18481,652.49
OUT_18482,411.39
OUT_18483,142.38
OUT_18484,142.49
OUT_18485,372.43
OUT_18486,671.11
OUT_18487,147.77
OUT_18488,181.91
OUT_18489,183.81
OUT_18490,140.76
OUT_18491,699.68
OUT_18492,206.75
OUT_18493,156.46
OUT_18494,138.13
OUT_18495,160.55
OUT_18496,212.36
OUT_18497,421.81
OUT_18498,136.32
OUT_18499,156.74
OUT_18500,157.26
OUT_18502,701.23
OUT_18503,140.42
OUT_18504,750.21
OUT_18505,351.19
OUT_18506,380.87
OUT_18507,539.44
OUT_18508,365.16
OUT_18509,162.14
OUT_18510,154.75
OUT_18511,996.83
OUT_18512,152.82
OUT_18513,142.5
OUT_18514,139.65
OUT_18515,172.25
OUT_18517,149.39
OUT_18518,459.32
OUT_18519,153.73
OUT_18520,190.84
OUT_18521,347.77
OUT_18522,676.29
OUT_18523,715.68
OUT_18524,431.42
OUT_18525,142.8
OUT_18526,195.06
OUT_18527,355.04
OUT_18528,179.32
OUT_18529,143.58
OUT_18530,168.06
OUT_18531,351.26
OUT_18532,627.42
OUT_18533,135.8
OUT_18534,141.39
OUT_18535,191.55
OUT_18536,141.66
OUT_18537,572.6
OUT_18538,400.57
OUT_18539,410.23
OUT_18540,139.74
OUT_18541,354.49
OUT_18542,670.86
OUT_18544,143.94
OUT_18545,686.7
OUT_18546,387.51
OUT_18547,393.86
OUT_18548,436.06
OUT_18549,408.02
OUT_18550,145.32
OUT_18551,142.7
OUT_18552,162.9
OUT_18553,204.95
OUT_18554,362.71
OUT_18555,325.54
OUT_18556,634.66
OUT_18557,149.27
OUT_18558,136.13
OUT_18559,335.08
OUT_18560,171.01
OUT_18561,140.66
OUT_18562,415.62
OUT_18563,158.94
OUT_18564,139.45
OUT_18565,145.55
OUT_18567,356.37
OUT_18568,144.32
OUT_18569,411.79
OUT_18570,167.06
OUT_18571,136.7
OUT_18572,592.4
OUT_18573,413.97
OUT_18574,173.8
OUT_18575,358.99
OUT_18576,450.8
OUT_18577,340.19
OUT_18578,354.74
OUT_18579,343.11
OUT_18580,161.42
OUT_18581,352.82
OUT_18582,336.05
OUT_18583,142.1
OUT_18584,346.53
OUT_18585,138.3
OUT_18586,138.89
OUT_18587,391.61
OUT_18588,144.72
OUT_18589,758.55
OUT_18590,140.31
OUT_18591,176.8
OUT_18592,156.87
OUT_18593,393.77
OUT_18594,140.28
OUT_18595,156.59
OUT_18596,151.85
OUT_18597,375.41
OUT_18598,145.56
OUT_18599,148.99
OUT_18600,171.76
OUT_18601,154.65
OUT_18602,369.07
OUT_18603,167.92
OUT_18604,671.42
OUT_18605,208.37
OUT_18606,149.01
OUT_18607,722.39
OUT_18608,330.58
OUT_18609,184.78
OUT_18610,156.19
OUT_18611,411.59
OUT_18612,145.6
OUT_18613,161.34
OUT_18614,622.67
OUT_18615,144.23
OUT_18616,143.14
OUT_18617,457.18
OUT_18618,162.34
OUT_18619,356.17
OUT_18620,141.76
OUT_18621,166.83
OUT_18622,363.52
OUT_18623,703.33
OUT_18624,140.74
OUT_18625,161.14
OUT_18626,359.37
OUT_18627,350.91
OUT_18628,391.88
OUT_18629,148.46
OUT_18630,689.56
OUT_18631,641.68
OUT_18632,346.0
OUT_18633,157.07
OUT_18635,390.8
OUT_18636,390.85
OUT_18637,672.84
OUT_18638,174.36
OUT_18639,141.9
OUT_18640,144.74
OUT_18641,353.11
OUT_18642,169.95
OUT_18643,139.72
OUT_18644,152.83
OUT_18645,145.69
OUT_18646,345.28
OUT_18647,433.91
OUT_18648,639.46
OUT_18649,350.51
OUT_18650,156.49
OUT_18651,144.13
OUT_18652,341.9
OUT_18653,140.37
OUT_18654,171.55
OUT_18655,159.27
OUT_18656,166.91
OUT_18657,172.1
OUT_18658,346.22
OUT_18659,687.91
OUT_18660,733.89
OUT_18661,162.12
OUT_18662,392.51
OUT_18663,343.99
OUT_18664,157.79
OUT_18665,163.15
OUT_18666,160.73
OUT_18667,598.43
OUT_18668,351.05
OUT_18669,404.1
OUT_18670,343.97
OUT_18671,954.14
OUT_18672,152.83
OUT_18673,141.1
OUT_18674,654.69
OUT_18675,642.18
OUT_18676,338.53
OUT_18677,163.04
OUT_18678,335.96
OUT_18679,385.03
OUT_18680,439.98
OUT_18681,149.22
OUT_18682,1039.69
OUT_18684,686.32
OUT_18685,140.39
OUT_18686,153.31
OUT_18687,181.63
OUT_18688,403.58
OUT_18689,697.45
OUT_18690,143.45
OUT_18691,138.55
OUT_18692,154.96
OUT_18693,350.52
OUT_18694,141.63
OUT_18695,144.39
OUT_18696,350.57
OUT_18697,146.26
OUT_18698,136.1
OUT_18699,139.78
OUT_18700,365.56
OUT_18701,629.21
OUT_18702,353.3
OUT_18703,405.72
OUT_18704,144.89
OUT_18705,142.95
OUT_18706,141.29
OUT_18707,667.94
OUT_18708,144.97
OUT_18709,154.92
OUT_18710,143.26
OUT_18711,145.83
OUT_18712,356.35
OUT_18713,148.65
OUT_18714,664.21
OUT_18715,682.35
OUT_18716,142.59
OUT_18717,154.99
OUT_18718,139.38
OUT_18719,414.35
OUT_18720,175.66
OUT_18721,144.93
OUT_18722,142.72
OUT_18723,198.01
OUT_18724,146.12
OUT_18725,140.07
OUT_18726,146.43
OUT_18727,411.42
OUT_18728,361.46
OUT_18729,431.99
OUT_18730,170.37
OUT_18731,139.61
OUT_18732,694.49
OUT_18733,136.86
OUT_18734,149.54
OUT_18735,343.6
OUT_18736,349.77
OUT_18737,960.22
OUT_18738,1014.89
OUT_18739,336.89
OUT_18740,663.8
OUT_18741,372.7
OUT_18742,142.77
OUT_18743,144.21
OUT_18744,152.99
OUT_18745,672.5
OUT_18746,149.97
OUT_18747,144.52
OUT_18748,372.24
OUT_18749,188.31
OUT_18750,143.68
OUT_18751,638.62
OUT_18752,157.9
OUT_18753,163.09
OUT_18754,660.05
OUT_18755,396.52
OUT_18756,139.62
OUT_18757,141.53
OUT_18758,147.98
OUT_18759,138.41
OUT_18760,141.26
OUT_18761,635.17
OUT_18762,330.27
OUT_18763,137.99
OUT_18764,157.33
OUT_18765,203.65
OUT_18766,390.2
OUT_18767,684.38
OUT_18768,682.09
OUT_18769,172.46
OUT_18770,142.02
OUT_18771,155.55
OUT_18772,694.84
OUT_18773,177.06
OUT_18774,422.37
OUT_18775,362.35
OUT_18776,142.17
OUT_18777,378.09
OUT_18778,142.32
OUT_18779,403.77
OUT_18780,137.05
OUT_18781,377.2
OUT_18782,352.69
OUT_18783,167.58
OUT_18784,176.02
OUT_18785,185.12
OUT_18786,137.37
OUT_18787,135.45
OUT_18788,1018.51
OUT_18789,346.83
OUT_18790,408.96
OUT_18791,554.96
OUT_18792,172.27
OUT_18793,989.14
OUT_18794,147.85
OUT_18795,358.07
OUT_18796,977.95
OUT_18797,144.64
OUT_18798,143.6
OUT_18799,342.9
OUT_18800,337.41
OUT_18801,360.88
OUT_18802,1071.39
OUT_18803,152.45
OUT_18804,141.2
OUT_18805,1060.09
OUT_18806,154.75
OUT_18807,139.67
OUT_18808,142.89
OUT_18809,139.9
OUT_18810,159.98
OUT_18811,189.49
OUT_18813,141.83
OUT_18814,360.82
OUT_18815,682.86
OUT_18816,145.57
OUT_18817,147.52
OUT_18818,145.17
OUT_18819,620.48
OUT_18820,186.3
OUT_18821,336.14
OUT_18822,160.53
OUT_18823,410.77
OUT_18824,161.13
OUT_18825,714.39
OUT_18826,382.09
OUT_18827,953.92
OUT_18828,144.72
OUT_18829,333.6
OUT_18830,154.97
OUT_18831,163.58
OUT_18832,422.22
OUT_18833,343.1
OUT_18834,149.93
OUT_18835,654.42
OUT_18836,145.41
OUT_18837,140.63
OUT_18838,705.07
OUT_18839,143.53
OUT_18840,389.35
OUT_18841,144.75
OUT_18842,139.0
OUT_18843,382.62
OUT_18844,1046.25
OUT_18845,157.7
OUT_18846,140.56
OUT_18847,137.29
OUT_18848,420.5
OUT_18849,179.21
OUT_18850,992.62
OUT_18851,164.15
OUT_18852,691.17
OUT_18853,422.87
OUT_18854,140.89
OUT_18855,646.49
OUT_18856,153.33
OUT_18857,136.2
OUT_18858,630.14
OUT_18859,157.67
OUT_18860,378.18
OUT_18861,145.34
OUT_18862,349.13
OUT_18863,738.99
OUT_18864,366.56
OUT_18865,160.76
OUT_18866,653.92
OUT_18867,398.19
OUT_18868,140.01
OUT_18869,141.56
OUT_18870,401.71
OUT_18871,193.09
OUT_18872,387.59
OUT_18873,334.91
OUT_18874,704.0
OUT_18875,146.27
OUT_18876,471.37
OUT_18877,971.71
OUT_18879,139.39
OUT_18880,174.99
OUT_18881,145.9
OUT_18882,354.58
OUT_18883,343.69
OUT_18884,414.06
OUT_18885,681.61
OUT_18886,163.02
OUT_18887,168.65
OUT_18888,345.39
OUT_18889,138.92
OUT_18890,354.76
OUT_18891,141.79
OUT_18892,430.22
OUT_18893,147.43
OUT_18894,375.71
OUT_18895,172.65
OUT_18896,690.99
OUT_18897,394.13
OUT_18898,173.31
OUT_18899,138.26
OUT_18900,333.74
OUT_18901,177.42
OUT_18902,414.42
OUT_18903,589.47
OUT_18904,420.22
OUT_18905,327.56
OUT_18906,134.67
OUT_18907,170.43
OUT_18908,181.04
OUT_18909,607.93
OUT_18910,400.7
OUT_18911,652.75
OUT_18912,644.7
OUT_18913,730.24
OUT_18914,427.72
OUT_18915,390.76
OUT_18916,151.43
OUT_18917,156.48
OUT_18918,154.43
OUT_18919,738.38
OUT_18921,412.51
OUT_18922,345.74
OUT_18923,143.01
OUT_18924,346.4
OUT_18925,359.6
OUT_18926,158.98
OUT_18928,154.53
OUT_18929,360.71
OUT_18930,609.86
OUT_18931,169.3
OUT_18932,149.66
OUT_18933,368.94
OUT_18934,989.27
OUT_18935,145.06
OUT_18936,143.06
OUT_18937,138.95
OUT_18938,340.81
OUT_18939,722.73
OUT_18940,152.61
OUT_18941,640.81
OUT_18942,451.64
OUT_18943,138.73
OUT_18944,334.76
OUT_18945,409.61
OUT_18947,161.36
OUT_18948,363.48
OUT_18949,182.16
OUT_18950,637.48
OUT_18951,379.99
OUT_18952,388.87
OUT_18953,164.1
OUT_18954,141.91
OUT_18955,196.57
OUT_18956,720.64
OUT_18957,151.75
OUT_18958,674.3
OUT_18959,162.01
OUT_18960,207.52
OUT_18961,142.1
OUT_18962,434.54
OUT_18963,154.51
OUT_18964,186.11
OUT_18965,333.02
OUT_18966,359.29
OUT_18967,152.14
OUT_18968,349.13
OUT_18969,144.28
OUT_18970,441.51
OUT_18971,140.22
OUT_18972,335.62
OUT_18973,411.8
OUT_18974,211.67
OUT_18976,160.03
OUT_18977,176.59
OUT_18978,163.97
OUT_18979,401.07
OUT_18980,141.98
OUT_18981,143.28
OUT_18982,681.05
OUT_18983,632.55
OUT_18984,158.3
OUT_18985,957.34
OUT_18986,646.77
OUT_18987,156.6
OUT_18988,342.85
OUT_18989,138.05
OUT_18990,142.29
OUT_18991,139.65
OUT_18992,649.32
OUT_18993,170.06
OUT_18994,395.91
OUT_18995,983.84
OUT_18996,349.81
OUT_18997,168.64
OUT_18998,611.85
OUT_18999,138.62
OUT_19000,138.28
OUT_19001,140.65
OUT_19002,347.12
OUT_19003,151.61
OUT_19004,722.55
OUT_19005,135.79
OUT_19006,376.08
OUT_19007,179.44
OUT_19008,142.1
OUT_19009,140.2
OUT_19010,144.99
OUT_19011,140.39
OUT_19012,987.06
OUT_19013,428.79
OUT_19014,137.11
OUT_19015,180.88
OUT_19016,132.71
OUT_19017,141.99
OUT_19018,752.1
OUT_19019,143.43
OUT_19020,137.41
OUT_19021,141.97
OUT_19022,218.54
OUT_19023,405.2
OUT_19024,984.7
OUT_19025,692.42
OUT_19026,358.81
OUT_19027,335.7
OUT_19028,628.43
OUT_19029,341.41
OUT_19030,956.07
OUT_19031,140.12
OUT_19032,137.54
OUT_19033,458.79
OUT_19034,357.86
OUT_19035,150.7
OUT_19036,142.22
OUT_19037,180.18
OUT_19038,751.68
OUT_19039,1027.2
OUT_19040,1036.64
OUT_19041,355.41
OUT_19042,413.33
OUT_19043,624.88
OUT_19044,390.46
OUT_19045,637.33
OUT_19046,328.56
OUT_19047,160.12
OUT_19048,145.0
OUT_19049,653.9
OUT_19050,325.31
OUT_19051,615.25
OUT_19052,361.01
OUT_19053,146.17
OUT_19054,339.69
OUT_19055,136.06
OUT_19056,163.91
OUT_19057,144.69
OUT_19058,422.08
OUT_19059,140.34
OUT_19060,350.63
OUT_19061,333.65
OUT_19062,387.97
OUT_19063,376.73
OUT_19064,403.97
OUT_19065,140.94
OUT_19066,141.63
OUT_19067,170.42
OUT_19068,950.21
OUT_19069,334.25
OUT_19070,156.31
OUT_19071,150.1
OUT_19072,429.39
OUT_19073,354.7
OUT_19074,157.34
OUT_19075,699.03
OUT_19076,346.89
OUT_19077,166.73
OUT_19079,154.84
OUT_19080,164.0
OUT_19081,136.37
OUT_19082,137.75
OUT_19083,139.97
OUT_19084,141.12
OUT_19085,420.61
OUT_19086,136.04
OUT_19088,155.24
OUT_19089,335.44
OUT_19090,448.49
OUT_19091,1009.88
OUT_19092,672.19
OUT_19093,180.69
OUT_19094,651.63
OUT_19095,167.42
OUT_19096,144.64
OUT_19097,145.32
OUT_19098,144.43
OUT_19099,145.79
OUT_19100,377.21
OUT_19101,171.85
OUT_19102,135.7
OUT_19103,351.56
OUT_19104,327.48
OUT_19105,341.43
OUT_19106,146.16
OUT_19107,141.28
OUT_19108,138.38
OUT_19109,138.79
OUT_19110,408.08
OUT_19112,148.26
OUT_19113,194.17
OUT_19114,364.06
OUT_19115,641.14
OUT_19116,396.55
OUT_19117,189.05
OUT_19118,136.4
OUT_19119,378.23
OUT_19120,462.96
OUT_19121,1058.02
OUT_19122,351.77
OUT_19123,158.78
OUT_19124,147.94
OUT_19125,687.08
OUT_19126,945.37
OUT_19127,148.09
OUT_19129,373.68
OUT_19130,333.28
OUT_19131,395.47
OUT_19132,428.66
OUT_19133,664.85
OUT_19135,424.86
OUT_19136,137.59
OUT_19137,375.59
OUT_19138,139.66
OUT_19139,400.94
OUT_19140,164.95
OUT_19141,160.09
OUT_19142,700.31
OUT_19143,170.94
OUT_19144,178.23
OUT_19146,380.57
OUT_19147,139.89
OUT_19148,144.24
OUT_19149,140.75
OUT_19150,144.64
OUT_19151,1010.36
OUT_19152,383.19
OUT_19153,337.72
OUT_19154,615.17
OUT_19155,139.98
OUT_19156,139.95
OUT_19157,139.73
OUT_19158,165.11
OUT_19159,634.68
OUT_19160,350.2
OUT_19161,370.87
OUT_19162,138.41
OUT_19163,352.45
OUT_19164,340.47
OUT_19165,159.89
OUT_19166,179.75
OUT_19167,347.94
OUT_19168,145.63
OUT_19169,405.19
OUT_19171,143.27
OUT_19172,140.5
OUT_19173,184.43
OUT_19174,162.08
OUT_19175,170.23
OUT_19176,376.84
OUT_19177,649.46
OUT_19178,156.99
OUT_19179,138.75
OUT_19180,142.46
OUT_19181,144.75
OUT_19182,343.76
OUT_19183,140.16
OUT_19184,140.7
OUT_19185,358.87
OUT_19186,631.84
OUT_19187,1021.56
OUT_19188,141.66
OUT_19189,137.24
OUT_19190,367.92
OUT_19191,138.43
OUT_19192,166.08
OUT_19193,178.29
OUT_19194,440.41
OUT_19195,421.08
OUT_19196,370.28
OUT_19197,167.17
OUT_19198,165.77
OUT_19199,146.84
OUT_19200,151.65
OUT_19201,976.98
OUT_19202,147.69
OUT_19203,144.87
OUT_19204,718.87
OUT_19205,187.75
OUT_19206,412.05
OUT_19207,349.46
OUT_19208,349.3
OUT_19209,337.2
OUT_19210,353.98
OUT_19211,660.87
OUT_19212,141.16
OUT_19213,142.97
OUT_19214,606.71
OUT_19215,137.35
OUT_19216,356.28
OUT_19217,386.17
OUT_19218,146.93
OUT_19219,167.05
OUT_19220,155.89
OUT_19221,140.11
OUT_19222,154.69
OUT_19223,135.18
OUT_19224,137.95
OUT_19225,385.97
OUT_19226,184.09
OUT_19227,423.97
OUT_19228,154.74
OUT_19229,375.52
OUT_19230,614.78
OUT_19231,144.55
OUT_19232,348.44
OUT_19233,374.72
OUT_19234,172.45
OUT_19235,715.33
OUT_19236,442.35
OUT_19237,143.9
OUT_19238,145.96
OUT_19239,145.45
OUT_19240,399.45
OUT_19241,154.72
OUT_19242,156.26
OUT_19243,349.72
OUT_19244,449.73
OUT_19245,169.71
OUT_19246,337.83
OUT_19247,179.74
OUT_19248,406.51
OUT_19249,457.26
OUT_19251,152.75
OUT_19252,713.5
OUT_19253,372.56
OUT_19254,145.78
OUT_19255,347.77
OUT_19256,143.03
OUT_19257,357.32
OUT_19258,995.36
OUT_19259,147.79
OUT_19260,138.03
OUT_19261,349.15
OUT_19262,159.16
OUT_19263,367.09
OUT_19264,145.25
OUT_19265,351.63
OUT_19266,390.79
OUT_19267,137.92
OUT_19268,347.02
OUT_19269,139.13
OUT_19270,151.39
OUT_19271,384.02
OUT_19272,137.21
OUT_19273,642.56
OUT_19274,139.74
OUT_19275,1007.67
OUT_19276,184.25
OUT_19277,149.66
OUT_19278,654.15
OUT_19279,149.41
OUT_19280,143.43
OUT_19281,140.99
OUT_19282,708.89
OUT_19283,346.94
OUT_19284,648.52
OUT_19285,412.45
OUT_19286,147.58
OUT_19287,188.98
OUT_19288,140.82
OUT_19289,379.59
OUT_19290,179.48
OUT_19291,654.13
OUT_19292,165.54
OUT_19293,170.11
OUT_19294,369.67
OUT_19295,396.42
OUT_19296,414.04
OUT_19297,140.11
OUT_19298,670.04
OUT_19299,145.51
OUT_19300,691.23
OUT_19301,138.92
OUT_19302,142.83
OUT_19303,968.91
OUT_19304,141.41
OUT_19305,136.71
OUT_19306,142.09
OUT_19307,998.93
OUT_19308,630.92
OUT_19309,138.89
OUT_19310,1037.74
OUT_19311,972.45
OUT_19312,956.74
OUT_19313,167.42
OUT_19314,140.19
OUT_19315,144.41
OUT_19316,384.41
OUT_19317,144.1
OUT_19318,688.49
OUT_19320,629.5
OUT_19321,164.83
OUT_19322,141.59
OUT_19323,641.41
OUT_19324,419.46
OUT_19325,665.25
OUT_19326,151.43
OUT_19327,142.1
OUT_19328,138.06
OUT_19329,169.82
OUT_19331,345.75
OUT_19332,679.74
OUT_19333,724.06
OUT_19334,139.87
OUT_19335,157.83
OUT_19336,139.88
OUT_19337,138.24
OUT_19338,136.76
OUT_19339,560.33
OUT_19340,141.06
OUT_19341,653.82
OUT_19342,704.79
OUT_19343,142.95
OUT_19344,683.55
OUT_19345,430.04
OUT_19346,149.17
OUT_19347,182.56
OUT_19348,1051.64
OUT_19349,378.41
OUT_19350,625.4
OUT_19351,141.76
OUT_19352,143.72
OUT_19353,356.93
OUT_19354,140.14
OUT_19355,635.02
OUT_19356,658.75
OUT_19357,718.0
OUT_19358,359.64
OUT_19359,142.39
OUT_19360,698.25
OUT_19361,146.25
OUT_19362,382.65
OUT_19363,342.7
OUT_19364,151.33
OUT_19365,1032.98
OUT_19366,1069.73
OUT_19367,412.01
OUT_19368,674.92
OUT_19369,141.68
OUT_19370,138.12
OUT_19371,142.39
OUT_19372,355.83
OUT_19373,136.13
OUT_19374,146.75
OUT_19375,139.04
OUT_19376,149.36
OUT_19377,145.31
OUT_19378,143.61
OUT_19379,153.26
OUT_19380,149.18
OUT_19381,348.16
OUT_19382,663.93
OUT_19383,343.23
OUT_19384,193.75
OUT_19385,161.8
OUT_19386,148.76
OUT_19387,155.93
OUT_19388,346.38
OUT_19389,155.62
OUT_19390,166.52
OUT_19391,143.32
OUT_19392,141.72
OUT_19393,438.58
OUT_19394,363.17
OUT_19395,188.08
OUT_19396,159.33
OUT_19397,665.97
OUT_19398,151.49
OUT_19399,163.26
OUT_19400,142.73
OUT_19401,636.4
OUT_19402,190.37
OUT_19403,368.86
OUT_19404,145.06
OUT_19405,684.54
OUT_19406,156.91
OUT_19407,618.99
OUT_19408,161.17
OUT_19409,441.73
OUT_19410,183.67
OUT_19411,139.27
OUT_19412,140.08
OUT_19413,163.92
OUT_19414,147.18
OUT_19415,339.28
OUT_19416,649.73
OUT_19417,723.67
OUT_19418,413.99
OUT_19419,197.24
OUT_19420,392.94
OUT_19422,136.55
OUT_19423,397.9
OUT_19424,164.25
OUT_19425,354.52
OUT_19426,138.51
OUT_19427,148.07
OUT_19428,140.01
OUT_19429,138.32
OUT_19430,197.85
OUT_19431,376.88
OUT_19432,146.81
OUT_19433,153.3
OUT_19434,972.95
OUT_19435,153.5
OUT_19436,341.62
OUT_19437,366.6
OUT_19438,141.57
OUT_19439,135.67
OUT_19440,353.17
OUT_19441,172.53
OUT_19442,137.43
OUT_19443,346.55
OUT_19444,156.37
OUT_19445,416.19
OUT_19446,146.13
OUT_19447,168.08
OUT_19448,189.36
OUT_19449,620.45
OUT_19450,146.5
OUT_19451,398.02
OUT_19452,362.71
OUT_19453,146.99
OUT_19454,143.22
OUT_19455,157.86
OUT_19456,137.49
OUT_19457,137.81
OUT_19458,340.35
OUT_19459,366.16
OUT_19460,342.08
OUT_19461,136.98
OUT_19462,688.34
OUT_19463,716.8
OUT_19464,228.2
OUT_19465,141.71
OUT_19466,135.92
OUT_19467,384.94
OUT_19468,174.05
OUT_19469,147.55
OUT_19470,153.13
OUT_19471,365.22
OUT_19472,391.1
OUT_19473,661.05
OUT_19474,140.07
OUT_19476,365.59
OUT_19477,140.25
OUT_19478,448.94
OUT_19479,144.35
OUT_19480,149.34
OUT_19481,398.86
OUT_19482,382.27
OUT_19483,143.3
OUT_19484,145.87
OUT_19485,180.59
OUT_19486,146.97
OUT_19487,384.5
OUT_19488,139.66
OUT_19489,137.67
OUT_19490,151.61
OUT_19491,185.11
OUT_19492,336.84
OUT_19493,696.01
OUT_19494,148.49
OUT_19495,630.2
OUT_19496,147.01
OUT_19497,143.38
OUT_19498,161.1
OUT_19499,189.3
OUT_19500,184.21
OUT_19501,148.67
OUT_19502,665.42
OUT_19503,191.15
OUT_19505,135.94
OUT_19506,348.05
OUT_19507,147.37
OUT_19508,169.41
OUT_19509,386.69
OUT_19510,149.96
OUT_19512,419.28
OUT_19513,410.32
OUT_19514,607.68
OUT_19515,144.63
OUT_19516,163.32
OUT_19517,141.57
OUT_19518,168.75
OUT_19519,686.19
OUT_19520,148.79
OUT_19521,671.31
OUT_19522,142.63
OUT_19524,159.48
OUT_19525,166.47
OUT_19526,163.62
OUT_19527,195.09
OUT_19528,142.3
OUT_19529,146.06
OUT_19530,143.73
OUT_19531,374.45
OUT_19532,146.73
OUT_19533,137.96
OUT_19534,143.3
OUT_19535,688.01
OUT_19536,169.95
OUT_19537,710.42
OUT_19538,393.48
OUT_19540,404.1
OUT_19541,468.93
OUT_19542,138.66
OUT_19543,145.58
OUT_19544,660.78
OUT_19545,155.8
OUT_19546,418.05
OUT_19547,356.99
OUT_19548,1100.7
OUT_19549,411.37
OUT_19550,423.21
OUT_19551,335.26
OUT_19552,676.03
OUT_19553,160.7
OUT_19554,643.42
OUT_19555,140.68
OUT_19556,645.9
OUT_19557,125.84
OUT_19558,168.14
OUT_19559,143.97
OUT_19560,675.62
OUT_19561,347.76
OUT_19562,385.31
OUT_19563,141.78
OUT_19564,189.5
OUT_19565,377.59
OUT_19567,169.86
OUT_19568,391.0
OUT_19569,140.11
OUT_19570,648.26
OUT_19571,380.07
OUT_19572,333.14
OUT_19573,139.76
OUT_19574,1025.73
OUT_19575,137.16
OUT_19576,336.33
OUT_19577,343.55
OUT_19578,145.98
OUT_19579,135.65
OUT_19580,142.49
OUT_19581,138.9
OUT_19582,147.51
OUT_19583,333.03
OUT_19584,374.81
OUT_19585,367.27
OUT_19586,142.37
OUT_19587,654.71
OUT_19588,1011.35
OUT_19589,374.22
OUT_19590,355.52
OUT_19591,148.21
OUT_19592,337.07
OUT_19593,332.27
OUT_19594,348.34
OUT_19595,1046.17
OUT_19596,141.46
OUT_19597,387.83
OUT_19598,138.25
OUT_19599,704.09
OUT_19600,447.65
OUT_19601,137.43
OUT_19602,634.86
OUT_19603,182.8
OUT_19604,147.53
OUT_19605,692.7
OUT_19606,153.56
OUT_19607,139.49
OUT_19608,178.67
OUT_19609,158.04
OUT_19610,168.34
OUT_19611,371.4
OUT_19612,144.98
OUT_19613,679.97
OUT_19614,639.14
OUT_19615,681.89
OUT_19616,165.42
OUT_19617,360.25
OUT_19618,136.35
OUT_19619,156.5
OUT_19620,135.33
OUT_19621,149.01
OUT_19622,139.49
OUT_19623,349.28
OUT_19624,150.34
OUT_19625,704.63
OUT_19626,159.33
OUT_19627,368.4
OUT_19628,719.79
OUT_19629,407.26
OUT_19630,136.03
OUT_19631,140.61
OUT_19632,399.62
OUT_19633,356.99
OUT_19634,1078.94
OUT_19635,159.15
OUT_19636,644.97
OUT_19637,1057.15
OUT_19638,145.0
OUT_19639,181.61
OUT_19640,141.56
OUT_19641,678.91
OUT_19642,371.65
OUT_19643,368.45
OUT_19645,141.65
OUT_19646,991.92
OUT_19647,145.71
OUT_19648,1039.28
OUT_19649,156.72
OUT_19650,168.9
OUT_19651,147.59
OUT_19652,627.25
OUT_19653,395.33
OUT_19654,408.14
OUT_19655,137.09
OUT_19656,345.16
OUT_19657,342.62
OUT_19658,210.3
OUT_19659,152.34
OUT_19660,720.31
OUT_19661,681.1
OUT_19662,141.72
OUT_19663,160.76
OUT_19664,142.58
OUT_19665,361.6
OUT_19666,629.87
OUT_19667,140.15
OUT_19668,378.43
OUT_19669,344.66
OUT_19670,414.49
OUT_19671,389.18
OUT_19672,721.27
OUT_19673,193.47
OUT_19674,446.66
OUT_19675,379.37
OUT_19676,407.5
OUT_19677,377.2
OUT_19678,347.56
OUT_19679,142.37
OUT_19680,333.89
OUT_19681,395.97
OUT_19682,143.88
OUT_19683,143.46
OUT_19684,343.33
OUT_19685,140.68
OUT_19686,141.62
OUT_19687,327.5
OUT_19688,146.17
OUT_19689,168.59
OUT_19690,175.02
OUT_19691,693.71
OUT_19692,144.76
OUT_19693,164.23
OUT_19694,142.28
OUT_19695,394.69
OUT_19696,631.09
OUT_19697,385.52
OUT_19698,151.85
OUT_19699,139.08
OUT_19701,151.52
OUT_19702,143.44
OUT_19703,652.94
OUT_19704,368.01
OUT_19705,200.36
OUT_19706,142.19
OUT_19707,173.63
OUT_19708,337.77
OUT_19709,646.26
OUT_19710,141.59
OUT_19712,139.36
OUT_19713,173.57
OUT_19714,143.46
OUT_19715,482.78
OUT_19716,428.35
OUT_19717,180.67
OUT_19718,141.17
OUT_19719,163.29
OUT_19720,152.54
OUT_19721,137.04
OUT_19722,147.02
OUT_19723,142.15
OUT_19724,145.24
OUT_19725,352.42
OUT_19726,171.49
OUT_19727,159.56
OUT_19728,664.29
OUT_19729,642.24
OUT_19730,682.85
OUT_19731,157.23
OUT_19732,140.74
OUT_19733,136.3
OUT_19735,135.79
OUT_19736,152.46
OUT_19737,151.46
OUT_19738,332.78
OUT_19739,138.46
OUT_19740,158.87
OUT_19741,157.42
OUT_19742,360.5
OUT_19743,709.15
OUT_19744,631.89
OUT_19745,392.19
OUT_19746,138.2
OUT_19747,142.48
OUT_19748,154.52
OUT_19749,140.94
OUT_19750,408.74
OUT_19751,167.63
OUT_19752,147.82
OUT_19753,374.2
OUT_19754,146.18
OUT_19755,735.73
OUT_19756,422.65
OUT_19757,657.7
OUT_19758,428.28
OUT_19759,165.83
OUT_19760,141.02
OUT_19761,376.57
OUT_19762,137.81
OUT_19763,137.3
OUT_19764,145.12
OUT_19765,145.4
OUT_19766,139.71
OUT_19767,147.63
OUT_19768,159.4
OUT_19769,967.85
OUT_19770,136.37
OUT_19771,165.83
OUT_19772,680.82
OUT_19773,156.75
OUT_19774,676.78
OUT_19775,166.03
OUT_19776,370.73
OUT_19777,375.91
OUT_19778,139.03
OUT_19779,143.48
OUT_19780,440.23
OUT_19781,150.61
OUT_19782,149.76
OUT_19783,135.95
OUT_19784,144.05
OUT_19785,397.08
OUT_19786,335.15
OUT_19787,362.41
OUT_19788,662.94
OUT_19789,205.02
OUT_19790,160.17
OUT_19791,161.74
OUT_19792,140.94
OUT_19793,150.18
OUT_19794,342.03
OUT_19795,163.77
OUT_19796,144.0
OUT_19797,171.05
OUT_19798,164.24
OUT_19799,142.29
OUT_19800,390.63
OUT_19801,385.85
OUT_19802,1012.22
OUT_19803,667.22
OUT_19804,350.99
OUT_19805,643.03
OUT_19806,627.39
OUT_19807,139.71
OUT_19808,617.36
OUT_19809,440.32
OUT_19810,332.62
OUT_19811,146.79
OUT_19812,169.95
OUT_19813,138.17
OUT_19814,142.71
OUT_19815,146.55
OUT_19816,145.18
OUT_19817,700.46
OUT_19818,144.5
OUT_19819,144.05
OUT_19820,137.27
OUT_19821,393.07
OUT_19822,143.6
OUT_19823,335.21
OUT_19824,139.57
OUT_19825,186.52
OUT_19826,390.85
OUT_19827,989.32
OUT_19828,645.77
OUT_19829,141.45
OUT_19830,376.17
OUT_19831,338.24
OUT_19832,155.31
OUT_19833,351.27
OUT_19834,332.27
OUT_19835,159.53
OUT_19836,140.61
OUT_19837,703.29
OUT_19838,139.8
OUT_19839,142.58
OUT_19840,170.7
OUT_19841,164.26
OUT_19842,344.53
OUT_19843,372.48
OUT_19844,188.11
OUT_19845,138.08
OUT_19846,169.47
OUT_19847,190.66
OUT_19848,192.08
OUT_19849,139.29
OUT_19850,1038.72
OUT_19851,136.67
OUT_19852,1003.78
OUT_19853,379.64
OUT_19854,142.77
OUT_19855,157.98
OUT_19856,613.14
OUT_19857,135.04
OUT_19858,142.45
OUT_19859,589.45
OUT_19860,143.64
OUT_19861,139.56
OUT_19862,143.53
OUT_19863,349.5
OUT_19864,152.19
OUT_19865,1095.43
OUT_19866,145.58
OUT_19867,403.07
OUT_19868,145.59
OUT_19869,187.16
OUT_19871,372.76
OUT_19872,142.29
OUT_19873,170.52
OUT_19874,366.5
OUT_19875,375.99
OUT_19876,434.47
OUT_19877,352.91
OUT_19878,374.22
OUT_19879,140.2
OUT_19880,141.12
OUT_19881,135.64
OUT_19882,136.07
OUT_19883,148.83
OUT_19884,155.09
OUT_19885,328.37
OUT_19886,141.07
OUT_19887,423.0
OUT_19888,142.67
OUT_19889,154.88
OUT_19890,137.92
OUT_19891,172.27
OUT_19892,386.29
OUT_19893,389.71
OUT_19894,649.77
OUT_19895,146.15
OUT_19896,662.51
OUT_19897,150.7
OUT_19898,633.58
OUT_19899,391.67
OUT_19900,152.87
OUT_19901,144.86
OUT_19902,168.45
OUT_19903,182.12
OUT_19904,177.56
OUT_19905,152.64
OUT_19906,187.35
OUT_19907,352.13
OUT_19908,140.89
OUT_19909,142.5
OUT_19910,139.3
OUT_19911,147.3
OUT_19912,699.95
OUT_19913,145.38
OUT_19914,146.37
OUT_19915,153.11
OUT_19916,143.57
OUT_19917,148.93
OUT_19918,136.26
OUT_19919,172.1
OUT_19920,172.47
OUT_19921,446.45
OUT_19922,156.24
OUT_19923,382.51
OUT_19924,154.35
OUT_19925,375.21
OUT_19926,138.26
OUT_19927,148.56
OUT_19928,449.58
OUT_19929,370.83
OUT_19931,434.62
OUT_19932,138.97
OUT_19933,157.5
OUT_19934,660.4
OUT_19935,645.97
OUT_19936,145.49
OUT_19937,340.54
OUT_19938,142.22
OUT_19939,142.7
OUT_19940,682.9
OUT_19941,662.33
OUT_19942,139.42
OUT_19943,627.14
OUT_19944,145.04
OUT_19945,154.15
OUT_19946,160.64
OUT_19947,688.33
OUT_19948,199.64
OUT_19949,142.17
OUT_19950,146.24
OUT_19951,628.88
OUT_19952,140.86
OUT_19953,384.16
OUT_19954,616.61
OUT_19955,141.61
OUT_19956,140.99
OUT_19957,650.87
OUT_19958,128.66
OUT_19959,684.47
OUT_19960,673.51
OUT_19961,192.32
OUT_19962,369.86
OUT_19963,136.85
OUT_19964,379.88
OUT_19965,406.84
OUT_19966,146.64
OUT_19967,142.64
OUT_19968,139.05
OUT_19969,140.29
OUT_19970,443.52
OUT_19971,363.81
OUT_19972,159.66
OUT_19974,163.64
OUT_19975,383.33
OUT_19976,185.96
OUT_19977,1086.04
OUT_19978,690.59
OUT_19979,455.64
OUT_19981,159.6
OUT_19982,169.01
OUT_19983,143.31
OUT_19984,386.08
OUT_19985,692.16
OUT_19986,414.87
OUT_19987,163.45
OUT_19988,144.1
OUT_19989,141.49
OUT_19990,161.37
OUT_19991,714.98
OUT_19992,390.48
OUT_19993,360.9
OUT_19994,370.83
OUT_19995,338.75
OUT_19996,392.03
OUT_19997,159.54
OUT_19998,380.61
OUT_19999,135.76
OUT_20000,143.58
