Outlet_ID,Maximum_Monthly_Liters
OUT_00001,1728.16
OUT_00002,1500.48
OUT_00003,1455.61
OUT_00004,1697.47
OUT_00005,1555.87
OUT_00006,1191.68
OUT_00007,1735.76
OUT_00008,1662.2
OUT_00009,1344.6
OUT_00010,1540.99
OUT_00011,1645.39
OUT_00012,1225.45
OUT_00013,907.78
OUT_00014,860.11
OUT_00015,1079.54
OUT_00016,1219.67
OUT_00017,1574.5
OUT_00018,917.01
OUT_00019,1961.84
OUT_00020,1745.28
OUT_00021,1294.49
OUT_00022,1261.98
OUT_00023,1529.94
OUT_00024,1973.48
OUT_00025,1454.59
OUT_00026,1492.24
OUT_00027,1331.29
OUT_00028,1667.86
OUT_00029,972.19
OUT_00030,1750.33
OUT_00031,1215.48
OUT_00032,1600.3
OUT_00033,1284.6
OUT_00034,1536.25
OUT_00035,1627.72
OUT_00036,1414.5
OUT_00037,1583.39
OUT_00038,1658.06
OUT_00039,1722.9
OUT_00040,2010.11
OUT_00041,1520.41
OUT_00042,1539.56
OUT_00043,877.95
OUT_00044,1450.37
OUT_00045,1579.36
OUT_00046,970.34
OUT_00047,1619.0
OUT_00048,864.45
OUT_00049,1710.9
OUT_00050,1007.94
OUT_00051,1310.73
OUT_00052,1294.83
OUT_00053,1700.9
OUT_00054,1768.28
OUT_00055,1374.48
OUT_00056,1271.84
OUT_00057,1037.21
OUT_00058,1851.02
OUT_00059,912.1
OUT_00060,1130.55
OUT_00061,963.94
OUT_00062,1050.19
OUT_00063,963.71
OUT_00064,968.86
OUT_00065,843.52
OUT_00066,946.7
OUT_00067,829.36
OUT_00068,920.2
OUT_00069,986.37
OUT_00070,914.46
OUT_00071,961.56
OUT_00072,953.62
OUT_00073,985.77
OUT_00074,1131.29
OUT_00075,880.43
OUT_00076,963.64
OUT_00077,948.07
OUT_00078,1140.2
OUT_00079,1378.04
OUT_00080,893.99
OUT_00081,906.34
OUT_00082,932.09
OUT_00083,858.99
OUT_00084,796.46
OUT_00085,947.98
OUT_00086,941.35
OUT_00087,1075.22
OUT_00088,961.11
OUT_00089,845.65
OUT_00090,908.43
OUT_00091,818.15
OUT_00092,1063.3
OUT_00093,931.96
OUT_00094,970.1
OUT_00095,952.46
OUT_00096,1067.73
OUT_00097,896.25
OUT_00098,906.76
OUT_00099,891.17
OUT_00100,933.7
OUT_00101,943.24
OUT_00102,939.88
OUT_00103,921.04
OUT_00104,1014.64
OUT_00105,954.0
OUT_00106,890.28
OUT_00107,887.83
OUT_00108,995.75
OUT_00109,940.74
OUT_00110,910.92
OUT_00111,908.6
OUT_00112,1052.5
OUT_00113,1030.54
OUT_00114,911.23
OUT_00115,823.7
OUT_00116,937.99
OUT_00117,1035.93
OUT_00118,1012.64
OUT_00119,878.75
OUT_00120,1043.75
OUT_00121,927.69
OUT_00122,888.3
OUT_00123,883.94
OUT_00124,956.17
OUT_00125,935.83
OUT_00126,755.25
OUT_00127,959.47
OUT_00128,880.72
OUT_00129,948.12
OUT_00130,876.68
OUT_00131,997.11
OUT_00132,877.64
OUT_00133,737.75
OUT_00134,1011.18
OUT_00135,876.67
OUT_00136,952.98
OUT_00137,1296.05
OUT_00138,849.52
OUT_00139,874.73
OUT_00140,849.23
OUT_00141,1000.58
OUT_00142,960.73
OUT_00143,964.92
OUT_00144,912.84
OUT_00145,927.12
OUT_00146,988.15
OUT_00147,1157.84
OUT_00148,921.34
OUT_00149,873.97
OUT_00150,893.67
OUT_00151,861.54
OUT_00152,917.47
OUT_00153,1009.07
OUT_00154,837.57
OUT_00155,956.21
OUT_00156,951.31
OUT_00157,969.71
OUT_00158,924.85
OUT_00159,905.09
OUT_00160,987.47
OUT_00161,949.91
OUT_00162,818.28
OUT_00163,859.27
OUT_00164,948.64
OUT_00165,916.51
OUT_00166,935.24
OUT_00167,1176.47
OUT_00168,952.98
OUT_00169,866.48
OUT_00170,905.76
OUT_00171,940.07
OUT_00172,923.05
OUT_00173,931.9
OUT_00174,869.01
OUT_00175,993.39
OUT_00176,959.93
OUT_00177,846.58
OUT_00178,1143.65
OUT_00179,916.88
OUT_00180,932.95
OUT_00181,916.24
OUT_00182,1200.77
OUT_00183,941.25
OUT_00184,900.25
OUT_00185,916.8
OUT_00186,970.88
OUT_00187,912.78
OUT_00188,971.94
OUT_00189,967.13
OUT_00190,941.09
OUT_00191,1074.93
OUT_00192,925.48
OUT_00193,866.05
OUT_00194,945.27
OUT_00195,948.55
OUT_00196,952.83
OUT_00197,774.06
OUT_00198,928.74
OUT_00199,939.94
OUT_00200,874.87
OUT_00201,804.7
OUT_00202,877.85
OUT_00203,941.74
OUT_00204,874.85
OUT_00205,972.81
OUT_00206,1018.36
OUT_00207,997.06
OUT_00208,871.26
OUT_00209,884.62
OUT_00210,851.28
OUT_00211,913.89
OUT_00212,954.54
OUT_00213,1235.49
OUT_00214,985.18
OUT_00215,992.19
OUT_00216,896.83
OUT_00217,980.98
OUT_00218,890.31
OUT_00219,1044.87
OUT_00220,937.55
OUT_00221,936.31
OUT_00222,1018.97
OUT_00223,863.38
OUT_00224,966.06
OUT_00225,976.63
OUT_00226,935.88
OUT_00227,1016.76
OUT_00228,851.78
OUT_00229,802.74
OUT_00230,822.8
OUT_00231,1004.45
OUT_00232,959.7
OUT_00233,990.01
OUT_00234,901.07
OUT_00235,814.18
OUT_00236,848.91
OUT_00237,1194.62
OUT_00238,907.46
OUT_00239,925.89
OUT_00240,747.35
OUT_00241,1023.05
OUT_00242,950.6
OUT_00243,914.14
OUT_00244,789.99
OUT_00245,884.99
OUT_00246,1009.78
OUT_00247,1417.07
OUT_00248,765.34
OUT_00249,975.08
OUT_00250,1003.94
OUT_00251,943.18
OUT_00252,994.14
OUT_00253,919.91
OUT_00254,817.96
OUT_00255,1004.97
OUT_00256,732.72
OUT_00257,1009.39
OUT_00258,1110.55
OUT_00259,1025.52
OUT_00260,852.28
OUT_00261,1173.16
OUT_00262,949.82
OUT_00263,884.32
OUT_00264,975.85
OUT_00265,907.96
OUT_00266,1050.2
OUT_00267,1097.56
OUT_00268,863.39
OUT_00269,863.49
OUT_00270,915.15
OUT_00271,841.43
OUT_00272,876.26
OUT_00273,947.35
OUT_00274,858.76
OUT_00275,1043.6
OUT_00276,861.21
OUT_00277,1017.04
OUT_00278,1029.78
OUT_00279,1031.81
OUT_00280,827.28
OUT_00281,780.41
OUT_00282,827.15
OUT_00283,815.81
OUT_00284,809.61
OUT_00285,784.98
OUT_00286,943.26
OUT_00287,966.43
OUT_00288,902.23
OUT_00289,852.11
OUT_00290,884.25
OUT_00291,1099.85
OUT_00292,889.11
OUT_00293,916.61
OUT_00294,885.69
OUT_00295,934.09
OUT_00296,1016.78
OUT_00297,967.44
OUT_00298,849.3
OUT_00299,908.3
OUT_00300,804.69
OUT_00301,955.27
OUT_00302,897.32
OUT_00303,1033.12
OUT_00304,797.27
OUT_00305,781.9
OUT_00306,914.97
OUT_00307,898.46
OUT_00308,910.95
OUT_00309,927.04
OUT_00310,913.44
OUT_00311,917.08
OUT_00312,881.45
OUT_00313,938.74
OUT_00314,809.82
OUT_00315,1016.9
OUT_00316,859.76
OUT_00317,966.34
OUT_00318,993.16
OUT_00319,921.27
OUT_00320,883.36
OUT_00321,785.52
OUT_00322,950.73
OUT_00323,897.8
OUT_00324,823.41
OUT_00325,800.58
OUT_00326,949.95
OUT_00327,1175.7
OUT_00328,931.26
OUT_00329,926.77
OUT_00330,979.83
OUT_00331,816.67
OUT_00332,801.01
OUT_00333,923.69
OUT_00334,1216.48
OUT_00335,899.01
OUT_00336,957.48
OUT_00337,813.2
OUT_00338,919.97
OUT_00339,1253.2
OUT_00340,1084.87
OUT_00341,878.34
OUT_00342,993.61
OUT_00343,1002.7
OUT_00344,891.03
OUT_00345,962.35
OUT_00346,957.95
OUT_00347,1029.1
OUT_00348,892.14
OUT_00349,880.12
OUT_00350,949.49
OUT_00351,954.56
OUT_00352,828.63
OUT_00353,930.87
OUT_00354,956.09
OUT_00355,920.81
OUT_00356,921.11
OUT_00357,830.79
OUT_00358,887.17
OUT_00359,1007.7
OUT_00360,815.85
OUT_00361,1072.72
OUT_00362,916.12
OUT_00363,974.82
OUT_00364,805.45
OUT_00365,858.04
OUT_00366,848.86
OUT_00367,947.17
OUT_00368,953.89
OUT_00369,955.21
OUT_00370,931.71
OUT_00371,893.87
OUT_00372,888.4
OUT_00373,918.2
OUT_00374,878.85
OUT_00375,802.81
OUT_00376,886.26
OUT_00377,891.52
OUT_00378,1060.12
OUT_00379,884.04
OUT_00380,871.88
OUT_00381,1063.67
OUT_00382,861.92
OUT_00383,892.2
OUT_00384,940.63
OUT_00385,978.81
OUT_00386,1013.23
OUT_00387,1261.06
OUT_00388,793.0
OUT_00389,865.81
OUT_00390,913.35
OUT_00391,895.73
OUT_00392,971.36
OUT_00393,977.77
OUT_00394,975.3
OUT_00395,938.79
OUT_00396,940.94
OUT_00397,966.79
OUT_00398,949.34
OUT_00399,852.1
OUT_00400,961.16
OUT_00401,158.52
OUT_00402,1144.62
OUT_00403,294.07
OUT_00404,150.96
OUT_00405,331.9
OUT_00406,155.88
OUT_00407,172.43
OUT_00408,140.88
OUT_00409,317.51
OUT_00410,290.24
OUT_00411,133.26
OUT_00412,132.75
OUT_00413,968.55
OUT_00414,140.62
OUT_00415,158.66
OUT_00416,304.42
OUT_00417,952.58
OUT_00418,300.19
OUT_00419,134.55
OUT_00420,129.69
OUT_00421,254.36
OUT_00422,325.94
OUT_00423,875.01
OUT_00424,876.82
OUT_00425,165.83
OUT_00426,276.78
OUT_00427,267.82
OUT_00428,2127.5
OUT_00429,247.9
OUT_00430,177.49
OUT_00431,146.98
OUT_00432,2311.27
OUT_00433,304.0
OUT_00434,2312.85
OUT_00435,300.56
OUT_00436,150.32
OUT_00437,145.97
OUT_00438,287.2
OUT_00439,289.13
OUT_00440,176.16
OUT_00441,201.79
OUT_00442,153.57
OUT_00443,318.43
OUT_00444,290.69
OUT_00445,1031.39
OUT_00446,179.81
OUT_00447,135.92
OUT_00448,160.75
OUT_00449,2303.36
OUT_00450,982.39
OUT_00451,151.57
OUT_00452,189.75
OUT_00453,292.87
OUT_00454,259.0
OUT_00455,2229.96
OUT_00456,290.78
OUT_00457,970.42
OUT_00458,140.46
OUT_00459,301.0
OUT_00460,319.17
OUT_00461,156.87
OUT_00462,151.55
OUT_00463,1269.23
OUT_00464,186.52
OUT_00465,316.68
OUT_00466,914.0
OUT_00467,137.04
OUT_00468,950.64
OUT_00469,201.61
OUT_00470,151.87
OUT_00471,264.05
OUT_00472,304.14
OUT_00473,173.09
OUT_00474,116.13
OUT_00475,162.13
OUT_00476,283.28
OUT_00477,168.8
OUT_00478,245.33
OUT_00479,140.1
OUT_00480,179.08
OUT_00481,132.96
OUT_00482,309.94
OUT_00483,144.48
OUT_00484,154.26
OUT_00485,342.89
OUT_00486,305.97
OUT_00487,160.4
OUT_00488,154.66
OUT_00489,356.28
OUT_00490,159.35
OUT_00491,147.91
OUT_00492,1092.28
OUT_00493,343.67
OUT_00494,147.61
OUT_00495,148.26
OUT_00496,175.38
OUT_00497,244.61
OUT_00498,328.96
OUT_00499,303.07
OUT_00500,135.03
OUT_00501,282.32
OUT_00502,234.49
OUT_00503,894.35
OUT_00504,249.81
OUT_00505,160.09
OUT_00506,2184.96
OUT_00507,2330.7
OUT_00508,304.63
OUT_00509,255.57
OUT_00510,292.8
OUT_00511,294.77
OUT_00512,144.98
OUT_00513,148.45
OUT_00514,117.61
OUT_00515,926.4
OUT_00516,158.0
OUT_00517,284.16
OUT_00518,258.36
OUT_00519,158.32
OUT_00520,123.76
OUT_00521,161.41
OUT_00522,157.79
OUT_00523,129.28
OUT_00524,153.64
OUT_00525,929.59
OUT_00526,303.14
OUT_00527,318.84
OUT_00528,314.86
OUT_00529,316.55
OUT_00530,1040.23
OUT_00531,168.27
OUT_00532,152.84
OUT_00533,170.89
OUT_00534,963.94
OUT_00535,124.66
OUT_00536,141.61
OUT_00537,128.2
OUT_00538,174.79
OUT_00539,1052.47
OUT_00540,124.63
OUT_00541,343.71
OUT_00542,140.9
OUT_00543,141.76
OUT_00544,138.28
OUT_00545,328.4
OUT_00546,250.22
OUT_00547,162.64
OUT_00548,130.79
OUT_00549,126.92
OUT_00550,294.85
OUT_00551,1058.95
OUT_00552,146.42
OUT_00553,246.74
OUT_00554,128.59
OUT_00555,167.91
OUT_00556,297.03
OUT_00557,118.88
OUT_00558,143.05
OUT_00559,153.14
OUT_00560,287.97
OUT_00561,176.71
OUT_00562,189.24
OUT_00563,149.49
OUT_00564,151.79
OUT_00565,350.21
OUT_00566,173.91
OUT_00567,986.72
OUT_00568,2353.43
OUT_00569,152.26
OUT_00570,924.62
OUT_00571,171.37
OUT_00572,172.99
OUT_00573,862.02
OUT_00574,284.4
OUT_00575,144.98
OUT_00576,293.8
OUT_00577,1320.95
OUT_00578,160.06
OUT_00579,2200.62
OUT_00580,1180.14
OUT_00581,928.49
OUT_00582,323.4
OUT_00583,156.87
OUT_00584,168.59
OUT_00585,290.43
OUT_00586,244.02
OUT_00587,212.2
OUT_00588,140.83
OUT_00589,1073.08
OUT_00590,273.76
OUT_00591,876.31
OUT_00592,167.42
OUT_00593,151.06
OUT_00594,301.52
OUT_00595,255.27
OUT_00596,159.13
OUT_00597,154.37
OUT_00598,137.13
OUT_00599,132.44
OUT_00600,923.03
OUT_00601,325.15
OUT_00602,154.14
OUT_00603,1277.81
OUT_00604,334.72
OUT_00605,157.1
OUT_00606,1263.71
OUT_00607,996.92
OUT_00608,342.42
OUT_00609,249.42
OUT_00610,960.31
OUT_00611,170.86
OUT_00612,166.97
OUT_00613,176.51
OUT_00614,1073.45
OUT_00615,124.7
OUT_00616,332.69
OUT_00617,256.71
OUT_00618,309.6
OUT_00619,2354.42
OUT_00620,359.9
OUT_00621,390.68
OUT_00622,152.06
OUT_00623,153.46
OUT_00624,304.49
OUT_00625,312.35
OUT_00626,939.68
OUT_00627,212.06
OUT_00628,158.28
OUT_00629,321.55
OUT_00630,161.72
OUT_00631,164.86
OUT_00632,155.2
OUT_00633,1007.64
OUT_00634,325.92
OUT_00635,314.01
OUT_00636,241.46
OUT_00637,252.6
OUT_00638,340.89
OUT_00639,1074.76
OUT_00640,250.86
OUT_00641,142.66
OUT_00642,273.53
OUT_00643,267.12
OUT_00644,285.86
OUT_00645,249.26
OUT_00646,136.02
OUT_00647,173.07
OUT_00648,321.07
OUT_00649,1045.58
OUT_00650,274.59
OUT_00651,145.95
OUT_00652,299.45
OUT_00653,153.29
OUT_00654,160.15
OUT_00655,126.0
OUT_00656,251.24
OUT_00657,139.4
OUT_00658,324.14
OUT_00659,157.62
OUT_00660,991.98
OUT_00661,237.17
OUT_00662,339.52
OUT_00663,321.38
OUT_00664,131.88
OUT_00665,155.08
OUT_00666,1021.17
OUT_00667,283.45
OUT_00668,166.24
OUT_00669,173.56
OUT_00670,261.35
OUT_00671,357.63
OUT_00672,167.6
OUT_00673,286.25
OUT_00674,861.58
OUT_00675,144.72
OUT_00676,180.82
OUT_00677,288.6
OUT_00678,143.78
OUT_00679,171.75
OUT_00680,234.24
OUT_00681,141.17
OUT_00682,141.24
OUT_00683,291.48
OUT_00684,2393.17
OUT_00685,119.56
OUT_00686,1134.12
OUT_00687,1044.22
OUT_00688,173.34
OUT_00689,2318.3
OUT_00690,126.01
OUT_00691,2305.06
OUT_00692,153.14
OUT_00693,293.21
OUT_00694,1047.64
OUT_00695,150.22
OUT_00696,141.7
OUT_00697,308.4
OUT_00698,1063.51
OUT_00699,932.26
OUT_00700,154.83
OUT_00701,160.42
OUT_00702,140.22
OUT_00703,265.94
OUT_00704,303.76
OUT_00705,157.01
OUT_00706,252.62
OUT_00707,144.93
OUT_00708,145.35
OUT_00709,147.65
OUT_00710,246.6
OUT_00711,164.4
OUT_00712,1077.36
OUT_00713,154.2
OUT_00714,141.43
OUT_00715,304.83
OUT_00716,121.93
OUT_00717,1015.76
OUT_00718,159.25
OUT_00719,169.33
OUT_00720,1039.51
OUT_00721,148.88
OUT_00722,269.31
OUT_00723,141.92
OUT_00724,153.2
OUT_00725,120.51
OUT_00726,941.17
OUT_00727,376.69
OUT_00728,975.81
OUT_00729,165.51
OUT_00730,247.71
OUT_00731,920.24
OUT_00732,253.87
OUT_00733,243.61
OUT_00734,869.59
OUT_00735,162.79
OUT_00736,926.02
OUT_00737,1009.06
OUT_00738,138.5
OUT_00739,188.13
OUT_00740,258.96
OUT_00741,191.15
OUT_00742,2435.89
OUT_00743,167.11
OUT_00744,215.93
OUT_00745,256.88
OUT_00746,897.18
OUT_00747,296.01
OUT_00748,178.44
OUT_00749,247.32
OUT_00750,243.72
OUT_00751,186.26
OUT_00752,140.86
OUT_00753,899.26
OUT_00754,167.86
OUT_00755,991.42
OUT_00756,224.94
OUT_00757,230.53
OUT_00758,160.55
OUT_00759,127.31
OUT_00760,135.4
OUT_00761,269.28
OUT_00762,152.36
OUT_00763,129.12
OUT_00764,316.27
OUT_00765,136.38
OUT_00766,148.04
OUT_00767,288.2
OUT_00768,126.22
OUT_00769,269.24
OUT_00770,149.49
OUT_00771,310.98
OUT_00772,285.81
OUT_00773,993.96
OUT_00774,123.33
OUT_00775,322.2
OUT_00776,142.07
OUT_00777,151.46
OUT_00778,2156.88
OUT_00779,235.53
OUT_00780,158.98
OUT_00781,160.34
OUT_00782,133.73
OUT_00783,129.17
OUT_00784,149.77
OUT_00785,290.54
OUT_00786,153.4
OUT_00787,282.81
OUT_00788,274.64
OUT_00789,1017.31
OUT_00790,142.97
OUT_00791,2371.19
OUT_00792,1187.4
OUT_00793,223.55
OUT_00794,133.08
OUT_00795,988.89
OUT_00796,140.1
OUT_00797,249.49
OUT_00798,257.03
OUT_00799,979.69
OUT_00800,895.53
OUT_00801,142.88
OUT_00802,150.02
OUT_00803,296.55
OUT_00804,140.89
OUT_00805,148.61
OUT_00806,131.6
OUT_00807,177.26
OUT_00808,234.77
OUT_00809,256.01
OUT_00810,163.31
OUT_00811,146.85
OUT_00812,142.27
OUT_00813,152.14
OUT_00814,157.97
OUT_00815,2228.83
OUT_00816,154.26
OUT_00817,132.08
OUT_00818,180.23
OUT_00819,128.94
OUT_00820,138.01
OUT_00821,177.2
OUT_00822,231.78
OUT_00823,1011.42
OUT_00824,147.08
OUT_00825,254.46
OUT_00826,292.44
OUT_00827,162.68
OUT_00828,266.22
OUT_00829,163.61
OUT_00830,165.58
OUT_00831,198.15
OUT_00832,145.65
OUT_00833,327.28
OUT_00834,286.76
OUT_00835,301.07
OUT_00836,296.52
OUT_00837,1244.67
OUT_00838,274.2
OUT_00839,177.73
OUT_00840,2230.08
OUT_00841,153.99
OUT_00842,149.29
OUT_00843,326.35
OUT_00844,141.14
OUT_00845,294.14
OUT_00846,134.41
OUT_00847,217.74
OUT_00848,291.3
OUT_00849,274.99
OUT_00850,151.05
OUT_00851,141.34
OUT_00852,351.53
OUT_00853,2402.42
OUT_00854,250.4
OUT_00855,151.47
OUT_00856,2227.32
OUT_00857,968.06
OUT_00858,132.73
OUT_00859,162.11
OUT_00860,139.41
OUT_00861,147.61
OUT_00862,145.66
OUT_00863,154.1
OUT_00864,124.08
OUT_00865,321.17
OUT_00866,269.07
OUT_00867,270.37
OUT_00868,169.4
OUT_00869,158.34
OUT_00870,277.83
OUT_00871,994.93
OUT_00872,181.72
OUT_00873,991.88
OUT_00874,306.2
OUT_00875,175.9
OUT_00876,132.0
OUT_00877,1009.69
OUT_00878,287.88
OUT_00879,257.13
OUT_00880,125.66
OUT_00881,976.43
OUT_00882,183.26
OUT_00883,177.64
OUT_00884,316.57
OUT_00885,332.83
OUT_00886,2131.51
OUT_00887,135.98
OUT_00888,145.87
OUT_00889,318.77
OUT_00890,267.05
OUT_00891,378.15
OUT_00892,131.29
OUT_00893,174.09
OUT_00894,175.6
OUT_00895,227.51
OUT_00896,146.11
OUT_00897,301.75
OUT_00898,161.72
OUT_00899,162.06
OUT_00900,144.45
OUT_00901,164.64
OUT_00902,135.29
OUT_00903,976.28
OUT_00904,140.28
OUT_00905,153.46
OUT_00906,908.46
OUT_00907,134.24
OUT_00908,157.27
OUT_00909,160.47
OUT_00910,199.36
OUT_00911,160.84
OUT_00912,960.91
OUT_00913,251.08
OUT_00914,311.96
OUT_00915,149.51
OUT_00916,280.72
OUT_00917,223.51
OUT_00918,1290.01
OUT_00919,150.73
OUT_00920,279.86
OUT_00921,285.22
OUT_00922,161.74
OUT_00923,1073.59
OUT_00924,245.06
OUT_00925,166.64
OUT_00926,145.15
OUT_00927,141.63
OUT_00928,175.35
OUT_00929,310.56
OUT_00930,316.31
OUT_00931,143.57
OUT_00932,178.94
OUT_00933,1223.76
OUT_00934,976.03
OUT_00935,261.93
OUT_00936,162.58
OUT_00937,916.06
OUT_00938,243.09
OUT_00939,151.32
OUT_00940,164.22
OUT_00941,261.98
OUT_00942,278.33
OUT_00943,921.23
OUT_00944,134.98
OUT_00945,278.03
OUT_00946,153.76
OUT_00947,136.66
OUT_00948,180.24
OUT_00949,130.65
OUT_00950,167.06
OUT_00951,247.15
OUT_00952,954.1
OUT_00953,155.47
OUT_00954,1072.49
OUT_00955,289.99
OUT_00956,277.72
OUT_00957,149.29
OUT_00958,165.29
OUT_00959,163.7
OUT_00960,885.53
OUT_00961,136.7
OUT_00962,300.88
OUT_00963,281.98
OUT_00964,124.88
OUT_00965,2258.13
OUT_00966,140.36
OUT_00967,161.12
OUT_00968,153.6
OUT_00969,269.2
OUT_00970,155.02
OUT_00971,138.37
OUT_00972,291.44
OUT_00973,1195.98
OUT_00974,163.71
OUT_00975,144.96
OUT_00976,263.74
OUT_00977,132.9
OUT_00978,157.61
OUT_00979,156.77
OUT_00980,155.19
OUT_00981,289.34
OUT_00982,165.16
OUT_00983,123.17
OUT_00984,160.0
OUT_00985,374.1
OUT_00986,984.37
OUT_00987,155.26
OUT_00988,252.25
OUT_00989,179.56
OUT_00990,969.69
OUT_00991,173.29
OUT_00992,274.51
OUT_00993,160.62
OUT_00994,969.33
OUT_00995,1305.57
OUT_00996,2210.64
OUT_00997,273.22
OUT_00998,273.39
OUT_00999,293.26
OUT_01000,157.86
OUT_01001,150.24
OUT_01002,145.57
OUT_01003,168.86
OUT_01004,144.5
OUT_01005,234.49
OUT_01006,2379.64
OUT_01007,173.94
OUT_01008,290.25
OUT_01009,173.06
OUT_01010,237.26
OUT_01011,254.14
OUT_01012,316.09
OUT_01013,143.7
OUT_01014,284.76
OUT_01015,298.61
OUT_01016,260.66
OUT_01017,162.21
OUT_01018,1006.81
OUT_01019,156.12
OUT_01020,142.54
OUT_01021,139.94
OUT_01022,186.88
OUT_01023,1138.45
OUT_01024,142.54
OUT_01025,352.95
OUT_01026,230.56
OUT_01027,148.27
OUT_01028,172.07
OUT_01029,147.55
OUT_01030,138.57
OUT_01031,166.24
OUT_01032,2224.39
OUT_01033,159.62
OUT_01034,177.53
OUT_01035,281.3
OUT_01036,972.14
OUT_01037,254.13
OUT_01038,320.27
OUT_01039,274.41
OUT_01040,311.2
OUT_01041,300.7
OUT_01042,161.84
OUT_01043,151.71
OUT_01044,2160.94
OUT_01045,159.7
OUT_01046,148.25
OUT_01047,152.9
OUT_01048,146.36
OUT_01049,324.64
OUT_01050,164.87
OUT_01051,298.19
OUT_01052,127.46
OUT_01053,142.68
OUT_01054,277.64
OUT_01055,140.12
OUT_01056,269.21
OUT_01057,125.68
OUT_01058,240.42
OUT_01059,311.73
OUT_01060,328.91
OUT_01061,2255.18
OUT_01062,143.64
OUT_01063,128.19
OUT_01064,161.33
OUT_01065,162.62
OUT_01066,136.34
OUT_01067,114.24
OUT_01068,166.46
OUT_01069,269.43
OUT_01070,151.01
OUT_01071,170.53
OUT_01072,293.51
OUT_01073,1031.87
OUT_01074,276.27
OUT_01075,291.34
OUT_01076,289.24
OUT_01077,126.98
OUT_01078,151.01
OUT_01079,963.56
OUT_01080,237.34
OUT_01081,169.08
OUT_01082,130.34
OUT_01083,123.07
OUT_01084,125.76
OUT_01085,899.73
OUT_01086,273.72
OUT_01087,168.28
OUT_01088,138.88
OUT_01089,138.42
OUT_01090,1042.1
OUT_01091,149.19
OUT_01092,146.05
OUT_01093,265.15
OUT_01094,140.81
OUT_01095,166.1
OUT_01096,181.78
OUT_01097,325.36
OUT_01098,132.03
OUT_01099,1003.89
OUT_01100,2242.22
OUT_01101,140.65
OUT_01102,267.11
OUT_01103,152.87
OUT_01104,141.86
OUT_01105,985.34
OUT_01106,158.93
OUT_01107,1038.02
OUT_01108,2134.48
OUT_01109,303.15
OUT_01110,333.49
OUT_01111,273.77
OUT_01112,153.11
OUT_01113,158.76
OUT_01114,158.08
OUT_01115,235.71
OUT_01116,359.45
OUT_01117,170.53
OUT_01118,130.07
OUT_01119,162.03
OUT_01120,154.49
OUT_01121,348.74
OUT_01122,164.72
OUT_01123,254.45
OUT_01124,2277.29
OUT_01125,185.08
OUT_01126,172.25
OUT_01127,150.26
OUT_01128,149.66
OUT_01129,174.91
OUT_01130,915.58
OUT_01131,166.7
OUT_01132,158.65
OUT_01133,921.67
OUT_01134,988.44
OUT_01135,920.43
OUT_01136,163.88
OUT_01137,283.19
OUT_01138,292.58
OUT_01139,152.54
OUT_01140,119.65
OUT_01141,137.93
OUT_01142,289.63
OUT_01143,125.62
OUT_01144,156.56
OUT_01145,280.93
OUT_01146,2304.61
OUT_01147,159.91
OUT_01148,256.89
OUT_01149,322.21
OUT_01150,119.24
OUT_01151,150.58
OUT_01152,2205.79
OUT_01153,924.46
OUT_01154,154.67
OUT_01155,170.55
OUT_01156,284.67
OUT_01157,312.1
OUT_01158,121.82
OUT_01159,126.51
OUT_01160,130.55
OUT_01161,150.03
OUT_01162,155.72
OUT_01163,128.62
OUT_01164,1031.48
OUT_01165,143.11
OUT_01166,249.89
OUT_01167,130.05
OUT_01168,166.73
OUT_01169,161.56
OUT_01170,141.03
OUT_01171,152.44
OUT_01172,118.86
OUT_01173,321.52
OUT_01174,140.98
OUT_01175,946.26
OUT_01176,288.81
OUT_01177,139.99
OUT_01178,1059.9
OUT_01179,233.88
OUT_01180,270.19
OUT_01181,156.31
OUT_01182,310.59
OUT_01183,158.18
OUT_01184,153.58
OUT_01185,121.01
OUT_01186,162.25
OUT_01187,165.7
OUT_01188,136.5
OUT_01189,163.33
OUT_01190,141.85
OUT_01191,314.04
OUT_01192,144.12
OUT_01193,118.36
OUT_01194,158.15
OUT_01195,260.91
OUT_01196,103.1
OUT_01197,905.97
OUT_01198,260.27
OUT_01199,160.22
OUT_01200,128.79
OUT_01201,176.99
OUT_01202,135.4
OUT_01203,1035.32
OUT_01204,273.67
OUT_01205,139.46
OUT_01206,140.61
OUT_01207,2425.14
OUT_01208,170.63
OUT_01209,140.34
OUT_01210,329.7
OUT_01211,289.29
OUT_01212,2395.8
OUT_01213,153.81
OUT_01214,1025.84
OUT_01215,1070.44
OUT_01216,146.37
OUT_01217,1300.69
OUT_01218,284.53
OUT_01219,150.96
OUT_01220,301.22
OUT_01221,2155.7
OUT_01222,165.96
OUT_01223,243.49
OUT_01224,276.4
OUT_01225,269.27
OUT_01226,136.59
OUT_01227,143.91
OUT_01228,148.01
OUT_01229,151.45
OUT_01230,286.86
OUT_01231,198.36
OUT_01232,169.67
OUT_01233,310.82
OUT_01234,139.83
OUT_01235,221.74
OUT_01236,944.77
OUT_01237,138.69
OUT_01238,318.75
OUT_01239,1277.79
OUT_01240,159.29
OUT_01241,2227.66
OUT_01242,193.99
OUT_01243,159.73
OUT_01244,153.08
OUT_01245,137.43
OUT_01246,911.25
OUT_01247,136.73
OUT_01248,116.72
OUT_01249,143.48
OUT_01250,250.14
OUT_01251,165.13
OUT_01252,148.99
OUT_01253,1073.6
OUT_01254,141.44
OUT_01255,134.83
OUT_01256,164.31
OUT_01257,146.26
OUT_01258,242.16
OUT_01259,141.62
OUT_01260,144.25
OUT_01261,137.24
OUT_01262,1046.46
OUT_01263,998.51
OUT_01264,153.32
OUT_01265,234.51
OUT_01266,310.01
OUT_01267,961.02
OUT_01268,265.77
OUT_01269,151.05
OUT_01270,1089.4
OUT_01271,133.62
OUT_01272,291.42
OUT_01273,934.89
OUT_01274,170.48
OUT_01275,162.5
OUT_01276,144.51
OUT_01277,151.7
OUT_01278,131.13
OUT_01279,271.17
OUT_01280,161.72
OUT_01281,281.95
OUT_01282,134.4
OUT_01283,146.33
OUT_01284,325.66
OUT_01285,153.32
OUT_01286,158.78
OUT_01287,813.09
OUT_01288,953.65
OUT_01289,148.42
OUT_01290,299.21
OUT_01291,975.76
OUT_01292,964.69
OUT_01293,295.82
OUT_01294,176.06
OUT_01295,344.85
OUT_01296,189.13
OUT_01297,154.78
OUT_01298,282.5
OUT_01299,2101.31
OUT_01300,218.18
OUT_01301,148.96
OUT_01302,158.46
OUT_01303,147.88
OUT_01304,987.69
OUT_01305,132.73
OUT_01306,297.15
OUT_01307,317.5
OUT_01308,129.74
OUT_01309,180.12
OUT_01310,134.89
OUT_01311,142.29
OUT_01312,155.92
OUT_01313,157.75
OUT_01314,292.73
OUT_01315,125.51
OUT_01316,2313.46
OUT_01317,149.1
OUT_01318,145.49
OUT_01319,133.71
OUT_01320,162.86
OUT_01321,138.8
OUT_01322,132.79
OUT_01323,406.81
OUT_01324,131.75
OUT_01325,218.84
OUT_01326,136.63
OUT_01327,144.17
OUT_01328,143.65
OUT_01329,156.26
OUT_01330,126.35
OUT_01331,1159.29
OUT_01332,298.08
OUT_01333,165.52
OUT_01334,236.3
OUT_01335,129.31
OUT_01336,149.55
OUT_01337,183.96
OUT_01338,1076.15
OUT_01339,144.38
OUT_01340,156.01
OUT_01341,152.81
OUT_01342,309.29
OUT_01343,133.69
OUT_01344,170.42
OUT_01345,140.59
OUT_01346,333.96
OUT_01347,260.87
OUT_01348,323.12
OUT_01349,171.7
OUT_01350,266.79
OUT_01351,168.1
OUT_01352,978.5
OUT_01353,152.35
OUT_01354,111.14
OUT_01355,890.44
OUT_01356,312.26
OUT_01357,147.02
OUT_01358,259.35
OUT_01359,165.58
OUT_01360,302.27
OUT_01361,165.73
OUT_01362,2298.94
OUT_01363,179.79
OUT_01364,251.47
OUT_01365,173.64
OUT_01366,276.61
OUT_01367,307.47
OUT_01368,147.2
OUT_01369,942.82
OUT_01370,135.84
OUT_01371,142.57
OUT_01372,231.22
OUT_01373,278.29
OUT_01374,304.87
OUT_01375,1030.41
OUT_01376,2277.96
OUT_01377,230.15
OUT_01378,157.73
OUT_01379,168.11
OUT_01380,286.23
OUT_01381,151.23
OUT_01382,977.66
OUT_01383,257.11
OUT_01384,161.23
OUT_01385,267.56
OUT_01386,263.04
OUT_01387,133.19
OUT_01388,171.57
OUT_01389,1132.82
OUT_01390,195.0
OUT_01391,1339.83
OUT_01392,166.54
OUT_01393,148.2
OUT_01394,159.59
OUT_01395,244.89
OUT_01396,947.52
OUT_01397,119.82
OUT_01398,162.21
OUT_01399,180.24
OUT_01400,997.37
OUT_01401,266.54
OUT_01402,173.76
OUT_01403,288.91
OUT_01404,137.86
OUT_01405,109.4
OUT_01406,137.74
OUT_01407,149.06
OUT_01408,268.32
OUT_01409,895.82
OUT_01410,955.69
OUT_01411,898.15
OUT_01412,243.54
OUT_01413,277.58
OUT_01414,144.04
OUT_01415,138.45
OUT_01416,166.23
OUT_01417,242.3
OUT_01418,255.31
OUT_01419,246.12
OUT_01420,1094.64
OUT_01421,139.61
OUT_01422,149.56
OUT_01423,141.97
OUT_01424,136.72
OUT_01425,266.3
OUT_01426,153.91
OUT_01427,142.11
OUT_01428,238.18
OUT_01429,132.82
OUT_01430,171.81
OUT_01431,169.38
OUT_01432,141.8
OUT_01433,140.48
OUT_01434,137.62
OUT_01435,171.23
OUT_01436,291.41
OUT_01437,912.39
OUT_01438,145.22
OUT_01439,303.84
OUT_01440,2219.49
OUT_01441,287.09
OUT_01442,256.53
OUT_01443,148.7
OUT_01444,256.42
OUT_01445,322.84
OUT_01446,149.06
OUT_01447,834.53
OUT_01448,277.85
OUT_01449,291.01
OUT_01450,142.94
OUT_01451,296.15
OUT_01452,136.31
OUT_01453,894.34
OUT_01454,140.25
OUT_01455,162.52
OUT_01456,151.69
OUT_01457,147.64
OUT_01458,309.17
OUT_01459,153.07
OUT_01460,257.31
OUT_01461,1153.23
OUT_01462,114.57
OUT_01463,97.42
OUT_01464,147.3
OUT_01465,179.45
OUT_01466,159.5
OUT_01467,187.32
OUT_01468,140.23
OUT_01469,173.96
OUT_01470,264.46
OUT_01471,2230.81
OUT_01472,2113.98
OUT_01473,949.51
OUT_01474,166.54
OUT_01475,143.18
OUT_01476,270.29
OUT_01477,181.53
OUT_01478,140.24
OUT_01479,156.16
OUT_01480,143.96
OUT_01481,1009.6
OUT_01482,142.83
OUT_01483,230.62
OUT_01484,146.19
OUT_01485,1276.27
OUT_01486,158.43
OUT_01487,178.59
OUT_01488,129.61
OUT_01489,155.48
OUT_01490,276.6
OUT_01491,164.0
OUT_01492,180.43
OUT_01493,127.59
OUT_01494,168.39
OUT_01495,272.02
OUT_01496,167.4
OUT_01497,270.57
OUT_01498,247.6
OUT_01499,250.66
OUT_01500,961.29
OUT_01501,173.17
OUT_01502,294.52
OUT_01503,960.19
OUT_01504,275.93
OUT_01505,2284.16
OUT_01506,1202.12
OUT_01507,1041.63
OUT_01508,142.66
OUT_01509,152.81
OUT_01510,306.17
OUT_01511,135.06
OUT_01512,132.61
OUT_01513,142.29
OUT_01514,2109.26
OUT_01515,135.66
OUT_01516,173.11
OUT_01517,151.85
OUT_01518,328.53
OUT_01519,152.87
OUT_01520,1076.29
OUT_01521,296.13
OUT_01522,146.04
OUT_01523,257.89
OUT_01524,303.72
OUT_01525,168.42
OUT_01526,289.7
OUT_01527,1139.12
OUT_01528,2257.24
OUT_01529,163.77
OUT_01530,154.04
OUT_01531,129.01
OUT_01532,976.93
OUT_01533,165.71
OUT_01534,160.29
OUT_01535,131.3
OUT_01536,156.58
OUT_01537,151.36
OUT_01538,164.32
OUT_01539,154.86
OUT_01540,1042.47
OUT_01541,178.13
OUT_01542,153.89
OUT_01543,182.0
OUT_01544,168.31
OUT_01545,354.75
OUT_01546,301.38
OUT_01547,351.45
OUT_01548,145.21
OUT_01549,314.29
OUT_01550,253.18
OUT_01551,158.56
OUT_01552,310.36
OUT_01553,268.95
OUT_01554,2170.35
OUT_01555,173.2
OUT_01556,167.53
OUT_01557,2328.86
OUT_01558,149.85
OUT_01559,1053.98
OUT_01560,1245.72
OUT_01561,148.14
OUT_01562,140.48
OUT_01563,264.63
OUT_01564,188.76
OUT_01565,252.61
OUT_01566,150.61
OUT_01567,2261.14
OUT_01568,164.78
OUT_01569,162.69
OUT_01570,1210.68
OUT_01571,137.16
OUT_01572,326.5
OUT_01573,150.02
OUT_01574,156.44
OUT_01575,144.11
OUT_01576,147.35
OUT_01577,297.39
OUT_01578,274.59
OUT_01579,143.41
OUT_01580,166.26
OUT_01581,243.02
OUT_01582,989.37
OUT_01583,254.7
OUT_01584,147.54
OUT_01585,128.58
OUT_01586,157.57
OUT_01587,154.97
OUT_01588,269.3
OUT_01589,290.48
OUT_01590,136.67
OUT_01591,154.72
OUT_01592,138.19
OUT_01593,942.33
OUT_01594,300.93
OUT_01595,2498.4
OUT_01596,279.34
OUT_01597,132.91
OUT_01598,366.71
OUT_01599,161.97
OUT_01600,156.25
OUT_01601,141.09
OUT_01602,301.02
OUT_01603,179.6
OUT_01604,158.41
OUT_01605,1056.02
OUT_01606,124.79
OUT_01607,163.03
OUT_01608,149.15
OUT_01609,220.94
OUT_01610,231.4
OUT_01611,134.22
OUT_01612,148.85
OUT_01613,145.16
OUT_01614,135.86
OUT_01615,148.68
OUT_01616,151.7
OUT_01617,160.19
OUT_01618,156.68
OUT_01619,348.58
OUT_01620,330.34
OUT_01621,1300.63
OUT_01622,133.41
OUT_01623,127.03
OUT_01624,2431.76
OUT_01625,146.43
OUT_01626,159.19
OUT_01627,168.64
OUT_01628,144.18
OUT_01629,894.59
OUT_01630,153.97
OUT_01631,139.38
OUT_01632,147.14
OUT_01633,146.49
OUT_01634,928.5
OUT_01635,275.36
OUT_01636,225.56
OUT_01637,133.07
OUT_01638,265.85
OUT_01639,1463.71
OUT_01640,2185.04
OUT_01641,2335.36
OUT_01642,132.37
OUT_01643,156.85
OUT_01644,146.78
OUT_01645,190.46
OUT_01646,159.06
OUT_01647,156.5
OUT_01648,173.74
OUT_01649,162.76
OUT_01650,2364.86
OUT_01651,175.05
OUT_01652,159.31
OUT_01653,264.97
OUT_01654,938.02
OUT_01655,137.83
OUT_01656,914.03
OUT_01657,159.2
OUT_01658,183.57
OUT_01659,144.69
OUT_01660,255.09
OUT_01661,257.22
OUT_01662,294.48
OUT_01663,145.29
OUT_01664,113.09
OUT_01665,2127.51
OUT_01666,1193.8
OUT_01667,244.64
OUT_01668,157.69
OUT_01669,136.26
OUT_01670,156.89
OUT_01671,151.43
OUT_01672,212.27
OUT_01673,151.16
OUT_01674,122.81
OUT_01675,240.19
OUT_01676,340.66
OUT_01677,119.37
OUT_01678,142.2
OUT_01679,938.76
OUT_01680,167.38
OUT_01681,144.35
OUT_01682,161.75
OUT_01683,162.87
OUT_01684,165.21
OUT_01685,143.16
OUT_01686,248.22
OUT_01687,161.04
OUT_01688,256.2
OUT_01689,167.46
OUT_01690,144.95
OUT_01691,2018.45
OUT_01692,358.98
OUT_01693,147.36
OUT_01694,1049.63
OUT_01695,302.23
OUT_01696,130.39
OUT_01697,149.1
OUT_01698,166.44
OUT_01699,136.5
OUT_01700,133.04
OUT_01701,275.54
OUT_01702,164.6
OUT_01703,170.45
OUT_01704,298.05
OUT_01705,972.05
OUT_01706,144.38
OUT_01707,156.61
OUT_01708,321.0
OUT_01709,170.12
OUT_01710,312.45
OUT_01711,154.41
OUT_01712,2131.64
OUT_01713,142.04
OUT_01714,149.26
OUT_01715,305.36
OUT_01716,2262.73
OUT_01717,169.05
OUT_01718,287.31
OUT_01719,141.7
OUT_01720,159.99
OUT_01721,166.94
OUT_01722,166.21
OUT_01723,246.32
OUT_01724,152.67
OUT_01725,2160.29
OUT_01726,128.37
OUT_01727,147.67
OUT_01728,138.43
OUT_01729,151.26
OUT_01730,309.07
OUT_01731,267.16
OUT_01732,313.17
OUT_01733,154.69
OUT_01734,303.56
OUT_01735,1314.38
OUT_01736,2271.29
OUT_01737,1085.58
OUT_01738,284.58
OUT_01739,280.09
OUT_01740,951.52
OUT_01741,272.42
OUT_01742,276.94
OUT_01743,100.55
OUT_01744,153.18
OUT_01745,156.79
OUT_01746,293.71
OUT_01747,152.0
OUT_01748,172.04
OUT_01749,1053.46
OUT_01750,137.36
OUT_01751,168.78
OUT_01752,144.77
OUT_01753,162.1
OUT_01754,329.37
OUT_01755,355.61
OUT_01756,318.08
OUT_01757,1115.48
OUT_01758,1324.64
OUT_01759,172.97
OUT_01760,2398.82
OUT_01761,151.62
OUT_01762,153.88
OUT_01763,252.06
OUT_01764,172.53
OUT_01765,166.86
OUT_01766,949.79
OUT_01767,1070.21
OUT_01768,289.78
OUT_01769,162.99
OUT_01770,274.18
OUT_01771,185.17
OUT_01772,310.87
OUT_01773,143.26
OUT_01774,363.77
OUT_01775,1156.65
OUT_01776,132.42
OUT_01777,167.29
OUT_01778,296.49
OUT_01779,149.26
OUT_01780,298.06
OUT_01781,138.03
OUT_01782,2518.52
OUT_01783,183.37
OUT_01784,198.06
OUT_01785,1295.31
OUT_01786,149.33
OUT_01787,200.54
OUT_01788,283.17
OUT_01789,150.8
OUT_01790,156.66
OUT_01791,151.17
OUT_01792,187.58
OUT_01793,156.24
OUT_01794,287.48
OUT_01795,323.62
OUT_01796,155.93
OUT_01797,135.67
OUT_01798,253.27
OUT_01799,179.31
OUT_01800,223.71
OUT_01801,1024.09
OUT_01802,1191.55
OUT_01803,1035.28
OUT_01804,327.95
OUT_01805,271.48
OUT_01806,1028.3
OUT_01807,174.85
OUT_01808,282.39
OUT_01809,321.96
OUT_01810,158.32
OUT_01811,146.93
OUT_01812,122.04
OUT_01813,289.38
OUT_01814,330.16
OUT_01815,150.79
OUT_01816,170.7
OUT_01817,159.23
OUT_01818,162.24
OUT_01819,165.32
OUT_01820,321.87
OUT_01821,2210.55
OUT_01822,171.61
OUT_01823,165.08
OUT_01824,156.8
OUT_01825,1106.23
OUT_01826,1117.09
OUT_01827,1083.04
OUT_01828,262.6
OUT_01829,150.43
OUT_01830,131.66
OUT_01831,127.38
OUT_01832,135.2
OUT_01833,154.64
OUT_01834,954.81
OUT_01835,936.59
OUT_01836,128.8
OUT_01837,137.3
OUT_01838,266.78
OUT_01839,256.88
OUT_01840,154.13
OUT_01841,2160.57
OUT_01842,237.11
OUT_01843,150.64
OUT_01844,961.72
OUT_01845,165.99
OUT_01846,131.14
OUT_01847,976.06
OUT_01848,280.58
OUT_01849,157.07
OUT_01850,234.97
OUT_01851,1285.68
OUT_01852,1239.45
OUT_01853,299.54
OUT_01854,1020.95
OUT_01855,160.35
OUT_01856,302.2
OUT_01857,137.73
OUT_01858,158.65
OUT_01859,191.32
OUT_01860,289.59
OUT_01861,277.97
OUT_01862,152.84
OUT_01863,281.81
OUT_01864,242.74
OUT_01865,167.04
OUT_01866,153.12
OUT_01867,162.71
OUT_01868,251.61
OUT_01869,2437.02
OUT_01870,150.89
OUT_01871,149.94
OUT_01872,221.7
OUT_01873,265.91
OUT_01874,149.22
OUT_01875,248.15
OUT_01876,279.37
OUT_01877,984.79
OUT_01878,930.13
OUT_01879,2302.28
OUT_01880,227.15
OUT_01881,148.05
OUT_01882,190.2
OUT_01883,134.6
OUT_01884,150.42
OUT_01885,364.84
OUT_01886,139.28
OUT_01887,996.59
OUT_01888,155.64
OUT_01889,234.43
OUT_01890,121.41
OUT_01891,1077.48
OUT_01892,240.99
OUT_01893,174.15
OUT_01894,303.83
OUT_01895,163.39
OUT_01896,141.83
OUT_01897,1001.54
OUT_01898,273.88
OUT_01899,1228.66
OUT_01900,141.71
OUT_01901,2307.7
OUT_01902,149.18
OUT_01903,2201.28
OUT_01904,154.75
OUT_01905,135.47
OUT_01906,2281.25
OUT_01907,927.06
OUT_01908,854.21
OUT_01909,167.53
OUT_01910,153.05
OUT_01911,286.33
OUT_01912,152.67
OUT_01913,314.39
OUT_01914,189.42
OUT_01915,134.36
OUT_01916,160.87
OUT_01917,294.1
OUT_01918,146.25
OUT_01919,171.66
OUT_01920,158.36
OUT_01921,139.16
OUT_01922,156.32
OUT_01923,157.07
OUT_01924,155.71
OUT_01925,1193.3
OUT_01926,1064.73
OUT_01927,314.9
OUT_01928,1050.29
OUT_01929,331.21
OUT_01930,154.8
OUT_01931,137.7
OUT_01932,240.57
OUT_01933,108.23
OUT_01934,162.49
OUT_01935,135.92
OUT_01936,157.09
OUT_01937,2294.98
OUT_01938,323.09
OUT_01939,299.15
OUT_01940,157.01
OUT_01941,278.6
OUT_01942,133.08
OUT_01943,140.04
OUT_01944,2158.9
OUT_01945,150.76
OUT_01946,303.72
OUT_01947,137.27
OUT_01948,315.74
OUT_01949,144.87
OUT_01950,148.07
OUT_01951,903.22
OUT_01952,147.89
OUT_01953,960.91
OUT_01954,314.12
OUT_01955,1000.55
OUT_01956,146.72
OUT_01957,129.55
OUT_01958,280.42
OUT_01959,173.15
OUT_01960,144.28
OUT_01961,895.3
OUT_01962,140.37
OUT_01963,1039.11
OUT_01964,145.22
OUT_01965,255.12
OUT_01966,129.11
OUT_01967,984.35
OUT_01968,225.74
OUT_01969,135.26
OUT_01970,2007.65
OUT_01971,375.39
OUT_01972,137.52
OUT_01973,188.76
OUT_01974,161.65
OUT_01975,254.3
OUT_01976,246.88
OUT_01977,204.47
OUT_01978,124.56
OUT_01979,385.52
OUT_01980,261.06
OUT_01981,255.97
OUT_01982,1105.53
OUT_01983,315.38
OUT_01984,952.63
OUT_01985,1057.92
OUT_01986,136.35
OUT_01987,144.04
OUT_01988,232.17
OUT_01989,225.47
OUT_01990,147.22
OUT_01991,1052.24
OUT_01992,270.48
OUT_01993,201.98
OUT_01994,264.24
OUT_01995,143.77
OUT_01996,1158.01
OUT_01997,1035.72
OUT_01998,163.19
OUT_01999,986.0
OUT_02000,287.39
OUT_02001,168.8
OUT_02002,182.36
OUT_02003,129.24
OUT_02004,153.57
OUT_02005,251.52
OUT_02006,336.9
OUT_02007,234.91
OUT_02008,265.72
OUT_02009,288.1
OUT_02010,141.57
OUT_02011,163.44
OUT_02012,334.91
OUT_02013,141.56
OUT_02014,964.91
OUT_02015,144.29
OUT_02016,1141.64
OUT_02017,1101.01
OUT_02018,278.34
OUT_02019,161.17
OUT_02020,143.23
OUT_02021,153.25
OUT_02022,2294.96
OUT_02023,157.28
OUT_02024,225.65
OUT_02025,2446.42
OUT_02026,370.53
OUT_02027,245.45
OUT_02028,283.21
OUT_02029,258.69
OUT_02030,300.79
OUT_02031,106.0
OUT_02032,306.89
OUT_02033,158.57
OUT_02034,2342.81
OUT_02035,123.75
OUT_02036,137.02
OUT_02037,142.97
OUT_02038,168.95
OUT_02039,143.79
OUT_02040,203.21
OUT_02041,153.69
OUT_02042,127.88
OUT_02043,265.59
OUT_02044,1004.44
OUT_02045,237.17
OUT_02046,145.89
OUT_02047,1495.86
OUT_02048,163.74
OUT_02049,125.24
OUT_02050,130.96
OUT_02051,292.86
OUT_02052,154.53
OUT_02053,158.03
OUT_02054,913.82
OUT_02055,331.51
OUT_02056,2381.5
OUT_02057,293.05
OUT_02058,927.94
OUT_02059,234.19
OUT_02060,171.34
OUT_02061,137.49
OUT_02062,143.59
OUT_02063,127.54
OUT_02064,172.43
OUT_02065,143.64
OUT_02066,1111.51
OUT_02067,138.43
OUT_02068,1049.71
OUT_02069,137.52
OUT_02070,119.81
OUT_02071,164.22
OUT_02072,1123.71
OUT_02073,2253.13
OUT_02074,158.88
OUT_02075,124.07
OUT_02076,128.95
OUT_02077,136.68
OUT_02078,2148.54
OUT_02079,272.3
OUT_02080,140.5
OUT_02081,128.65
OUT_02082,174.91
OUT_02083,2310.25
OUT_02084,290.89
OUT_02085,953.18
OUT_02086,277.87
OUT_02087,257.51
OUT_02088,991.08
OUT_02089,180.04
OUT_02090,151.42
OUT_02091,160.89
OUT_02092,335.0
OUT_02093,114.11
OUT_02094,858.36
OUT_02095,246.36
OUT_02096,2139.86
OUT_02097,897.43
OUT_02098,300.66
OUT_02099,297.88
OUT_02100,146.51
OUT_02101,214.85
OUT_02102,165.1
OUT_02103,327.25
OUT_02104,362.2
OUT_02105,132.37
OUT_02106,161.57
OUT_02107,147.42
OUT_02108,131.88
OUT_02109,171.66
OUT_02110,152.36
OUT_02111,178.8
OUT_02112,120.52
OUT_02113,299.51
OUT_02114,333.94
OUT_02115,159.81
OUT_02116,156.44
OUT_02117,130.41
OUT_02118,300.21
OUT_02119,226.76
OUT_02120,137.91
OUT_02121,956.74
OUT_02122,127.5
OUT_02123,290.45
OUT_02124,359.92
OUT_02125,154.78
OUT_02126,167.91
OUT_02127,133.43
OUT_02128,955.86
OUT_02129,188.09
OUT_02130,140.59
OUT_02131,1021.32
OUT_02132,269.4
OUT_02133,1053.07
OUT_02134,257.5
OUT_02135,286.18
OUT_02136,988.75
OUT_02137,340.18
OUT_02138,1053.89
OUT_02139,1281.0
OUT_02140,177.58
OUT_02141,249.57
OUT_02142,176.32
OUT_02143,301.08
OUT_02144,155.84
OUT_02145,146.65
OUT_02146,1197.63
OUT_02147,350.22
OUT_02148,262.48
OUT_02149,141.16
OUT_02150,157.56
OUT_02151,242.55
OUT_02152,2530.29
OUT_02153,157.22
OUT_02154,155.17
OUT_02155,231.78
OUT_02156,135.07
OUT_02157,293.58
OUT_02158,142.46
OUT_02159,140.53
OUT_02160,161.0
OUT_02161,144.55
OUT_02162,285.16
OUT_02163,165.12
OUT_02164,250.1
OUT_02165,166.23
OUT_02166,128.49
OUT_02167,177.72
OUT_02168,148.92
OUT_02169,127.93
OUT_02170,169.69
OUT_02171,150.38
OUT_02172,236.98
OUT_02173,128.99
OUT_02174,137.8
OUT_02175,150.29
OUT_02176,2297.57
OUT_02177,301.08
OUT_02178,144.77
OUT_02179,324.51
OUT_02180,2229.64
OUT_02181,890.89
OUT_02182,172.65
OUT_02183,249.07
OUT_02184,266.46
OUT_02185,299.98
OUT_02186,159.97
OUT_02187,270.96
OUT_02188,152.91
OUT_02189,151.02
OUT_02190,2277.03
OUT_02191,281.19
OUT_02192,265.4
OUT_02193,329.91
OUT_02194,160.96
OUT_02195,140.7
OUT_02196,263.21
OUT_02197,150.53
OUT_02198,126.52
OUT_02199,144.34
OUT_02200,333.18
OUT_02201,941.95
OUT_02202,123.51
OUT_02203,939.32
OUT_02204,296.99
OUT_02205,1080.02
OUT_02206,150.83
OUT_02207,920.81
OUT_02208,163.11
OUT_02209,174.99
OUT_02210,176.01
OUT_02211,174.5
OUT_02212,399.35
OUT_02213,123.72
OUT_02214,237.0
OUT_02215,316.34
OUT_02216,297.55
OUT_02217,957.51
OUT_02218,321.15
OUT_02219,281.02
OUT_02220,160.12
OUT_02221,180.33
OUT_02222,148.03
OUT_02223,298.68
OUT_02224,293.61
OUT_02225,146.33
OUT_02226,298.83
OUT_02227,149.48
OUT_02228,263.4
OUT_02229,304.15
OUT_02230,288.55
OUT_02231,139.63
OUT_02232,150.76
OUT_02233,157.52
OUT_02234,282.87
OUT_02235,130.0
OUT_02236,2183.01
OUT_02237,152.51
OUT_02238,1042.5
OUT_02239,129.34
OUT_02240,153.25
OUT_02241,143.53
OUT_02242,977.95
OUT_02243,1228.04
OUT_02244,244.07
OUT_02245,143.57
OUT_02246,1076.03
OUT_02247,147.56
OUT_02248,348.33
OUT_02249,284.03
OUT_02250,141.58
OUT_02251,129.76
OUT_02252,169.97
OUT_02253,224.48
OUT_02254,273.98
OUT_02255,297.23
OUT_02256,128.89
OUT_02257,318.22
OUT_02258,145.2
OUT_02259,141.02
OUT_02260,175.9
OUT_02261,158.09
OUT_02262,166.61
OUT_02263,303.72
OUT_02264,131.81
OUT_02265,167.58
OUT_02266,136.56
OUT_02267,972.3
OUT_02268,135.94
OUT_02269,281.64
OUT_02270,151.55
OUT_02271,168.32
OUT_02272,310.29
OUT_02273,241.03
OUT_02274,140.72
OUT_02275,328.3
OUT_02276,133.42
OUT_02277,255.79
OUT_02278,129.85
OUT_02279,864.28
OUT_02280,289.35
OUT_02281,113.54
OUT_02282,168.66
OUT_02283,150.11
OUT_02284,322.7
OUT_02285,146.83
OUT_02286,916.4
OUT_02287,295.02
OUT_02288,348.21
OUT_02289,153.35
OUT_02290,131.32
OUT_02291,183.23
OUT_02292,161.46
OUT_02293,165.07
OUT_02294,173.84
OUT_02295,285.55
OUT_02296,266.74
OUT_02297,152.26
OUT_02298,1030.5
OUT_02299,139.93
OUT_02300,129.41
OUT_02301,970.53
OUT_02302,144.36
OUT_02303,992.33
OUT_02304,291.22
OUT_02305,330.09
OUT_02306,197.79
OUT_02307,159.41
OUT_02308,916.42
OUT_02309,131.17
OUT_02310,1180.23
OUT_02311,318.21
OUT_02312,266.8
OUT_02313,304.89
OUT_02314,294.26
OUT_02315,158.73
OUT_02316,144.33
OUT_02317,118.42
OUT_02318,312.35
OUT_02319,139.31
OUT_02320,259.18
OUT_02321,190.3
OUT_02322,2220.18
OUT_02323,150.24
OUT_02324,364.92
OUT_02325,168.3
OUT_02326,149.58
OUT_02327,113.53
OUT_02328,144.87
OUT_02329,144.19
OUT_02330,182.78
OUT_02331,198.46
OUT_02332,221.0
OUT_02333,158.6
OUT_02334,1040.81
OUT_02335,158.09
OUT_02336,151.47
OUT_02337,159.89
OUT_02338,152.88
OUT_02339,173.9
OUT_02340,142.22
OUT_02341,286.85
OUT_02342,162.26
OUT_02343,255.41
OUT_02344,959.49
OUT_02345,171.79
OUT_02346,1007.36
OUT_02347,336.66
OUT_02348,153.93
OUT_02349,284.98
OUT_02350,330.8
OUT_02351,2387.2
OUT_02352,311.72
OUT_02353,331.48
OUT_02354,287.64
OUT_02355,303.2
OUT_02356,114.53
OUT_02357,119.94
OUT_02358,911.54
OUT_02359,168.65
OUT_02360,145.48
OUT_02361,305.75
OUT_02362,148.0
OUT_02363,168.57
OUT_02364,334.14
OUT_02365,325.54
OUT_02366,181.08
OUT_02367,169.71
OUT_02368,129.77
OUT_02369,910.07
OUT_02370,158.1
OUT_02371,2161.97
OUT_02372,156.69
OUT_02373,2342.83
OUT_02374,272.69
OUT_02375,238.54
OUT_02376,134.42
OUT_02377,135.47
OUT_02378,140.65
OUT_02379,255.41
OUT_02380,138.3
OUT_02381,139.73
OUT_02382,157.37
OUT_02383,2277.14
OUT_02384,294.54
OUT_02385,946.41
OUT_02386,907.96
OUT_02387,1295.62
OUT_02388,176.21
OUT_02389,195.99
OUT_02390,293.93
OUT_02391,280.77
OUT_02392,205.74
OUT_02393,126.04
OUT_02394,238.89
OUT_02395,144.96
OUT_02396,287.49
OUT_02397,170.13
OUT_02398,156.99
OUT_02399,964.53
OUT_02400,154.98
OUT_02401,2389.33
OUT_02402,151.94
OUT_02403,141.24
OUT_02404,1025.88
OUT_02405,1298.25
OUT_02406,131.06
OUT_02407,240.13
OUT_02408,298.35
OUT_02409,279.03
OUT_02410,161.33
OUT_02411,160.86
OUT_02412,141.76
OUT_02413,135.76
OUT_02414,143.53
OUT_02415,1034.07
OUT_02416,1032.94
OUT_02417,170.45
OUT_02418,887.2
OUT_02419,242.61
OUT_02420,138.02
OUT_02421,172.89
OUT_02422,2404.72
OUT_02423,247.81
OUT_02424,118.1
OUT_02425,307.32
OUT_02426,120.82
OUT_02427,325.23
OUT_02428,319.55
OUT_02429,171.6
OUT_02430,248.14
OUT_02431,2281.93
OUT_02432,161.59
OUT_02433,128.24
OUT_02434,169.58
OUT_02435,145.87
OUT_02436,965.01
OUT_02437,2338.45
OUT_02438,145.85
OUT_02439,313.07
OUT_02440,157.16
OUT_02441,144.91
OUT_02442,278.33
OUT_02443,155.77
OUT_02444,1080.33
OUT_02445,282.34
OUT_02446,301.55
OUT_02447,131.1
OUT_02448,186.36
OUT_02449,136.42
OUT_02450,146.36
OUT_02451,320.97
OUT_02452,1332.65
OUT_02453,169.89
OUT_02454,295.67
OUT_02455,156.52
OUT_02456,131.63
OUT_02457,322.55
OUT_02458,1007.98
OUT_02459,2291.63
OUT_02460,253.24
OUT_02461,178.81
OUT_02462,145.57
OUT_02463,152.69
OUT_02464,162.4
OUT_02465,164.55
OUT_02466,143.28
OUT_02467,136.47
OUT_02468,144.22
OUT_02469,256.45
OUT_02470,288.14
OUT_02471,2249.39
OUT_02472,236.15
OUT_02473,146.2
OUT_02474,167.52
OUT_02475,2257.55
OUT_02476,147.35
OUT_02477,180.81
OUT_02478,129.8
OUT_02479,998.19
OUT_02480,149.79
OUT_02481,158.19
OUT_02482,991.9
OUT_02483,174.35
OUT_02484,286.24
OUT_02485,141.64
OUT_02486,265.49
OUT_02487,141.82
OUT_02488,156.19
OUT_02489,137.83
OUT_02490,285.15
OUT_02491,170.91
OUT_02492,241.17
OUT_02493,164.17
OUT_02494,256.46
OUT_02495,132.85
OUT_02496,250.3
OUT_02497,151.83
OUT_02498,1104.43
OUT_02499,126.44
OUT_02500,249.08
OUT_02501,1196.73
OUT_02502,303.8
OUT_02503,145.58
OUT_02504,149.85
OUT_02505,146.38
OUT_02506,144.58
OUT_02507,125.29
OUT_02508,163.89
OUT_02509,303.93
OUT_02510,249.91
OUT_02511,274.41
OUT_02512,257.83
OUT_02513,140.31
OUT_02514,957.48
OUT_02515,1303.65
OUT_02516,932.62
OUT_02517,377.62
OUT_02518,130.45
OUT_02519,135.43
OUT_02520,359.64
OUT_02521,146.73
OUT_02522,275.76
OUT_02523,297.29
OUT_02524,1362.11
OUT_02525,1066.95
OUT_02526,153.57
OUT_02527,311.82
OUT_02528,263.08
OUT_02529,160.13
OUT_02530,235.53
OUT_02531,308.13
OUT_02532,128.59
OUT_02533,165.9
OUT_02534,295.93
OUT_02535,164.24
OUT_02536,163.75
OUT_02537,170.92
OUT_02538,992.03
OUT_02539,132.01
OUT_02540,129.87
OUT_02541,1215.77
OUT_02542,125.32
OUT_02543,294.57
OUT_02544,285.09
OUT_02545,277.89
OUT_02546,138.23
OUT_02547,166.95
OUT_02548,229.78
OUT_02549,311.45
OUT_02550,177.33
OUT_02551,127.47
OUT_02552,925.99
OUT_02553,142.77
OUT_02554,132.05
OUT_02555,289.51
OUT_02556,146.37
OUT_02557,176.37
OUT_02558,158.5
OUT_02559,152.94
OUT_02560,133.25
OUT_02561,173.73
OUT_02562,120.37
OUT_02563,225.45
OUT_02564,138.35
OUT_02565,289.75
OUT_02566,321.88
OUT_02567,123.36
OUT_02568,284.52
OUT_02569,169.69
OUT_02570,262.02
OUT_02571,280.49
OUT_02572,154.98
OUT_02573,155.74
OUT_02574,270.31
OUT_02575,166.34
OUT_02576,2202.78
OUT_02577,172.08
OUT_02578,916.68
OUT_02579,255.34
OUT_02580,155.8
OUT_02581,317.4
OUT_02582,2327.34
OUT_02583,144.41
OUT_02584,149.18
OUT_02585,171.59
OUT_02586,2297.53
OUT_02587,174.14
OUT_02588,139.34
OUT_02589,157.51
OUT_02590,307.9
OUT_02591,916.58
OUT_02592,254.31
OUT_02593,1247.28
OUT_02594,133.0
OUT_02595,126.01
OUT_02596,1312.77
OUT_02597,1015.19
OUT_02598,960.81
OUT_02599,2219.53
OUT_02600,293.04
OUT_02601,273.12
OUT_02602,150.35
OUT_02603,1266.56
OUT_02604,154.68
OUT_02605,276.2
OUT_02606,1151.86
OUT_02607,172.92
OUT_02608,268.22
OUT_02609,136.49
OUT_02610,351.89
OUT_02611,241.88
OUT_02612,283.48
OUT_02613,270.78
OUT_02614,117.18
OUT_02615,1047.74
OUT_02616,1028.98
OUT_02617,2291.27
OUT_02618,129.16
OUT_02619,293.59
OUT_02620,136.53
OUT_02621,225.9
OUT_02622,143.57
OUT_02623,139.86
OUT_02624,137.28
OUT_02625,267.58
OUT_02626,928.21
OUT_02627,150.13
OUT_02628,291.7
OUT_02629,103.25
OUT_02630,127.41
OUT_02631,173.3
OUT_02632,264.46
OUT_02633,154.84
OUT_02634,152.85
OUT_02635,159.9
OUT_02636,2142.04
OUT_02637,137.01
OUT_02638,286.55
OUT_02639,111.88
OUT_02640,320.62
OUT_02641,1033.93
OUT_02642,154.4
OUT_02643,1099.8
OUT_02644,260.85
OUT_02645,158.87
OUT_02646,160.4
OUT_02647,1217.68
OUT_02648,163.83
OUT_02649,150.81
OUT_02650,234.76
OUT_02651,259.75
OUT_02652,157.72
OUT_02653,149.74
OUT_02654,994.05
OUT_02655,172.54
OUT_02656,138.3
OUT_02657,139.89
OUT_02658,142.74
OUT_02659,138.02
OUT_02660,148.38
OUT_02661,292.42
OUT_02662,137.76
OUT_02663,290.66
OUT_02664,993.42
OUT_02665,963.24
OUT_02666,282.83
OUT_02667,171.02
OUT_02668,1193.55
OUT_02669,148.76
OUT_02670,164.02
OUT_02671,173.85
OUT_02672,160.37
OUT_02673,146.32
OUT_02674,118.62
OUT_02675,142.06
OUT_02676,331.31
OUT_02677,136.28
OUT_02678,137.9
OUT_02679,152.17
OUT_02680,144.66
OUT_02681,154.23
OUT_02682,172.58
OUT_02683,150.22
OUT_02684,830.86
OUT_02685,167.37
OUT_02686,291.84
OUT_02687,132.79
OUT_02688,343.68
OUT_02689,132.78
OUT_02690,235.43
OUT_02691,956.53
OUT_02692,258.93
OUT_02693,134.57
OUT_02694,133.4
OUT_02695,155.46
OUT_02696,231.83
OUT_02697,276.57
OUT_02698,291.53
OUT_02699,294.59
OUT_02700,149.01
OUT_02701,893.94
OUT_02702,183.78
OUT_02703,320.82
OUT_02704,183.43
OUT_02705,157.63
OUT_02706,155.62
OUT_02707,184.74
OUT_02708,154.57
OUT_02709,144.28
OUT_02710,298.3
OUT_02711,135.3
OUT_02712,161.54
OUT_02713,156.36
OUT_02714,235.86
OUT_02715,153.25
OUT_02716,155.33
OUT_02717,923.86
OUT_02718,143.55
OUT_02719,166.29
OUT_02720,143.82
OUT_02721,2465.6
OUT_02722,299.4
OUT_02723,150.27
OUT_02724,132.72
OUT_02725,162.0
OUT_02726,161.8
OUT_02727,135.11
OUT_02728,1039.21
OUT_02729,157.67
OUT_02730,129.76
OUT_02731,330.78
OUT_02732,170.75
OUT_02733,141.34
OUT_02734,899.55
OUT_02735,135.98
OUT_02736,345.96
OUT_02737,228.19
OUT_02738,138.72
OUT_02739,261.19
OUT_02740,356.64
OUT_02741,159.7
OUT_02742,123.69
OUT_02743,155.09
OUT_02744,298.21
OUT_02745,145.8
OUT_02746,303.54
OUT_02747,159.17
OUT_02748,153.84
OUT_02749,129.86
OUT_02750,149.12
OUT_02751,1250.82
OUT_02752,152.13
OUT_02753,276.19
OUT_02754,135.65
OUT_02755,2241.3
OUT_02756,156.09
OUT_02757,157.1
OUT_02758,2472.8
OUT_02759,163.11
OUT_02760,1137.04
OUT_02761,128.11
OUT_02762,160.26
OUT_02763,152.15
OUT_02764,144.4
OUT_02765,965.28
OUT_02766,253.5
OUT_02767,236.33
OUT_02768,172.61
OUT_02769,154.95
OUT_02770,265.86
OUT_02771,161.88
OUT_02772,153.52
OUT_02773,220.82
OUT_02774,243.5
OUT_02775,298.04
OUT_02776,1037.49
OUT_02777,180.89
OUT_02778,121.78
OUT_02779,145.61
OUT_02780,289.28
OUT_02781,281.33
OUT_02782,1097.51
OUT_02783,2198.52
OUT_02784,294.15
OUT_02785,140.91
OUT_02786,146.66
OUT_02787,144.66
OUT_02788,254.2
OUT_02789,147.79
OUT_02790,147.21
OUT_02791,308.26
OUT_02792,932.83
OUT_02793,269.98
OUT_02794,137.18
OUT_02795,163.34
OUT_02796,155.79
OUT_02797,292.05
OUT_02798,284.59
OUT_02799,125.87
OUT_02800,336.15
OUT_02801,146.65
OUT_02802,157.61
OUT_02803,128.96
OUT_02804,179.88
OUT_02805,190.5
OUT_02806,293.5
OUT_02807,294.4
OUT_02808,227.95
OUT_02809,134.51
OUT_02810,311.16
OUT_02811,179.52
OUT_02812,131.56
OUT_02813,156.04
OUT_02814,152.41
OUT_02815,171.87
OUT_02816,149.25
OUT_02817,291.57
OUT_02818,257.54
OUT_02819,299.54
OUT_02820,1123.66
OUT_02821,283.14
OUT_02822,173.45
OUT_02823,124.28
OUT_02824,310.38
OUT_02825,179.36
OUT_02826,143.16
OUT_02827,265.87
OUT_02828,153.87
OUT_02829,1054.57
OUT_02830,236.3
OUT_02831,133.93
OUT_02832,1324.22
OUT_02833,378.21
OUT_02834,284.61
OUT_02835,153.87
OUT_02836,2370.49
OUT_02837,156.65
OUT_02838,271.54
OUT_02839,164.86
OUT_02840,1051.75
OUT_02841,2295.52
OUT_02842,321.33
OUT_02843,164.77
OUT_02844,145.6
OUT_02845,158.88
OUT_02846,238.92
OUT_02847,197.66
OUT_02848,140.18
OUT_02849,315.44
OUT_02850,156.71
OUT_02851,124.15
OUT_02852,250.42
OUT_02853,305.6
OUT_02854,2263.21
OUT_02855,138.05
OUT_02856,137.27
OUT_02857,277.1
OUT_02858,1004.34
OUT_02859,144.63
OUT_02860,2205.98
OUT_02861,121.41
OUT_02862,181.32
OUT_02863,247.46
OUT_02864,245.83
OUT_02865,2395.73
OUT_02866,158.25
OUT_02867,152.91
OUT_02868,123.97
OUT_02869,143.01
OUT_02870,143.23
OUT_02871,153.24
OUT_02872,170.87
OUT_02873,260.48
OUT_02874,291.75
OUT_02875,262.44
OUT_02876,284.49
OUT_02877,143.77
OUT_02878,270.22
OUT_02879,128.71
OUT_02880,142.94
OUT_02881,162.74
OUT_02882,158.06
OUT_02883,2265.17
OUT_02884,140.24
OUT_02885,146.44
OUT_02886,164.72
OUT_02887,308.45
OUT_02888,156.39
OUT_02889,154.25
OUT_02890,1037.3
OUT_02891,127.41
OUT_02892,2199.38
OUT_02893,170.26
OUT_02894,142.93
OUT_02895,1001.63
OUT_02896,943.65
OUT_02897,254.92
OUT_02898,151.04
OUT_02899,180.46
OUT_02900,242.48
OUT_02901,306.42
OUT_02902,269.86
OUT_02903,128.33
OUT_02904,156.69
OUT_02905,158.79
OUT_02906,956.46
OUT_02907,131.55
OUT_02908,154.28
OUT_02909,292.2
OUT_02910,233.64
OUT_02911,2204.75
OUT_02912,121.62
OUT_02913,322.73
OUT_02914,156.16
OUT_02915,132.42
OUT_02916,128.46
OUT_02917,150.37
OUT_02918,141.08
OUT_02919,908.73
OUT_02920,241.76
OUT_02921,144.0
OUT_02922,1203.76
OUT_02923,242.68
OUT_02924,268.26
OUT_02925,307.19
OUT_02926,139.45
OUT_02927,140.93
OUT_02928,188.35
OUT_02929,165.44
OUT_02930,1044.18
OUT_02931,145.48
OUT_02932,311.22
OUT_02933,132.88
OUT_02934,140.6
OUT_02935,165.48
OUT_02936,2336.17
OUT_02937,167.6
OUT_02938,153.04
OUT_02939,328.97
OUT_02940,163.23
OUT_02941,2160.76
OUT_02942,149.43
OUT_02943,151.77
OUT_02944,130.15
OUT_02945,160.73
OUT_02946,133.32
OUT_02947,142.58
OUT_02948,148.3
OUT_02949,244.35
OUT_02950,2271.77
OUT_02951,137.83
OUT_02952,271.18
OUT_02953,242.45
OUT_02954,314.19
OUT_02955,162.14
OUT_02956,1017.35
OUT_02957,186.22
OUT_02958,314.9
OUT_02959,303.33
OUT_02960,259.53
OUT_02961,147.47
OUT_02962,2223.85
OUT_02963,287.78
OUT_02964,2416.64
OUT_02965,134.15
OUT_02966,854.16
OUT_02967,114.69
OUT_02968,135.21
OUT_02969,1032.03
OUT_02970,1073.73
OUT_02971,318.66
OUT_02972,370.05
OUT_02973,305.62
OUT_02974,848.89
OUT_02975,123.92
OUT_02976,159.56
OUT_02977,325.17
OUT_02978,286.05
OUT_02979,136.58
OUT_02980,149.47
OUT_02981,180.56
OUT_02982,147.1
OUT_02983,355.09
OUT_02984,169.48
OUT_02985,270.18
OUT_02986,323.83
OUT_02987,155.33
OUT_02988,124.06
OUT_02989,253.94
OUT_02990,233.99
OUT_02991,166.05
OUT_02992,133.26
OUT_02993,231.04
OUT_02994,874.4
OUT_02995,174.92
OUT_02996,1218.82
OUT_02997,1338.42
OUT_02998,153.44
OUT_02999,181.34
OUT_03000,239.79
OUT_03001,232.1
OUT_03002,251.02
OUT_03003,162.6
OUT_03004,1092.28
OUT_03005,123.22
OUT_03006,299.34
OUT_03007,154.11
OUT_03008,152.66
OUT_03009,249.31
OUT_03010,135.8
OUT_03011,154.56
OUT_03012,160.23
OUT_03013,351.05
OUT_03014,309.31
OUT_03015,339.15
OUT_03016,152.67
OUT_03017,299.64
OUT_03018,921.18
OUT_03019,275.54
OUT_03020,2262.38
OUT_03021,935.95
OUT_03022,159.39
OUT_03023,161.83
OUT_03024,266.14
OUT_03025,158.77
OUT_03026,155.37
OUT_03027,130.43
OUT_03028,249.14
OUT_03029,161.48
OUT_03030,158.82
OUT_03031,271.18
OUT_03032,173.64
OUT_03033,163.77
OUT_03034,133.52
OUT_03035,131.55
OUT_03036,1066.34
OUT_03037,2011.12
OUT_03038,1113.65
OUT_03039,285.31
OUT_03040,905.04
OUT_03041,303.74
OUT_03042,189.06
OUT_03043,312.84
OUT_03044,144.19
OUT_03045,178.57
OUT_03046,146.45
OUT_03047,159.54
OUT_03048,275.59
OUT_03049,154.76
OUT_03050,163.55
OUT_03051,160.5
OUT_03052,916.72
OUT_03053,264.73
OUT_03054,134.48
OUT_03055,278.15
OUT_03056,864.81
OUT_03057,161.97
OUT_03058,152.38
OUT_03059,284.98
OUT_03060,155.41
OUT_03061,1163.58
OUT_03062,139.27
OUT_03063,157.48
OUT_03064,2238.72
OUT_03065,2195.89
OUT_03066,164.15
OUT_03067,181.88
OUT_03068,131.23
OUT_03069,258.86
OUT_03070,1244.71
OUT_03071,200.54
OUT_03072,273.24
OUT_03073,177.91
OUT_03074,296.91
OUT_03075,2349.54
OUT_03076,300.39
OUT_03077,2277.78
OUT_03078,2171.44
OUT_03079,144.23
OUT_03080,165.4
OUT_03081,287.09
OUT_03082,171.03
OUT_03083,135.01
OUT_03084,1002.26
OUT_03085,202.39
OUT_03086,172.35
OUT_03087,182.74
OUT_03088,959.69
OUT_03089,291.23
OUT_03090,277.55
OUT_03091,168.21
OUT_03092,164.5
OUT_03093,949.73
OUT_03094,155.57
OUT_03095,154.53
OUT_03096,147.55
OUT_03097,1035.01
OUT_03098,146.26
OUT_03099,927.25
OUT_03100,135.95
OUT_03101,150.06
OUT_03102,273.39
OUT_03103,296.21
OUT_03104,155.81
OUT_03105,149.62
OUT_03106,128.29
OUT_03107,143.16
OUT_03108,156.32
OUT_03109,146.55
OUT_03110,155.25
OUT_03111,153.11
OUT_03112,223.08
OUT_03113,318.14
OUT_03114,199.38
OUT_03115,173.28
OUT_03116,220.48
OUT_03117,123.91
OUT_03118,138.85
OUT_03119,171.33
OUT_03120,171.46
OUT_03121,143.2
OUT_03122,159.13
OUT_03123,141.11
OUT_03124,133.37
OUT_03125,262.93
OUT_03126,148.87
OUT_03127,156.86
OUT_03128,147.91
OUT_03129,902.64
OUT_03130,194.82
OUT_03131,2218.37
OUT_03132,142.7
OUT_03133,136.85
OUT_03134,1232.76
OUT_03135,171.85
OUT_03136,276.43
OUT_03137,138.91
OUT_03138,149.89
OUT_03139,238.15
OUT_03140,139.4
OUT_03141,169.51
OUT_03142,244.79
OUT_03143,151.84
OUT_03144,164.15
OUT_03145,128.47
OUT_03146,362.03
OUT_03147,342.33
OUT_03148,2452.97
OUT_03149,149.8
OUT_03150,247.83
OUT_03151,164.21
OUT_03152,151.79
OUT_03153,295.61
OUT_03154,870.67
OUT_03155,340.51
OUT_03156,277.11
OUT_03157,1071.16
OUT_03158,141.66
OUT_03159,158.84
OUT_03160,335.17
OUT_03161,307.08
OUT_03162,174.76
OUT_03163,153.44
OUT_03164,901.74
OUT_03165,294.47
OUT_03166,165.31
OUT_03167,2132.63
OUT_03168,169.71
OUT_03169,174.06
OUT_03170,354.53
OUT_03171,242.61
OUT_03172,173.08
OUT_03173,163.62
OUT_03174,161.99
OUT_03175,282.7
OUT_03176,130.76
OUT_03177,119.85
OUT_03178,149.86
OUT_03179,245.35
OUT_03180,155.86
OUT_03181,166.9
OUT_03182,139.11
OUT_03183,890.23
OUT_03184,306.43
OUT_03185,155.1
OUT_03186,322.16
OUT_03187,160.09
OUT_03188,156.2
OUT_03189,279.6
OUT_03190,170.25
OUT_03191,1061.98
OUT_03192,120.89
OUT_03193,138.73
OUT_03194,329.58
OUT_03195,167.44
OUT_03196,289.61
OUT_03197,142.63
OUT_03198,147.75
OUT_03199,289.93
OUT_03200,249.72
OUT_03201,344.64
OUT_03202,145.26
OUT_03203,140.88
OUT_03204,301.54
OUT_03205,145.16
OUT_03206,370.81
OUT_03207,161.82
OUT_03208,2174.81
OUT_03209,154.39
OUT_03210,126.21
OUT_03211,271.04
OUT_03212,159.16
OUT_03213,238.23
OUT_03214,330.14
OUT_03215,258.96
OUT_03216,136.6
OUT_03217,270.51
OUT_03218,279.28
OUT_03219,129.62
OUT_03220,247.41
OUT_03221,290.69
OUT_03222,235.36
OUT_03223,132.39
OUT_03224,319.01
OUT_03225,155.52
OUT_03226,161.58
OUT_03227,248.14
OUT_03228,2265.19
OUT_03229,2396.11
OUT_03230,171.84
OUT_03231,369.51
OUT_03232,140.58
OUT_03233,931.15
OUT_03234,243.43
OUT_03235,147.02
OUT_03236,159.6
OUT_03237,158.19
OUT_03238,162.8
OUT_03239,158.91
OUT_03240,247.42
OUT_03241,155.17
OUT_03242,874.48
OUT_03243,164.01
OUT_03244,145.88
OUT_03245,213.39
OUT_03246,134.93
OUT_03247,144.7
OUT_03248,273.39
OUT_03249,131.94
OUT_03250,151.19
OUT_03251,1161.44
OUT_03252,967.75
OUT_03253,149.12
OUT_03254,161.31
OUT_03255,286.87
OUT_03256,319.98
OUT_03257,154.38
OUT_03258,295.25
OUT_03259,300.93
OUT_03260,1004.22
OUT_03261,154.32
OUT_03262,265.53
OUT_03263,131.23
OUT_03264,2206.95
OUT_03265,304.45
OUT_03266,128.1
OUT_03267,160.65
OUT_03268,295.6
OUT_03269,250.3
OUT_03270,127.6
OUT_03271,898.63
OUT_03272,284.73
OUT_03273,919.14
OUT_03274,2333.7
OUT_03275,169.64
OUT_03276,144.55
OUT_03277,168.22
OUT_03278,155.33
OUT_03279,136.66
OUT_03280,152.58
OUT_03281,2130.0
OUT_03282,322.2
OUT_03283,940.59
OUT_03284,146.82
OUT_03285,140.33
OUT_03286,171.62
OUT_03287,2326.56
OUT_03288,257.78
OUT_03289,147.41
OUT_03290,163.29
OUT_03291,169.42
OUT_03292,187.05
OUT_03293,311.05
OUT_03294,170.02
OUT_03295,180.46
OUT_03296,2172.45
OUT_03297,897.7
OUT_03298,158.64
OUT_03299,285.1
OUT_03300,240.7
OUT_03301,277.41
OUT_03302,1007.58
OUT_03303,139.94
OUT_03304,149.38
OUT_03305,173.12
OUT_03306,156.9
OUT_03307,160.03
OUT_03308,321.86
OUT_03309,153.88
OUT_03310,114.72
OUT_03311,168.16
OUT_03312,958.13
OUT_03313,132.69
OUT_03314,151.25
OUT_03315,2371.25
OUT_03316,1002.74
OUT_03317,121.33
OUT_03318,129.94
OUT_03319,288.01
OUT_03320,126.33
OUT_03321,236.72
OUT_03322,326.92
OUT_03323,282.54
OUT_03324,955.31
OUT_03325,2447.78
OUT_03326,160.13
OUT_03327,1031.9
OUT_03328,1015.09
OUT_03329,302.66
OUT_03330,2162.75
OUT_03331,171.74
OUT_03332,146.71
OUT_03333,947.42
OUT_03334,955.94
OUT_03335,283.48
OUT_03336,274.47
OUT_03337,273.55
OUT_03338,169.44
OUT_03339,155.86
OUT_03340,286.76
OUT_03341,942.62
OUT_03342,148.69
OUT_03343,164.97
OUT_03344,1228.87
OUT_03345,984.66
OUT_03346,2391.18
OUT_03347,170.9
OUT_03348,159.68
OUT_03349,334.34
OUT_03350,250.78
OUT_03351,151.58
OUT_03352,251.18
OUT_03353,2414.3
OUT_03354,138.99
OUT_03355,172.8
OUT_03356,128.1
OUT_03357,269.2
OUT_03358,2255.12
OUT_03359,1014.25
OUT_03360,156.02
OUT_03361,255.79
OUT_03362,130.56
OUT_03363,133.63
OUT_03364,158.15
OUT_03365,167.91
OUT_03366,301.93
OUT_03367,279.85
OUT_03368,922.7
OUT_03369,147.36
OUT_03370,300.91
OUT_03371,251.34
OUT_03372,140.41
OUT_03373,283.87
OUT_03374,140.71
OUT_03375,145.48
OUT_03376,125.77
OUT_03377,326.64
OUT_03378,136.43
OUT_03379,317.1
OUT_03380,183.03
OUT_03381,2390.27
OUT_03382,152.64
OUT_03383,971.08
OUT_03384,145.14
OUT_03385,129.96
OUT_03386,183.43
OUT_03387,896.17
OUT_03388,864.44
OUT_03389,166.19
OUT_03390,141.25
OUT_03391,1093.27
OUT_03392,156.87
OUT_03393,280.8
OUT_03394,159.62
OUT_03395,1228.49
OUT_03396,251.87
OUT_03397,152.7
OUT_03398,130.68
OUT_03399,160.85
OUT_03400,329.33
OUT_03401,265.21
OUT_03402,2371.3
OUT_03403,167.41
OUT_03404,134.94
OUT_03405,129.08
OUT_03406,886.26
OUT_03407,285.03
OUT_03408,133.39
OUT_03409,293.33
OUT_03410,168.25
OUT_03411,2259.48
OUT_03412,140.26
OUT_03413,998.53
OUT_03414,1043.34
OUT_03415,2294.47
OUT_03416,172.71
OUT_03417,170.48
OUT_03418,1132.84
OUT_03419,140.91
OUT_03420,173.84
OUT_03421,175.18
OUT_03422,157.08
OUT_03423,1045.72
OUT_03424,1024.28
OUT_03425,288.89
OUT_03426,128.46
OUT_03427,255.87
OUT_03428,144.58
OUT_03429,170.09
OUT_03430,279.28
OUT_03431,118.64
OUT_03432,147.99
OUT_03433,136.91
OUT_03434,266.31
OUT_03435,188.9
OUT_03436,930.41
OUT_03437,138.01
OUT_03438,305.66
OUT_03439,295.57
OUT_03440,163.49
OUT_03441,153.85
OUT_03442,244.74
OUT_03443,936.7
OUT_03444,1075.72
OUT_03445,273.41
OUT_03446,896.03
OUT_03447,150.65
OUT_03448,309.78
OUT_03449,130.86
OUT_03450,269.26
OUT_03451,955.35
OUT_03452,141.81
OUT_03453,348.43
OUT_03454,204.4
OUT_03455,165.17
OUT_03456,117.35
OUT_03457,288.76
OUT_03458,2192.63
OUT_03459,149.57
OUT_03460,148.87
OUT_03461,141.4
OUT_03462,134.76
OUT_03463,152.23
OUT_03464,149.77
OUT_03465,282.0
OUT_03466,295.21
OUT_03467,961.35
OUT_03468,223.92
OUT_03469,148.24
OUT_03470,119.83
OUT_03471,162.52
OUT_03472,157.83
OUT_03473,139.5
OUT_03474,202.06
OUT_03475,163.28
OUT_03476,321.85
OUT_03477,269.06
OUT_03478,130.98
OUT_03479,187.77
OUT_03480,306.57
OUT_03481,136.28
OUT_03482,796.72
OUT_03483,139.77
OUT_03484,2282.62
OUT_03485,152.19
OUT_03486,164.24
OUT_03487,145.88
OUT_03488,159.55
OUT_03489,261.13
OUT_03490,133.71
OUT_03491,262.07
OUT_03492,1038.1
OUT_03493,2441.0
OUT_03494,332.68
OUT_03495,144.8
OUT_03496,135.38
OUT_03497,282.61
OUT_03498,221.2
OUT_03499,250.67
OUT_03500,154.01
OUT_03501,281.41
OUT_03502,153.14
OUT_03503,285.69
OUT_03504,126.84
OUT_03505,251.73
OUT_03506,275.22
OUT_03507,172.22
OUT_03508,923.56
OUT_03509,119.16
OUT_03510,160.44
OUT_03511,145.59
OUT_03512,133.23
OUT_03513,1045.92
OUT_03514,130.06
OUT_03515,154.4
OUT_03516,168.6
OUT_03517,162.68
OUT_03518,242.35
OUT_03519,970.14
OUT_03520,146.52
OUT_03521,318.91
OUT_03522,155.63
OUT_03523,155.01
OUT_03524,273.1
OUT_03525,130.89
OUT_03526,117.9
OUT_03527,165.71
OUT_03528,140.21
OUT_03529,265.67
OUT_03530,188.51
OUT_03531,274.71
OUT_03532,182.92
OUT_03533,1131.81
OUT_03534,362.04
OUT_03535,171.78
OUT_03536,173.77
OUT_03537,289.26
OUT_03538,160.84
OUT_03539,171.82
OUT_03540,129.52
OUT_03541,244.39
OUT_03542,262.4
OUT_03543,134.23
OUT_03544,150.57
OUT_03545,247.9
OUT_03546,143.76
OUT_03547,273.36
OUT_03548,154.09
OUT_03549,2152.68
OUT_03550,297.26
OUT_03551,1015.06
OUT_03552,316.46
OUT_03553,144.17
OUT_03554,311.88
OUT_03555,863.74
OUT_03556,2179.42
OUT_03557,158.92
OUT_03558,286.15
OUT_03559,2286.19
OUT_03560,277.57
OUT_03561,276.52
OUT_03562,177.41
OUT_03563,318.26
OUT_03564,275.97
OUT_03565,244.16
OUT_03566,170.78
OUT_03567,252.33
OUT_03568,166.81
OUT_03569,1005.48
OUT_03570,2304.68
OUT_03571,1011.66
OUT_03572,923.69
OUT_03573,162.85
OUT_03574,297.6
OUT_03575,1002.71
OUT_03576,153.97
OUT_03577,2201.04
OUT_03578,298.55
OUT_03579,993.28
OUT_03580,157.81
OUT_03581,161.39
OUT_03582,331.52
OUT_03583,148.56
OUT_03584,140.71
OUT_03585,158.06
OUT_03586,174.06
OUT_03587,329.01
OUT_03588,174.63
OUT_03589,143.77
OUT_03590,160.62
OUT_03591,2157.87
OUT_03592,164.04
OUT_03593,145.96
OUT_03594,248.75
OUT_03595,262.46
OUT_03596,250.92
OUT_03597,1028.37
OUT_03598,1067.38
OUT_03599,163.5
OUT_03600,131.16
OUT_03601,275.45
OUT_03602,222.57
OUT_03603,168.11
OUT_03604,328.37
OUT_03605,145.55
OUT_03606,1323.84
OUT_03607,256.92
OUT_03608,166.04
OUT_03609,165.25
OUT_03610,147.6
OUT_03611,160.68
OUT_03612,150.07
OUT_03613,154.15
OUT_03614,151.46
OUT_03615,941.19
OUT_03616,991.13
OUT_03617,164.77
OUT_03618,183.34
OUT_03619,268.68
OUT_03620,311.63
OUT_03621,185.38
OUT_03622,878.05
OUT_03623,263.05
OUT_03624,154.46
OUT_03625,145.4
OUT_03626,159.73
OUT_03627,147.77
OUT_03628,111.96
OUT_03629,990.73
OUT_03630,279.19
OUT_03631,1159.15
OUT_03632,171.75
OUT_03633,164.09
OUT_03634,1241.48
OUT_03635,2330.98
OUT_03636,151.43
OUT_03637,276.03
OUT_03638,130.62
OUT_03639,137.37
OUT_03640,131.34
OUT_03641,324.5
OUT_03642,203.66
OUT_03643,364.92
OUT_03644,1074.82
OUT_03645,275.55
OUT_03646,160.71
OUT_03647,160.64
OUT_03648,245.14
OUT_03649,256.79
OUT_03650,162.56
OUT_03651,1060.45
OUT_03652,136.96
OUT_03653,2325.12
OUT_03654,153.9
OUT_03655,254.78
OUT_03656,154.11
OUT_03657,163.35
OUT_03658,150.68
OUT_03659,149.72
OUT_03660,174.65
OUT_03661,145.43
OUT_03662,137.37
OUT_03663,240.01
OUT_03664,275.43
OUT_03665,1022.04
OUT_03666,124.92
OUT_03667,1091.82
OUT_03668,353.99
OUT_03669,1017.14
OUT_03670,135.14
OUT_03671,314.19
OUT_03672,166.69
OUT_03673,162.75
OUT_03674,339.34
OUT_03675,146.97
OUT_03676,2316.9
OUT_03677,139.38
OUT_03678,265.09
OUT_03679,150.71
OUT_03680,2404.26
OUT_03681,174.87
OUT_03682,163.14
OUT_03683,173.11
OUT_03684,174.37
OUT_03685,175.63
OUT_03686,2311.72
OUT_03687,148.64
OUT_03688,122.33
OUT_03689,190.53
OUT_03690,138.11
OUT_03691,156.17
OUT_03692,156.75
OUT_03693,121.19
OUT_03694,190.99
OUT_03695,295.79
OUT_03696,151.13
OUT_03697,354.67
OUT_03698,292.28
OUT_03699,1032.46
OUT_03700,297.62
OUT_03701,1027.61
OUT_03702,167.1
OUT_03703,262.49
OUT_03704,243.63
OUT_03705,160.8
OUT_03706,135.85
OUT_03707,149.35
OUT_03708,152.53
OUT_03709,859.98
OUT_03710,241.0
OUT_03711,155.53
OUT_03712,155.16
OUT_03713,143.63
OUT_03714,278.71
OUT_03715,325.69
OUT_03716,160.02
OUT_03717,130.19
OUT_03718,269.56
OUT_03719,2254.16
OUT_03720,134.81
OUT_03721,302.96
OUT_03722,143.1
OUT_03723,1059.0
OUT_03724,2199.23
OUT_03725,146.55
OUT_03726,237.27
OUT_03727,170.23
OUT_03728,131.26
OUT_03729,319.94
OUT_03730,242.28
OUT_03731,286.98
OUT_03732,133.34
OUT_03733,132.35
OUT_03734,240.49
OUT_03735,311.74
OUT_03736,368.58
OUT_03737,172.68
OUT_03738,328.54
OUT_03739,1009.96
OUT_03740,112.94
OUT_03741,2360.64
OUT_03742,141.05
OUT_03743,290.03
OUT_03744,129.87
OUT_03745,153.7
OUT_03746,273.7
OUT_03747,149.69
OUT_03748,218.96
OUT_03749,149.83
OUT_03750,175.34
OUT_03751,157.94
OUT_03752,122.24
OUT_03753,141.36
OUT_03754,1024.77
OUT_03755,169.88
OUT_03756,241.78
OUT_03757,2201.53
OUT_03758,122.88
OUT_03759,167.16
OUT_03760,290.66
OUT_03761,141.51
OUT_03762,300.14
OUT_03763,149.72
OUT_03764,1067.98
OUT_03765,205.06
OUT_03766,2258.33
OUT_03767,293.76
OUT_03768,142.5
OUT_03769,327.99
OUT_03770,312.81
OUT_03771,302.71
OUT_03772,977.93
OUT_03773,1098.1
OUT_03774,128.72
OUT_03775,142.33
OUT_03776,156.67
OUT_03777,133.47
OUT_03778,145.61
OUT_03779,129.79
OUT_03780,179.11
OUT_03781,298.75
OUT_03782,255.09
OUT_03783,157.55
OUT_03784,131.41
OUT_03785,184.82
OUT_03786,2372.73
OUT_03787,246.72
OUT_03788,143.65
OUT_03789,310.68
OUT_03790,148.16
OUT_03791,1044.07
OUT_03792,291.97
OUT_03793,185.33
OUT_03794,155.91
OUT_03795,302.55
OUT_03796,1298.88
OUT_03797,171.78
OUT_03798,277.63
OUT_03799,244.13
OUT_03800,886.34
OUT_03801,224.17
OUT_03802,257.71
OUT_03803,1219.06
OUT_03804,316.01
OUT_03805,119.27
OUT_03806,148.15
OUT_03807,148.49
OUT_03808,132.77
OUT_03809,158.7
OUT_03810,142.46
OUT_03811,136.38
OUT_03812,159.01
OUT_03813,143.85
OUT_03814,2301.97
OUT_03815,1040.7
OUT_03816,144.19
OUT_03817,128.66
OUT_03818,162.88
OUT_03819,240.63
OUT_03820,146.65
OUT_03821,176.04
OUT_03822,192.7
OUT_03823,255.66
OUT_03824,957.85
OUT_03825,292.88
OUT_03826,158.67
OUT_03827,140.94
OUT_03828,966.13
OUT_03829,2253.36
OUT_03830,167.0
OUT_03831,383.85
OUT_03832,295.73
OUT_03833,893.42
OUT_03834,156.59
OUT_03835,136.14
OUT_03836,168.94
OUT_03837,162.84
OUT_03838,145.03
OUT_03839,162.16
OUT_03840,1160.46
OUT_03841,876.05
OUT_03842,308.7
OUT_03843,262.39
OUT_03844,888.55
OUT_03845,152.77
OUT_03846,294.71
OUT_03847,1031.56
OUT_03848,340.14
OUT_03849,1076.16
OUT_03850,949.83
OUT_03851,144.58
OUT_03852,134.43
OUT_03853,187.32
OUT_03854,125.91
OUT_03855,169.65
OUT_03856,255.71
OUT_03857,154.76
OUT_03858,140.09
OUT_03859,138.81
OUT_03860,287.2
OUT_03861,1209.27
OUT_03862,133.53
OUT_03863,1237.96
OUT_03864,1106.28
OUT_03865,169.15
OUT_03866,2269.67
OUT_03867,159.93
OUT_03868,153.5
OUT_03869,319.48
OUT_03870,145.62
OUT_03871,178.21
OUT_03872,149.29
OUT_03873,327.94
OUT_03874,137.88
OUT_03875,253.19
OUT_03876,1059.98
OUT_03877,286.51
OUT_03878,907.54
OUT_03879,184.07
OUT_03880,132.63
OUT_03881,161.13
OUT_03882,159.22
OUT_03883,147.02
OUT_03884,150.02
OUT_03885,2173.46
OUT_03886,248.53
OUT_03887,178.81
OUT_03888,124.33
OUT_03889,262.96
OUT_03890,1330.76
OUT_03891,340.11
OUT_03892,159.52
OUT_03893,1000.75
OUT_03894,153.9
OUT_03895,1117.24
OUT_03896,157.12
OUT_03897,299.71
OUT_03898,341.15
OUT_03899,342.98
OUT_03900,1165.1
OUT_03901,148.71
OUT_03902,1038.09
OUT_03903,128.99
OUT_03904,149.86
OUT_03905,273.59
OUT_03906,946.81
OUT_03907,240.99
OUT_03908,159.71
OUT_03909,306.76
OUT_03910,895.76
OUT_03911,2292.98
OUT_03912,150.29
OUT_03913,171.05
OUT_03914,153.19
OUT_03915,156.19
OUT_03916,1074.84
OUT_03917,142.55
OUT_03918,1069.96
OUT_03919,177.09
OUT_03920,978.97
OUT_03921,148.69
OUT_03922,294.7
OUT_03923,2323.63
OUT_03924,136.28
OUT_03925,155.76
OUT_03926,935.22
OUT_03927,888.94
OUT_03928,2352.4
OUT_03929,143.5
OUT_03930,265.04
OUT_03931,325.51
OUT_03932,283.13
OUT_03933,131.96
OUT_03934,300.9
OUT_03935,362.75
OUT_03936,151.33
OUT_03937,229.06
OUT_03938,152.07
OUT_03939,1048.72
OUT_03940,247.43
OUT_03941,167.86
OUT_03942,270.53
OUT_03943,146.19
OUT_03944,2272.45
OUT_03945,144.93
OUT_03946,145.74
OUT_03947,373.05
OUT_03948,144.17
OUT_03949,153.73
OUT_03950,166.1
OUT_03951,132.74
OUT_03952,156.21
OUT_03953,335.67
OUT_03954,2249.63
OUT_03955,288.17
OUT_03956,153.41
OUT_03957,2215.35
OUT_03958,304.97
OUT_03959,2403.08
OUT_03960,835.35
OUT_03961,150.79
OUT_03962,153.64
OUT_03963,328.19
OUT_03964,292.85
OUT_03965,1312.24
OUT_03966,128.8
OUT_03967,2256.98
OUT_03968,207.89
OUT_03969,180.26
OUT_03970,111.75
OUT_03971,128.78
OUT_03972,925.41
OUT_03973,154.15
OUT_03974,268.12
OUT_03975,267.39
OUT_03976,200.62
OUT_03977,154.31
OUT_03978,185.27
OUT_03979,247.24
OUT_03980,1056.42
OUT_03981,321.93
OUT_03982,1016.26
OUT_03983,2143.58
OUT_03984,158.09
OUT_03985,278.39
OUT_03986,995.13
OUT_03987,146.81
OUT_03988,1210.39
OUT_03989,154.05
OUT_03990,134.59
OUT_03991,1013.06
OUT_03992,310.9
OUT_03993,308.14
OUT_03994,979.63
OUT_03995,173.88
OUT_03996,152.67
OUT_03997,291.51
OUT_03998,148.22
OUT_03999,2181.94
OUT_04000,144.57
OUT_04001,151.85
OUT_04002,169.1
OUT_04003,165.2
OUT_04004,142.48
OUT_04005,1241.29
OUT_04006,297.18
OUT_04007,241.71
OUT_04008,172.17
OUT_04009,914.99
OUT_04010,154.57
OUT_04011,238.49
OUT_04012,172.55
OUT_04013,1087.8
OUT_04014,125.61
OUT_04015,177.35
OUT_04016,166.49
OUT_04017,280.48
OUT_04018,250.76
OUT_04019,145.42
OUT_04020,161.58
OUT_04021,927.72
OUT_04022,161.02
OUT_04023,295.23
OUT_04024,143.01
OUT_04025,248.33
OUT_04026,1333.97
OUT_04027,2199.17
OUT_04028,165.73
OUT_04029,128.81
OUT_04030,147.38
OUT_04031,276.38
OUT_04032,394.29
OUT_04033,289.92
OUT_04034,319.51
OUT_04035,142.61
OUT_04036,136.43
OUT_04037,228.06
OUT_04038,144.98
OUT_04039,269.27
OUT_04040,120.5
OUT_04041,137.51
OUT_04042,134.24
OUT_04043,129.17
OUT_04044,975.29
OUT_04045,313.9
OUT_04046,230.19
OUT_04047,162.35
OUT_04048,993.09
OUT_04049,196.25
OUT_04050,1080.9
OUT_04051,153.29
OUT_04052,1044.85
OUT_04053,133.96
OUT_04054,162.85
OUT_04055,119.82
OUT_04056,2266.25
OUT_04057,276.86
OUT_04058,132.21
OUT_04059,943.29
OUT_04060,283.9
OUT_04061,1268.03
OUT_04062,1183.78
OUT_04063,942.25
OUT_04064,944.74
OUT_04065,185.52
OUT_04066,189.29
OUT_04067,251.69
OUT_04068,939.99
OUT_04069,344.09
OUT_04070,319.04
OUT_04071,942.02
OUT_04072,147.04
OUT_04073,137.13
OUT_04074,150.8
OUT_04075,287.37
OUT_04076,293.29
OUT_04077,158.08
OUT_04078,154.97
OUT_04079,148.73
OUT_04080,223.99
OUT_04081,145.18
OUT_04082,132.55
OUT_04083,293.61
OUT_04084,136.06
OUT_04085,171.16
OUT_04086,198.57
OUT_04087,303.04
OUT_04088,306.23
OUT_04089,143.44
OUT_04090,288.88
OUT_04091,151.91
OUT_04092,315.96
OUT_04093,150.78
OUT_04094,230.32
OUT_04095,172.67
OUT_04096,181.81
OUT_04097,1000.32
OUT_04098,270.25
OUT_04099,257.29
OUT_04100,153.41
OUT_04101,137.59
OUT_04102,1225.4
OUT_04103,152.74
OUT_04104,174.04
OUT_04105,242.55
OUT_04106,250.72
OUT_04107,275.93
OUT_04108,960.17
OUT_04109,147.29
OUT_04110,286.88
OUT_04111,946.8
OUT_04112,132.66
OUT_04113,147.91
OUT_04114,254.41
OUT_04115,251.06
OUT_04116,140.52
OUT_04117,145.14
OUT_04118,130.98
OUT_04119,899.84
OUT_04120,2266.48
OUT_04121,314.98
OUT_04122,273.63
OUT_04123,228.63
OUT_04124,144.14
OUT_04125,135.2
OUT_04126,254.59
OUT_04127,183.23
OUT_04128,2265.91
OUT_04129,186.12
OUT_04130,159.91
OUT_04131,978.12
OUT_04132,143.13
OUT_04133,274.57
OUT_04134,126.96
OUT_04135,266.01
OUT_04136,2430.02
OUT_04137,275.99
OUT_04138,157.04
OUT_04139,1043.18
OUT_04140,159.69
OUT_04141,128.8
OUT_04142,943.29
OUT_04143,927.78
OUT_04144,153.5
OUT_04145,181.93
OUT_04146,124.5
OUT_04147,146.1
OUT_04148,166.16
OUT_04149,131.08
OUT_04150,292.87
OUT_04151,235.74
OUT_04152,140.96
OUT_04153,169.96
OUT_04154,1038.7
OUT_04155,859.97
OUT_04156,107.38
OUT_04157,173.86
OUT_04158,170.3
OUT_04159,159.48
OUT_04160,143.51
OUT_04161,2330.62
OUT_04162,131.91
OUT_04163,159.22
OUT_04164,150.11
OUT_04165,973.98
OUT_04166,177.29
OUT_04167,129.31
OUT_04168,152.84
OUT_04169,148.74
OUT_04170,290.89
OUT_04171,2382.32
OUT_04172,127.78
OUT_04173,262.78
OUT_04174,934.4
OUT_04175,139.61
OUT_04176,246.69
OUT_04177,130.51
OUT_04178,156.19
OUT_04179,180.5
OUT_04180,285.35
OUT_04181,340.02
OUT_04182,143.0
OUT_04183,165.84
OUT_04184,154.43
OUT_04185,242.41
OUT_04186,152.18
OUT_04187,323.17
OUT_04188,141.07
OUT_04189,329.95
OUT_04190,878.73
OUT_04191,176.35
OUT_04192,151.14
OUT_04193,949.62
OUT_04194,1014.08
OUT_04195,189.51
OUT_04196,982.96
OUT_04197,148.26
OUT_04198,291.07
OUT_04199,2297.14
OUT_04200,285.13
OUT_04201,173.9
OUT_04202,174.63
OUT_04203,305.61
OUT_04204,144.39
OUT_04205,249.96
OUT_04206,2237.24
OUT_04207,261.92
OUT_04208,135.19
OUT_04209,162.58
OUT_04210,226.78
OUT_04211,189.16
OUT_04212,281.66
OUT_04213,151.48
OUT_04214,300.82
OUT_04215,226.15
OUT_04216,285.29
OUT_04217,981.31
OUT_04218,166.6
OUT_04219,173.52
OUT_04220,154.19
OUT_04221,920.37
OUT_04222,137.7
OUT_04223,146.04
OUT_04224,335.74
OUT_04225,151.37
OUT_04226,1007.34
OUT_04227,300.74
OUT_04228,138.75
OUT_04229,252.66
OUT_04230,159.34
OUT_04231,298.21
OUT_04232,939.83
OUT_04233,857.44
OUT_04234,151.41
OUT_04235,168.92
OUT_04236,239.87
OUT_04237,2134.24
OUT_04238,353.65
OUT_04239,2316.94
OUT_04240,153.68
OUT_04241,272.18
OUT_04242,132.49
OUT_04243,152.15
OUT_04244,178.95
OUT_04245,305.88
OUT_04246,156.02
OUT_04247,136.22
OUT_04248,155.07
OUT_04249,276.41
OUT_04250,929.07
OUT_04251,2347.04
OUT_04252,132.55
OUT_04253,130.02
OUT_04254,1122.63
OUT_04255,160.43
OUT_04256,302.97
OUT_04257,165.92
OUT_04258,279.53
OUT_04259,867.03
OUT_04260,2402.01
OUT_04261,995.31
OUT_04262,128.88
OUT_04263,305.19
OUT_04264,126.4
OUT_04265,149.94
OUT_04266,159.53
OUT_04267,140.33
OUT_04268,138.38
OUT_04269,1012.46
OUT_04270,313.42
OUT_04271,255.3
OUT_04272,295.23
OUT_04273,146.13
OUT_04274,325.02
OUT_04275,165.23
OUT_04276,273.19
OUT_04277,177.25
OUT_04278,171.55
OUT_04279,186.16
OUT_04280,296.56
OUT_04281,260.9
OUT_04282,921.53
OUT_04283,235.81
OUT_04284,144.85
OUT_04285,155.25
OUT_04286,302.47
OUT_04287,220.07
OUT_04288,159.27
OUT_04289,198.05
OUT_04290,147.13
OUT_04291,302.3
OUT_04292,162.73
OUT_04293,909.62
OUT_04294,273.75
OUT_04295,2226.2
OUT_04296,154.19
OUT_04297,134.2
OUT_04298,251.47
OUT_04299,352.51
OUT_04300,140.92
OUT_04301,173.91
OUT_04302,157.22
OUT_04303,146.57
OUT_04304,1240.71
OUT_04305,211.04
OUT_04306,130.2
OUT_04307,137.79
OUT_04308,136.25
OUT_04309,1001.43
OUT_04310,166.36
OUT_04311,149.89
OUT_04312,884.29
OUT_04313,163.48
OUT_04314,157.72
OUT_04315,142.51
OUT_04316,137.17
OUT_04317,310.68
OUT_04318,316.29
OUT_04319,195.37
OUT_04320,1078.9
OUT_04321,146.97
OUT_04322,1049.42
OUT_04323,173.63
OUT_04324,279.44
OUT_04325,151.75
OUT_04326,310.12
OUT_04327,138.78
OUT_04328,1028.3
OUT_04329,136.34
OUT_04330,338.02
OUT_04331,248.54
OUT_04332,162.96
OUT_04333,284.63
OUT_04334,304.83
OUT_04335,1235.54
OUT_04336,138.37
OUT_04337,165.31
OUT_04338,171.0
OUT_04339,156.3
OUT_04340,140.68
OUT_04341,141.82
OUT_04342,943.5
OUT_04343,151.1
OUT_04344,179.93
OUT_04345,139.84
OUT_04346,160.02
OUT_04347,988.68
OUT_04348,146.48
OUT_04349,1335.54
OUT_04350,320.33
OUT_04351,900.92
OUT_04352,267.24
OUT_04353,272.05
OUT_04354,135.19
OUT_04355,198.81
OUT_04356,939.77
OUT_04357,1031.79
OUT_04358,303.49
OUT_04359,2363.23
OUT_04360,260.35
OUT_04361,310.71
OUT_04362,166.45
OUT_04363,129.75
OUT_04364,134.93
OUT_04365,163.54
OUT_04366,156.45
OUT_04367,160.7
OUT_04368,2269.92
OUT_04369,256.72
OUT_04370,272.6
OUT_04371,172.05
OUT_04372,124.42
OUT_04373,258.18
OUT_04374,143.46
OUT_04375,146.34
OUT_04376,171.12
OUT_04377,149.82
OUT_04378,167.52
OUT_04379,172.44
OUT_04380,147.75
OUT_04381,159.05
OUT_04382,988.29
OUT_04383,159.07
OUT_04384,189.03
OUT_04385,930.29
OUT_04386,158.52
OUT_04387,279.16
OUT_04388,276.46
OUT_04389,167.86
OUT_04390,286.69
OUT_04391,255.02
OUT_04392,262.61
OUT_04393,2294.52
OUT_04394,193.85
OUT_04395,134.41
OUT_04396,150.46
OUT_04397,135.42
OUT_04398,113.15
OUT_04399,1004.25
OUT_04400,1031.03
OUT_04401,161.95
OUT_04402,950.97
OUT_04403,156.78
OUT_04404,1130.11
OUT_04405,884.39
OUT_04406,141.13
OUT_04407,273.96
OUT_04408,160.35
OUT_04409,2414.38
OUT_04410,160.79
OUT_04411,153.35
OUT_04412,166.89
OUT_04413,1018.0
OUT_04414,944.55
OUT_04415,976.68
OUT_04416,148.38
OUT_04417,290.31
OUT_04418,238.56
OUT_04419,137.46
OUT_04420,142.88
OUT_04421,108.58
OUT_04422,1057.69
OUT_04423,253.41
OUT_04424,251.4
OUT_04425,152.91
OUT_04426,165.88
OUT_04427,166.87
OUT_04428,144.66
OUT_04429,288.91
OUT_04430,310.39
OUT_04431,148.84
OUT_04432,271.61
OUT_04433,1050.11
OUT_04434,243.52
OUT_04435,976.41
OUT_04436,1050.43
OUT_04437,942.84
OUT_04438,1255.26
OUT_04439,1095.56
OUT_04440,231.22
OUT_04441,161.33
OUT_04442,877.9
OUT_04443,168.72
OUT_04444,245.59
OUT_04445,127.17
OUT_04446,384.73
OUT_04447,182.17
OUT_04448,249.68
OUT_04449,971.73
OUT_04450,286.87
OUT_04451,252.25
OUT_04452,126.58
OUT_04453,339.97
OUT_04454,316.23
OUT_04455,135.63
OUT_04456,122.38
OUT_04457,331.92
OUT_04458,295.4
OUT_04459,147.43
OUT_04460,273.47
OUT_04461,143.03
OUT_04462,136.68
OUT_04463,123.79
OUT_04464,167.32
OUT_04465,351.17
OUT_04466,290.91
OUT_04467,350.48
OUT_04468,192.47
OUT_04469,120.43
OUT_04470,132.48
OUT_04471,1359.59
OUT_04472,323.72
OUT_04473,143.7
OUT_04474,232.55
OUT_04475,118.4
OUT_04476,290.28
OUT_04477,118.65
OUT_04478,903.22
OUT_04479,249.68
OUT_04480,1005.14
OUT_04481,145.17
OUT_04482,288.29
OUT_04483,187.27
OUT_04484,318.97
OUT_04485,173.29
OUT_04486,149.64
OUT_04487,858.66
OUT_04488,140.91
OUT_04489,999.04
OUT_04490,136.9
OUT_04491,138.49
OUT_04492,1027.76
OUT_04493,169.51
OUT_04494,172.28
OUT_04495,177.65
OUT_04496,134.59
OUT_04497,261.84
OUT_04498,287.42
OUT_04499,150.13
OUT_04500,2206.52
OUT_04501,147.36
OUT_04502,277.75
OUT_04503,155.89
OUT_04504,183.99
OUT_04505,145.16
OUT_04506,289.23
OUT_04507,864.27
OUT_04508,149.82
OUT_04509,992.56
OUT_04510,285.49
OUT_04511,164.2
OUT_04512,145.98
OUT_04513,152.91
OUT_04514,960.63
OUT_04515,250.93
OUT_04516,246.45
OUT_04517,382.83
OUT_04518,307.45
OUT_04519,136.61
OUT_04520,1010.88
OUT_04521,132.23
OUT_04522,127.97
OUT_04523,1117.94
OUT_04524,132.2
OUT_04525,252.3
OUT_04526,1029.22
OUT_04527,152.75
OUT_04528,1008.72
OUT_04529,174.92
OUT_04530,159.43
OUT_04531,137.54
OUT_04532,134.42
OUT_04533,1062.15
OUT_04534,187.11
OUT_04535,297.69
OUT_04536,332.45
OUT_04537,140.48
OUT_04538,157.7
OUT_04539,141.01
OUT_04540,263.58
OUT_04541,273.67
OUT_04542,151.23
OUT_04543,174.04
OUT_04544,295.18
OUT_04545,165.06
OUT_04546,142.71
OUT_04547,240.29
OUT_04548,178.68
OUT_04549,156.6
OUT_04550,146.89
OUT_04551,272.98
OUT_04552,293.22
OUT_04553,250.85
OUT_04554,145.39
OUT_04555,145.97
OUT_04556,1091.22
OUT_04557,130.68
OUT_04558,304.61
OUT_04559,125.05
OUT_04560,1020.15
OUT_04561,244.35
OUT_04562,133.45
OUT_04563,132.47
OUT_04564,145.71
OUT_04565,325.71
OUT_04566,287.92
OUT_04567,192.15
OUT_04568,962.52
OUT_04569,2105.11
OUT_04570,182.86
OUT_04571,323.82
OUT_04572,163.89
OUT_04573,294.11
OUT_04574,144.52
OUT_04575,365.1
OUT_04576,1072.56
OUT_04577,123.17
OUT_04578,131.95
OUT_04579,165.03
OUT_04580,258.25
OUT_04581,321.28
OUT_04582,157.34
OUT_04583,282.37
OUT_04584,153.53
OUT_04585,154.47
OUT_04586,300.65
OUT_04587,161.03
OUT_04588,151.5
OUT_04589,176.58
OUT_04590,311.69
OUT_04591,142.9
OUT_04592,336.43
OUT_04593,2184.79
OUT_04594,993.65
OUT_04595,298.81
OUT_04596,153.19
OUT_04597,133.93
OUT_04598,867.19
OUT_04599,256.98
OUT_04600,124.8
OUT_04601,144.35
OUT_04602,167.42
OUT_04603,303.56
OUT_04604,133.2
OUT_04605,166.19
OUT_04606,990.8
OUT_04607,308.73
OUT_04608,136.85
OUT_04609,2316.53
OUT_04610,1013.84
OUT_04611,1038.75
OUT_04612,999.41
OUT_04613,921.3
OUT_04614,127.33
OUT_04615,1079.32
OUT_04616,142.38
OUT_04617,241.51
OUT_04618,316.09
OUT_04619,263.15
OUT_04620,979.05
OUT_04621,285.24
OUT_04622,157.99
OUT_04623,136.14
OUT_04624,131.62
OUT_04625,166.87
OUT_04626,1081.15
OUT_04627,316.25
OUT_04628,228.04
OUT_04629,281.28
OUT_04630,248.5
OUT_04631,157.52
OUT_04632,166.58
OUT_04633,336.0
OUT_04634,278.19
OUT_04635,130.12
OUT_04636,161.89
OUT_04637,160.57
OUT_04638,175.79
OUT_04639,143.03
OUT_04640,2444.78
OUT_04641,338.06
OUT_04642,144.06
OUT_04643,175.5
OUT_04644,993.19
OUT_04645,141.77
OUT_04646,148.2
OUT_04647,156.35
OUT_04648,248.12
OUT_04649,161.09
OUT_04650,147.28
OUT_04651,1343.24
OUT_04652,99.83
OUT_04653,142.5
OUT_04654,145.48
OUT_04655,114.33
OUT_04656,151.26
OUT_04657,142.47
OUT_04658,146.38
OUT_04659,163.78
OUT_04660,181.61
OUT_04661,258.59
OUT_04662,153.64
OUT_04663,148.89
OUT_04664,1182.13
OUT_04665,133.32
OUT_04666,177.96
OUT_04667,947.12
OUT_04668,123.38
OUT_04669,298.75
OUT_04670,154.21
OUT_04671,287.36
OUT_04672,236.17
OUT_04673,158.93
OUT_04674,177.14
OUT_04675,249.1
OUT_04676,1202.05
OUT_04677,178.71
OUT_04678,2293.31
OUT_04679,913.74
OUT_04680,138.75
OUT_04681,257.94
OUT_04682,162.75
OUT_04683,311.06
OUT_04684,150.83
OUT_04685,258.36
OUT_04686,284.25
OUT_04687,127.42
OUT_04688,147.75
OUT_04689,138.48
OUT_04690,138.57
OUT_04691,115.18
OUT_04692,177.11
OUT_04693,142.45
OUT_04694,1043.9
OUT_04695,272.8
OUT_04696,158.67
OUT_04697,264.91
OUT_04698,180.31
OUT_04699,308.53
OUT_04700,322.92
OUT_04701,937.9
OUT_04702,350.6
OUT_04703,898.82
OUT_04704,909.28
OUT_04705,164.69
OUT_04706,864.75
OUT_04707,275.37
OUT_04708,164.18
OUT_04709,170.01
OUT_04710,257.49
OUT_04711,145.13
OUT_04712,167.83
OUT_04713,936.04
OUT_04714,1135.43
OUT_04715,167.14
OUT_04716,267.43
OUT_04717,149.72
OUT_04718,890.95
OUT_04719,164.83
OUT_04720,165.43
OUT_04721,275.97
OUT_04722,177.56
OUT_04723,210.29
OUT_04724,1001.63
OUT_04725,148.02
OUT_04726,274.64
OUT_04727,132.69
OUT_04728,256.61
OUT_04729,289.23
OUT_04730,203.92
OUT_04731,271.38
OUT_04732,139.79
OUT_04733,1003.97
OUT_04734,980.57
OUT_04735,109.76
OUT_04736,364.25
OUT_04737,929.08
OUT_04738,127.97
OUT_04739,111.5
OUT_04740,131.69
OUT_04741,169.55
OUT_04742,934.15
OUT_04743,263.99
OUT_04744,275.3
OUT_04745,145.73
OUT_04746,893.79
OUT_04747,239.98
OUT_04748,149.75
OUT_04749,150.09
OUT_04750,138.81
OUT_04751,962.21
OUT_04752,2354.81
OUT_04753,257.19
OUT_04754,348.29
OUT_04755,235.42
OUT_04756,278.34
OUT_04757,166.92
OUT_04758,990.91
OUT_04759,132.64
OUT_04760,148.2
OUT_04761,326.02
OUT_04762,147.55
OUT_04763,145.82
OUT_04764,123.26
OUT_04765,288.12
OUT_04766,788.9
OUT_04767,158.31
OUT_04768,1086.26
OUT_04769,189.26
OUT_04770,132.56
OUT_04771,143.73
OUT_04772,1006.98
OUT_04773,134.82
OUT_04774,270.84
OUT_04775,157.15
OUT_04776,275.38
OUT_04777,135.74
OUT_04778,176.84
OUT_04779,340.48
OUT_04780,156.18
OUT_04781,250.43
OUT_04782,305.2
OUT_04783,296.25
OUT_04784,236.59
OUT_04785,250.6
OUT_04786,310.82
OUT_04787,163.92
OUT_04788,256.33
OUT_04789,197.25
OUT_04790,2304.13
OUT_04791,881.32
OUT_04792,124.69
OUT_04793,168.46
OUT_04794,178.32
OUT_04795,1070.69
OUT_04796,265.36
OUT_04797,150.91
OUT_04798,887.08
OUT_04799,120.82
OUT_04800,154.73
OUT_04801,122.88
OUT_04802,154.44
OUT_04803,190.93
OUT_04804,952.16
OUT_04805,151.28
OUT_04806,152.12
OUT_04807,313.31
OUT_04808,1013.4
OUT_04809,150.1
OUT_04810,291.02
OUT_04811,996.77
OUT_04812,2370.12
OUT_04813,143.94
OUT_04814,1209.02
OUT_04815,121.97
OUT_04816,144.03
OUT_04817,153.6
OUT_04818,256.61
OUT_04819,2449.46
OUT_04820,145.18
OUT_04821,171.54
OUT_04822,171.29
OUT_04823,318.61
OUT_04824,149.97
OUT_04825,133.49
OUT_04826,161.05
OUT_04827,133.15
OUT_04828,138.43
OUT_04829,133.1
OUT_04830,1222.75
OUT_04831,150.3
OUT_04832,301.48
OUT_04833,341.86
OUT_04834,163.11
OUT_04835,2531.35
OUT_04836,256.79
OUT_04837,130.04
OUT_04838,122.86
OUT_04839,128.47
OUT_04840,158.89
OUT_04841,180.07
OUT_04842,146.22
OUT_04843,142.46
OUT_04844,932.26
OUT_04845,133.45
OUT_04846,138.47
OUT_04847,133.92
OUT_04848,242.43
OUT_04849,327.14
OUT_04850,172.11
OUT_04851,333.13
OUT_04852,236.86
OUT_04853,2349.88
OUT_04854,901.89
OUT_04855,163.32
OUT_04856,270.36
OUT_04857,857.75
OUT_04858,158.88
OUT_04859,279.72
OUT_04860,249.48
OUT_04861,276.0
OUT_04862,256.19
OUT_04863,159.17
OUT_04864,247.02
OUT_04865,295.65
OUT_04866,261.32
OUT_04867,160.48
OUT_04868,323.66
OUT_04869,933.79
OUT_04870,164.72
OUT_04871,159.46
OUT_04872,285.56
OUT_04873,1035.33
OUT_04874,159.83
OUT_04875,154.36
OUT_04876,244.17
OUT_04877,145.11
OUT_04878,138.98
OUT_04879,2233.29
OUT_04880,131.96
OUT_04881,139.73
OUT_04882,295.0
OUT_04883,160.05
OUT_04884,171.73
OUT_04885,1046.46
OUT_04886,256.81
OUT_04887,908.54
OUT_04888,142.13
OUT_04889,149.86
OUT_04890,131.74
OUT_04891,301.04
OUT_04892,899.44
OUT_04893,277.45
OUT_04894,151.0
OUT_04895,162.09
OUT_04896,167.93
OUT_04897,163.84
OUT_04898,1065.66
OUT_04899,279.76
OUT_04900,153.5
OUT_04901,282.17
OUT_04902,139.14
OUT_04903,260.46
OUT_04904,288.74
OUT_04905,153.61
OUT_04906,158.04
OUT_04907,156.66
OUT_04908,138.07
OUT_04909,161.46
OUT_04910,275.89
OUT_04911,161.24
OUT_04912,242.61
OUT_04913,942.89
OUT_04914,262.61
OUT_04915,137.67
OUT_04916,139.09
OUT_04917,256.88
OUT_04918,137.18
OUT_04919,2158.46
OUT_04920,281.02
OUT_04921,153.68
OUT_04922,281.33
OUT_04923,149.43
OUT_04924,995.65
OUT_04925,1071.91
OUT_04926,131.86
OUT_04927,233.19
OUT_04928,225.88
OUT_04929,300.08
OUT_04930,145.3
OUT_04931,136.05
OUT_04932,254.69
OUT_04933,130.73
OUT_04934,141.33
OUT_04935,138.53
OUT_04936,278.12
OUT_04937,270.0
OUT_04938,137.72
OUT_04939,181.4
OUT_04940,124.84
OUT_04941,919.55
OUT_04942,1068.28
OUT_04943,175.76
OUT_04944,997.42
OUT_04945,285.7
OUT_04946,133.39
OUT_04947,924.34
OUT_04948,139.47
OUT_04949,279.45
OUT_04950,326.72
OUT_04951,168.12
OUT_04952,303.42
OUT_04953,937.75
OUT_04954,276.14
OUT_04955,119.3
OUT_04956,157.17
OUT_04957,134.43
OUT_04958,140.95
OUT_04959,298.28
OUT_04960,202.65
OUT_04961,138.85
OUT_04962,2166.9
OUT_04963,315.62
OUT_04964,172.41
OUT_04965,149.17
OUT_04966,164.7
OUT_04967,154.24
OUT_04968,271.94
OUT_04969,291.61
OUT_04970,130.44
OUT_04971,1320.84
OUT_04972,284.31
OUT_04973,986.35
OUT_04974,234.97
OUT_04975,142.89
OUT_04976,129.56
OUT_04977,135.51
OUT_04978,284.12
OUT_04979,2302.1
OUT_04980,232.78
OUT_04981,160.6
OUT_04982,259.04
OUT_04983,920.76
OUT_04984,139.42
OUT_04985,1149.85
OUT_04986,299.03
OUT_04987,177.77
OUT_04988,163.06
OUT_04989,146.84
OUT_04990,291.86
OUT_04991,111.07
OUT_04992,928.47
OUT_04993,137.69
OUT_04994,270.06
OUT_04995,152.74
OUT_04996,320.3
OUT_04997,133.07
OUT_04998,149.98
OUT_04999,255.01
OUT_05000,142.07
OUT_05001,135.66
OUT_05002,143.67
OUT_05003,151.63
OUT_05004,164.15
OUT_05005,280.84
OUT_05006,166.21
OUT_05007,2246.46
OUT_05008,137.78
OUT_05009,159.6
OUT_05010,155.32
OUT_05011,292.63
OUT_05012,138.42
OUT_05013,165.92
OUT_05014,316.07
OUT_05015,231.89
OUT_05016,310.15
OUT_05017,149.31
OUT_05018,232.13
OUT_05019,156.44
OUT_05020,177.74
OUT_05021,244.13
OUT_05022,125.46
OUT_05023,177.01
OUT_05024,284.73
OUT_05025,165.33
OUT_05026,287.29
OUT_05027,155.41
OUT_05028,158.06
OUT_05029,287.01
OUT_05030,171.21
OUT_05031,146.27
OUT_05032,163.34
OUT_05033,172.28
OUT_05034,273.34
OUT_05035,164.38
OUT_05036,175.04
OUT_05037,132.44
OUT_05038,144.0
OUT_05039,152.87
OUT_05040,133.18
OUT_05041,141.22
OUT_05042,153.91
OUT_05043,139.72
OUT_05044,289.27
OUT_05045,972.66
OUT_05046,1182.31
OUT_05047,159.22
OUT_05048,161.36
OUT_05049,169.54
OUT_05050,2171.1
OUT_05051,126.76
OUT_05052,924.88
OUT_05053,171.6
OUT_05054,134.08
OUT_05055,152.22
OUT_05056,299.24
OUT_05057,271.26
OUT_05058,159.37
OUT_05059,266.83
OUT_05060,131.25
OUT_05061,156.79
OUT_05062,140.93
OUT_05063,133.86
OUT_05064,309.08
OUT_05065,253.45
OUT_05066,295.92
OUT_05067,154.47
OUT_05068,147.12
OUT_05069,148.49
OUT_05070,291.07
OUT_05071,2360.84
OUT_05072,165.48
OUT_05073,260.69
OUT_05074,122.18
OUT_05075,131.26
OUT_05076,153.04
OUT_05077,117.62
OUT_05078,315.8
OUT_05079,1088.57
OUT_05080,248.79
OUT_05081,157.2
OUT_05082,248.27
OUT_05083,292.97
OUT_05084,269.84
OUT_05085,206.21
OUT_05086,158.15
OUT_05087,273.83
OUT_05088,172.47
OUT_05089,269.32
OUT_05090,307.82
OUT_05091,998.7
OUT_05092,2440.2
OUT_05093,275.51
OUT_05094,265.42
OUT_05095,2363.11
OUT_05096,147.23
OUT_05097,871.24
OUT_05098,153.9
OUT_05099,146.54
OUT_05100,181.54
OUT_05101,925.27
OUT_05102,291.74
OUT_05103,140.63
OUT_05104,1242.75
OUT_05105,161.04
OUT_05106,170.89
OUT_05107,295.71
OUT_05108,148.98
OUT_05109,130.74
OUT_05110,164.21
OUT_05111,132.28
OUT_05112,280.9
OUT_05113,165.21
OUT_05114,130.47
OUT_05115,1167.61
OUT_05116,269.89
OUT_05117,154.81
OUT_05118,233.2
OUT_05119,135.95
OUT_05120,2405.07
OUT_05121,142.79
OUT_05122,951.92
OUT_05123,243.22
OUT_05124,290.94
OUT_05125,168.43
OUT_05126,149.16
OUT_05127,153.18
OUT_05128,284.79
OUT_05129,294.26
OUT_05130,888.31
OUT_05131,344.81
OUT_05132,141.24
OUT_05133,2320.24
OUT_05134,294.82
OUT_05135,199.13
OUT_05136,241.28
OUT_05137,150.55
OUT_05138,151.03
OUT_05139,144.08
OUT_05140,130.75
OUT_05141,324.54
OUT_05142,1264.75
OUT_05143,247.67
OUT_05144,151.39
OUT_05145,152.51
OUT_05146,182.72
OUT_05147,305.32
OUT_05148,143.12
OUT_05149,236.35
OUT_05150,312.65
OUT_05151,152.49
OUT_05152,157.58
OUT_05153,138.29
OUT_05154,145.12
OUT_05155,291.09
OUT_05156,2220.9
OUT_05157,2351.64
OUT_05158,128.16
OUT_05159,267.88
OUT_05160,155.01
OUT_05161,843.01
OUT_05162,988.52
OUT_05163,289.93
OUT_05164,140.8
OUT_05165,143.88
OUT_05166,943.22
OUT_05167,285.89
OUT_05168,991.52
OUT_05169,146.29
OUT_05170,1098.83
OUT_05171,150.8
OUT_05172,140.45
OUT_05173,146.55
OUT_05174,285.33
OUT_05175,947.07
OUT_05176,999.47
OUT_05177,153.32
OUT_05178,1024.62
OUT_05179,160.65
OUT_05180,158.39
OUT_05181,2128.2
OUT_05182,146.12
OUT_05183,272.04
OUT_05184,162.84
OUT_05185,910.3
OUT_05186,1185.24
OUT_05187,276.04
OUT_05188,1341.27
OUT_05189,150.21
OUT_05190,170.73
OUT_05191,135.66
OUT_05192,289.37
OUT_05193,166.39
OUT_05194,264.31
OUT_05195,300.23
OUT_05196,135.8
OUT_05197,967.84
OUT_05198,2225.83
OUT_05199,288.59
OUT_05200,134.72
OUT_05201,1016.81
OUT_05202,138.85
OUT_05203,329.09
OUT_05204,2295.9
OUT_05205,2127.27
OUT_05206,164.34
OUT_05207,259.87
OUT_05208,154.11
OUT_05209,138.16
OUT_05210,161.25
OUT_05211,313.58
OUT_05212,152.72
OUT_05213,135.65
OUT_05214,148.02
OUT_05215,159.61
OUT_05216,909.05
OUT_05217,135.74
OUT_05218,258.32
OUT_05219,121.91
OUT_05220,258.02
OUT_05221,221.81
OUT_05222,997.85
OUT_05223,182.64
OUT_05224,124.64
OUT_05225,248.48
OUT_05226,162.61
OUT_05227,151.43
OUT_05228,143.6
OUT_05229,139.7
OUT_05230,2368.27
OUT_05231,1031.56
OUT_05232,249.86
OUT_05233,1055.71
OUT_05234,303.4
OUT_05235,127.95
OUT_05236,155.87
OUT_05237,241.92
OUT_05238,155.29
OUT_05239,285.36
OUT_05240,307.21
OUT_05241,147.41
OUT_05242,138.06
OUT_05243,241.34
OUT_05244,285.63
OUT_05245,143.11
OUT_05246,131.83
OUT_05247,131.78
OUT_05248,280.97
OUT_05249,285.26
OUT_05250,2344.31
OUT_05251,143.88
OUT_05252,131.57
OUT_05253,301.15
OUT_05254,139.05
OUT_05255,992.86
OUT_05256,1004.34
OUT_05257,1221.61
OUT_05258,168.45
OUT_05259,1011.35
OUT_05260,235.19
OUT_05261,164.0
OUT_05262,138.68
OUT_05263,132.45
OUT_05264,882.65
OUT_05265,313.13
OUT_05266,155.43
OUT_05267,280.21
OUT_05268,153.25
OUT_05269,2267.02
OUT_05270,401.54
OUT_05271,936.55
OUT_05272,977.23
OUT_05273,162.58
OUT_05274,276.78
OUT_05275,158.65
OUT_05276,152.67
OUT_05277,150.89
OUT_05278,131.37
OUT_05279,107.9
OUT_05280,2490.53
OUT_05281,345.13
OUT_05282,270.02
OUT_05283,291.91
OUT_05284,152.32
OUT_05285,149.61
OUT_05286,1014.49
OUT_05287,1051.04
OUT_05288,147.81
OUT_05289,313.55
OUT_05290,261.57
OUT_05291,170.32
OUT_05292,923.71
OUT_05293,174.59
OUT_05294,165.48
OUT_05295,286.69
OUT_05296,129.7
OUT_05297,2286.91
OUT_05298,152.4
OUT_05299,977.96
OUT_05300,242.83
OUT_05301,288.4
OUT_05302,1022.25
OUT_05303,137.12
OUT_05304,184.49
OUT_05305,372.39
OUT_05306,175.05
OUT_05307,173.54
OUT_05308,140.26
OUT_05309,139.68
OUT_05310,153.12
OUT_05311,361.58
OUT_05312,130.11
OUT_05313,160.05
OUT_05314,273.67
OUT_05315,184.5
OUT_05316,291.53
OUT_05317,158.98
OUT_05318,901.58
OUT_05319,298.56
OUT_05320,273.08
OUT_05321,248.16
OUT_05322,136.92
OUT_05323,140.69
OUT_05324,288.56
OUT_05325,1046.7
OUT_05326,147.43
OUT_05327,153.95
OUT_05328,324.99
OUT_05329,902.76
OUT_05330,151.89
OUT_05331,157.87
OUT_05332,925.17
OUT_05333,941.47
OUT_05334,163.85
OUT_05335,249.52
OUT_05336,244.74
OUT_05337,290.05
OUT_05338,145.37
OUT_05339,120.46
OUT_05340,1059.33
OUT_05341,124.13
OUT_05342,236.68
OUT_05343,302.41
OUT_05344,261.44
OUT_05345,136.66
OUT_05346,131.76
OUT_05347,137.48
OUT_05348,167.65
OUT_05349,1020.72
OUT_05350,256.96
OUT_05351,1231.09
OUT_05352,253.15
OUT_05353,157.13
OUT_05354,262.2
OUT_05355,2236.78
OUT_05356,156.1
OUT_05357,1271.77
OUT_05358,1047.58
OUT_05359,158.57
OUT_05360,230.25
OUT_05361,120.76
OUT_05362,270.39
OUT_05363,161.34
OUT_05364,164.71
OUT_05365,127.3
OUT_05366,2222.87
OUT_05367,302.21
OUT_05368,156.31
OUT_05369,238.5
OUT_05370,155.18
OUT_05371,134.99
OUT_05372,269.48
OUT_05373,297.64
OUT_05374,161.56
OUT_05375,1194.35
OUT_05376,174.8
OUT_05377,908.9
OUT_05378,142.98
OUT_05379,305.85
OUT_05380,122.79
OUT_05381,147.29
OUT_05382,165.09
OUT_05383,170.29
OUT_05384,979.54
OUT_05385,292.99
OUT_05386,149.79
OUT_05387,2405.14
OUT_05388,157.26
OUT_05389,129.16
OUT_05390,154.78
OUT_05391,154.27
OUT_05392,295.66
OUT_05393,304.03
OUT_05394,137.88
OUT_05395,179.96
OUT_05396,367.26
OUT_05397,147.75
OUT_05398,165.49
OUT_05399,149.48
OUT_05400,155.09
OUT_05401,340.37
OUT_05402,260.88
OUT_05403,1066.41
OUT_05404,297.37
OUT_05405,239.68
OUT_05406,289.45
OUT_05407,936.93
OUT_05408,185.24
OUT_05409,306.84
OUT_05410,974.92
OUT_05411,131.96
OUT_05412,1068.56
OUT_05413,150.79
OUT_05414,125.75
OUT_05415,313.16
OUT_05416,320.43
OUT_05417,155.82
OUT_05418,1249.04
OUT_05419,239.43
OUT_05420,159.7
OUT_05421,166.03
OUT_05422,164.75
OUT_05423,147.21
OUT_05424,316.09
OUT_05425,168.62
OUT_05426,2143.56
OUT_05427,922.38
OUT_05428,1052.61
OUT_05429,130.88
OUT_05430,2375.16
OUT_05431,283.95
OUT_05432,156.57
OUT_05433,150.62
OUT_05434,175.78
OUT_05435,268.34
OUT_05436,164.75
OUT_05437,177.38
OUT_05438,154.68
OUT_05439,261.22
OUT_05440,155.77
OUT_05441,140.1
OUT_05442,1036.75
OUT_05443,315.79
OUT_05444,153.42
OUT_05445,281.69
OUT_05446,164.64
OUT_05447,266.43
OUT_05448,976.78
OUT_05449,143.1
OUT_05450,291.33
OUT_05451,377.26
OUT_05452,913.98
OUT_05453,2391.22
OUT_05454,274.05
OUT_05455,198.35
OUT_05456,320.2
OUT_05457,155.77
OUT_05458,331.63
OUT_05459,912.02
OUT_05460,164.19
OUT_05461,323.43
OUT_05462,238.6
OUT_05463,138.47
OUT_05464,152.17
OUT_05465,2194.33
OUT_05466,289.89
OUT_05467,146.83
OUT_05468,188.13
OUT_05469,141.37
OUT_05470,2354.27
OUT_05471,127.0
OUT_05472,149.43
OUT_05473,287.51
OUT_05474,141.85
OUT_05475,141.4
OUT_05476,138.54
OUT_05477,143.06
OUT_05478,885.52
OUT_05479,180.93
OUT_05480,141.43
OUT_05481,165.79
OUT_05482,1311.22
OUT_05483,1177.98
OUT_05484,132.33
OUT_05485,2130.99
OUT_05486,910.08
OUT_05487,257.23
OUT_05488,276.13
OUT_05489,152.78
OUT_05490,871.16
OUT_05491,144.82
OUT_05492,274.51
OUT_05493,1060.99
OUT_05494,307.28
OUT_05495,1223.18
OUT_05496,147.58
OUT_05497,925.21
OUT_05498,162.0
OUT_05499,127.96
OUT_05500,270.15
OUT_05501,972.57
OUT_05502,121.32
OUT_05503,133.83
OUT_05504,294.95
OUT_05505,352.48
OUT_05506,275.75
OUT_05507,117.43
OUT_05508,965.87
OUT_05509,318.96
OUT_05510,148.86
OUT_05511,1043.7
OUT_05512,284.73
OUT_05513,152.74
OUT_05514,967.72
OUT_05515,132.41
OUT_05516,285.0
OUT_05517,159.19
OUT_05518,141.49
OUT_05519,162.08
OUT_05520,140.81
OUT_05521,152.88
OUT_05522,285.7
OUT_05523,879.13
OUT_05524,162.38
OUT_05525,293.61
OUT_05526,163.02
OUT_05527,125.95
OUT_05528,171.1
OUT_05529,165.81
OUT_05530,301.41
OUT_05531,146.99
OUT_05532,286.84
OUT_05533,163.58
OUT_05534,144.15
OUT_05535,280.95
OUT_05536,322.59
OUT_05537,1063.24
OUT_05538,316.58
OUT_05539,126.23
OUT_05540,1240.1
OUT_05541,173.5
OUT_05542,1248.94
OUT_05543,1115.99
OUT_05544,144.69
OUT_05545,324.88
OUT_05546,153.4
OUT_05547,163.06
OUT_05548,167.81
OUT_05549,146.49
OUT_05550,132.75
OUT_05551,929.16
OUT_05552,894.84
OUT_05553,301.68
OUT_05554,151.8
OUT_05555,1024.98
OUT_05556,146.35
OUT_05557,150.06
OUT_05558,165.4
OUT_05559,152.49
OUT_05560,270.43
OUT_05561,186.39
OUT_05562,273.13
OUT_05563,259.83
OUT_05564,2211.3
OUT_05565,931.73
OUT_05566,114.86
OUT_05567,158.67
OUT_05568,369.77
OUT_05569,889.52
OUT_05570,130.66
OUT_05571,1040.26
OUT_05572,126.1
OUT_05573,326.12
OUT_05574,153.15
OUT_05575,995.39
OUT_05576,944.01
OUT_05577,1000.89
OUT_05578,2443.04
OUT_05579,868.89
OUT_05580,340.18
OUT_05581,148.79
OUT_05582,165.64
OUT_05583,157.2
OUT_05584,244.69
OUT_05585,299.32
OUT_05586,307.28
OUT_05587,241.04
OUT_05588,227.24
OUT_05589,151.69
OUT_05590,236.5
OUT_05591,272.68
OUT_05592,2313.51
OUT_05593,1098.34
OUT_05594,249.19
OUT_05595,174.89
OUT_05596,168.88
OUT_05597,2356.88
OUT_05598,336.64
OUT_05599,112.95
OUT_05600,157.05
OUT_05601,193.33
OUT_05602,142.8
OUT_05603,191.03
OUT_05604,1214.03
OUT_05605,161.27
OUT_05606,2261.89
OUT_05607,279.36
OUT_05608,253.88
OUT_05609,323.54
OUT_05610,166.78
OUT_05611,123.03
OUT_05612,129.0
OUT_05613,903.85
OUT_05614,145.16
OUT_05615,357.32
OUT_05616,249.22
OUT_05617,161.87
OUT_05618,282.93
OUT_05619,897.81
OUT_05620,1094.87
OUT_05621,1055.54
OUT_05622,157.35
OUT_05623,171.92
OUT_05624,167.29
OUT_05625,185.01
OUT_05626,1104.01
OUT_05627,147.21
OUT_05628,173.9
OUT_05629,122.92
OUT_05630,292.93
OUT_05631,164.27
OUT_05632,255.75
OUT_05633,303.7
OUT_05634,122.71
OUT_05635,148.56
OUT_05636,122.41
OUT_05637,148.53
OUT_05638,314.39
OUT_05639,930.18
OUT_05640,967.11
OUT_05641,159.34
OUT_05642,144.99
OUT_05643,150.25
OUT_05644,266.92
OUT_05645,288.55
OUT_05646,144.9
OUT_05647,302.88
OUT_05648,130.2
OUT_05649,139.19
OUT_05650,196.96
OUT_05651,239.16
OUT_05652,249.37
OUT_05653,146.71
OUT_05654,157.11
OUT_05655,949.73
OUT_05656,322.99
OUT_05657,933.91
OUT_05658,1011.56
OUT_05659,153.45
OUT_05660,126.54
OUT_05661,272.93
OUT_05662,135.32
OUT_05663,160.71
OUT_05664,951.12
OUT_05665,173.06
OUT_05666,167.2
OUT_05667,317.26
OUT_05668,173.87
OUT_05669,138.7
OUT_05670,330.89
OUT_05671,280.89
OUT_05672,132.55
OUT_05673,152.96
OUT_05674,174.98
OUT_05675,147.6
OUT_05676,262.93
OUT_05677,240.04
OUT_05678,114.83
OUT_05679,308.22
OUT_05680,119.44
OUT_05681,162.65
OUT_05682,938.12
OUT_05683,116.49
OUT_05684,283.8
OUT_05685,295.01
OUT_05686,161.91
OUT_05687,132.54
OUT_05688,287.7
OUT_05689,270.33
OUT_05690,225.3
OUT_05691,883.02
OUT_05692,1212.22
OUT_05693,257.4
OUT_05694,2377.72
OUT_05695,155.16
OUT_05696,190.3
OUT_05697,181.58
OUT_05698,250.63
OUT_05699,2389.34
OUT_05700,164.6
OUT_05701,139.84
OUT_05702,163.12
OUT_05703,1234.75
OUT_05704,139.37
OUT_05705,133.17
OUT_05706,146.72
OUT_05707,133.98
OUT_05708,190.37
OUT_05709,263.95
OUT_05710,144.63
OUT_05711,958.62
OUT_05712,160.86
OUT_05713,126.86
OUT_05714,252.33
OUT_05715,134.92
OUT_05716,977.31
OUT_05717,154.99
OUT_05718,1186.25
OUT_05719,252.08
OUT_05720,137.99
OUT_05721,137.6
OUT_05722,278.77
OUT_05723,121.98
OUT_05724,170.74
OUT_05725,137.59
OUT_05726,288.22
OUT_05727,2325.95
OUT_05728,172.26
OUT_05729,186.16
OUT_05730,124.78
OUT_05731,168.22
OUT_05732,1019.54
OUT_05733,1000.77
OUT_05734,147.52
OUT_05735,155.92
OUT_05736,238.06
OUT_05737,145.02
OUT_05738,143.0
OUT_05739,315.75
OUT_05740,320.87
OUT_05741,170.82
OUT_05742,328.36
OUT_05743,2346.03
OUT_05744,335.84
OUT_05745,128.38
OUT_05746,152.78
OUT_05747,172.14
OUT_05748,139.14
OUT_05749,283.98
OUT_05750,258.39
OUT_05751,148.32
OUT_05752,307.38
OUT_05753,187.73
OUT_05754,259.91
OUT_05755,127.66
OUT_05756,286.94
OUT_05757,2402.38
OUT_05758,273.82
OUT_05759,171.98
OUT_05760,168.31
OUT_05761,238.93
OUT_05762,254.29
OUT_05763,122.28
OUT_05764,280.44
OUT_05765,230.19
OUT_05766,145.19
OUT_05767,157.0
OUT_05768,160.34
OUT_05769,278.2
OUT_05770,270.78
OUT_05771,153.26
OUT_05772,278.06
OUT_05773,302.99
OUT_05774,261.35
OUT_05775,164.11
OUT_05776,2382.9
OUT_05777,1245.44
OUT_05778,273.68
OUT_05779,179.85
OUT_05780,159.64
OUT_05781,167.7
OUT_05782,314.09
OUT_05783,257.7
OUT_05784,114.49
OUT_05785,170.19
OUT_05786,1026.3
OUT_05787,144.18
OUT_05788,124.66
OUT_05789,138.81
OUT_05790,255.52
OUT_05791,164.47
OUT_05792,325.97
OUT_05793,155.15
OUT_05794,141.36
OUT_05795,144.58
OUT_05796,139.35
OUT_05797,286.49
OUT_05798,280.65
OUT_05799,164.33
OUT_05800,298.53
OUT_05801,278.37
OUT_05802,232.14
OUT_05803,1237.66
OUT_05804,1171.76
OUT_05805,164.85
OUT_05806,281.45
OUT_05807,161.23
OUT_05808,136.05
OUT_05809,356.44
OUT_05810,143.42
OUT_05811,244.46
OUT_05812,153.0
OUT_05813,1115.42
OUT_05814,959.38
OUT_05815,338.45
OUT_05816,354.43
OUT_05817,162.23
OUT_05818,288.24
OUT_05819,158.56
OUT_05820,142.04
OUT_05821,139.19
OUT_05822,260.18
OUT_05823,166.42
OUT_05824,1020.64
OUT_05825,2307.46
OUT_05826,175.09
OUT_05827,144.04
OUT_05828,163.93
OUT_05829,291.73
OUT_05830,301.01
OUT_05831,257.85
OUT_05832,147.26
OUT_05833,138.96
OUT_05834,224.77
OUT_05835,144.48
OUT_05836,248.3
OUT_05837,261.2
OUT_05838,2201.34
OUT_05839,140.08
OUT_05840,143.72
OUT_05841,177.55
OUT_05842,141.76
OUT_05843,975.29
OUT_05844,147.87
OUT_05845,252.56
OUT_05846,1036.58
OUT_05847,1037.3
OUT_05848,154.13
OUT_05849,1027.49
OUT_05850,262.51
OUT_05851,125.16
OUT_05852,1019.73
OUT_05853,165.02
OUT_05854,901.85
OUT_05855,239.99
OUT_05856,346.97
OUT_05857,167.75
OUT_05858,169.65
OUT_05859,158.71
OUT_05860,161.01
OUT_05861,150.49
OUT_05862,137.15
OUT_05863,115.13
OUT_05864,144.42
OUT_05865,134.93
OUT_05866,136.74
OUT_05867,297.39
OUT_05868,261.74
OUT_05869,171.23
OUT_05870,942.47
OUT_05871,281.57
OUT_05872,171.17
OUT_05873,265.2
OUT_05874,156.67
OUT_05875,289.52
OUT_05876,121.73
OUT_05877,258.6
OUT_05878,144.98
OUT_05879,1057.45
OUT_05880,154.94
OUT_05881,163.42
OUT_05882,291.19
OUT_05883,230.76
OUT_05884,326.71
OUT_05885,310.57
OUT_05886,290.52
OUT_05887,285.41
OUT_05888,150.85
OUT_05889,269.22
OUT_05890,1020.34
OUT_05891,136.21
OUT_05892,1031.0
OUT_05893,296.92
OUT_05894,948.48
OUT_05895,185.37
OUT_05896,149.45
OUT_05897,141.13
OUT_05898,152.6
OUT_05899,900.87
OUT_05900,284.12
OUT_05901,159.87
OUT_05902,260.73
OUT_05903,2175.48
OUT_05904,140.65
OUT_05905,147.42
OUT_05906,181.56
OUT_05907,345.32
OUT_05908,148.08
OUT_05909,961.08
OUT_05910,143.36
OUT_05911,195.59
OUT_05912,149.38
OUT_05913,154.76
OUT_05914,156.6
OUT_05915,282.01
OUT_05916,332.63
OUT_05917,139.42
OUT_05918,244.06
OUT_05919,151.28
OUT_05920,140.48
OUT_05921,133.31
OUT_05922,232.26
OUT_05923,142.86
OUT_05924,282.03
OUT_05925,273.64
OUT_05926,136.3
OUT_05927,2260.93
OUT_05928,139.67
OUT_05929,274.49
OUT_05930,149.12
OUT_05931,144.82
OUT_05932,318.31
OUT_05933,328.84
OUT_05934,136.04
OUT_05935,132.19
OUT_05936,2194.98
OUT_05937,1130.33
OUT_05938,2349.1
OUT_05939,292.66
OUT_05940,2276.37
OUT_05941,171.86
OUT_05942,135.58
OUT_05943,908.88
OUT_05944,194.22
OUT_05945,180.68
OUT_05946,159.07
OUT_05947,2180.68
OUT_05948,994.94
OUT_05949,614.02
OUT_05950,130.95
OUT_05951,141.64
OUT_05952,149.22
OUT_05953,130.16
OUT_05954,166.79
OUT_05955,148.45
OUT_05956,938.45
OUT_05957,158.92
OUT_05958,255.25
OUT_05959,148.81
OUT_05960,1029.22
OUT_05961,145.84
OUT_05962,251.31
OUT_05963,151.6
OUT_05964,131.92
OUT_05965,302.44
OUT_05966,241.55
OUT_05967,168.19
OUT_05968,182.94
OUT_05969,265.28
OUT_05970,314.56
OUT_05971,267.41
OUT_05972,138.28
OUT_05973,342.26
OUT_05974,159.84
OUT_05975,321.83
OUT_05976,152.24
OUT_05977,153.64
OUT_05978,311.9
OUT_05979,274.21
OUT_05980,187.02
OUT_05981,2255.89
OUT_05982,315.54
OUT_05983,158.37
OUT_05984,950.37
OUT_05985,143.25
OUT_05986,172.37
OUT_05987,141.09
OUT_05988,246.4
OUT_05989,153.39
OUT_05990,168.85
OUT_05991,166.1
OUT_05992,1107.54
OUT_05993,178.63
OUT_05994,173.85
OUT_05995,175.25
OUT_05996,157.88
OUT_05997,133.75
OUT_05998,285.17
OUT_05999,146.56
OUT_06000,133.95
OUT_06001,128.35
OUT_06002,323.84
OUT_06003,212.25
OUT_06004,183.8
OUT_06005,305.49
OUT_06006,289.96
OUT_06007,125.61
OUT_06008,247.72
OUT_06009,290.24
OUT_06010,172.29
OUT_06011,151.75
OUT_06012,823.6
OUT_06013,932.02
OUT_06014,288.66
OUT_06015,165.25
OUT_06016,1129.23
OUT_06017,152.18
OUT_06018,136.63
OUT_06019,146.57
OUT_06020,285.8
OUT_06021,155.96
OUT_06022,172.29
OUT_06023,2134.57
OUT_06024,182.39
OUT_06025,248.41
OUT_06026,1088.11
OUT_06027,285.97
OUT_06028,182.1
OUT_06029,157.08
OUT_06030,2258.68
OUT_06031,110.96
OUT_06032,853.95
OUT_06033,2364.22
OUT_06034,239.94
OUT_06035,135.94
OUT_06036,130.24
OUT_06037,249.32
OUT_06038,324.15
OUT_06039,232.38
OUT_06040,244.16
OUT_06041,920.32
OUT_06042,328.8
OUT_06043,180.73
OUT_06044,2425.34
OUT_06045,127.21
OUT_06046,120.06
OUT_06047,969.61
OUT_06048,145.81
OUT_06049,1103.59
OUT_06050,1071.84
OUT_06051,141.5
OUT_06052,268.87
OUT_06053,291.82
OUT_06054,176.23
OUT_06055,326.9
OUT_06056,166.05
OUT_06057,371.32
OUT_06058,177.8
OUT_06059,296.44
OUT_06060,147.56
OUT_06061,249.94
OUT_06062,887.09
OUT_06063,283.98
OUT_06064,335.3
OUT_06065,247.68
OUT_06066,146.9
OUT_06067,172.84
OUT_06068,148.41
OUT_06069,173.06
OUT_06070,145.93
OUT_06071,176.65
OUT_06072,1057.03
OUT_06073,153.87
OUT_06074,163.07
OUT_06075,311.7
OUT_06076,182.64
OUT_06077,182.69
OUT_06078,162.05
OUT_06079,209.2
OUT_06080,168.84
OUT_06081,2302.76
OUT_06082,1060.49
OUT_06083,2251.23
OUT_06084,138.35
OUT_06085,152.45
OUT_06086,913.06
OUT_06087,326.4
OUT_06088,977.97
OUT_06089,164.43
OUT_06090,278.62
OUT_06091,133.3
OUT_06092,121.98
OUT_06093,2446.26
OUT_06094,287.12
OUT_06095,145.35
OUT_06096,1047.8
OUT_06097,1203.04
OUT_06098,143.68
OUT_06099,177.14
OUT_06100,968.55
OUT_06101,298.04
OUT_06102,274.15
OUT_06103,1069.03
OUT_06104,290.84
OUT_06105,174.29
OUT_06106,238.79
OUT_06107,879.93
OUT_06108,158.69
OUT_06109,981.49
OUT_06110,132.95
OUT_06111,156.94
OUT_06112,315.16
OUT_06113,150.71
OUT_06114,283.61
OUT_06115,260.28
OUT_06116,177.74
OUT_06117,144.98
OUT_06118,165.03
OUT_06119,2137.11
OUT_06120,178.9
OUT_06121,146.43
OUT_06122,135.61
OUT_06123,237.98
OUT_06124,377.99
OUT_06125,164.41
OUT_06126,171.12
OUT_06127,248.51
OUT_06128,316.3
OUT_06129,168.74
OUT_06130,315.33
OUT_06131,183.45
OUT_06132,181.58
OUT_06133,132.74
OUT_06134,230.3
OUT_06135,931.17
OUT_06136,916.58
OUT_06137,249.9
OUT_06138,191.29
OUT_06139,166.36
OUT_06140,147.1
OUT_06141,173.65
OUT_06142,931.03
OUT_06143,149.42
OUT_06144,306.69
OUT_06145,289.54
OUT_06146,152.92
OUT_06147,277.17
OUT_06148,297.25
OUT_06149,234.44
OUT_06150,299.67
OUT_06151,2383.77
OUT_06152,142.49
OUT_06153,134.07
OUT_06154,179.92
OUT_06155,910.16
OUT_06156,156.79
OUT_06157,895.02
OUT_06158,275.32
OUT_06159,2380.52
OUT_06160,278.01
OUT_06161,256.54
OUT_06162,294.55
OUT_06163,164.38
OUT_06164,161.93
OUT_06165,342.24
OUT_06166,149.5
OUT_06167,310.33
OUT_06168,920.47
OUT_06169,117.43
OUT_06170,1053.34
OUT_06171,141.52
OUT_06172,2350.4
OUT_06173,150.79
OUT_06174,253.37
OUT_06175,178.09
OUT_06176,321.87
OUT_06177,141.16
OUT_06178,141.26
OUT_06179,141.28
OUT_06180,129.09
OUT_06181,287.6
OUT_06182,1337.45
OUT_06183,148.35
OUT_06184,119.2
OUT_06185,272.95
OUT_06186,960.49
OUT_06187,160.51
OUT_06188,153.42
OUT_06189,2357.66
OUT_06190,125.76
OUT_06191,137.62
OUT_06192,297.95
OUT_06193,232.36
OUT_06194,157.3
OUT_06195,138.29
OUT_06196,143.31
OUT_06197,332.06
OUT_06198,153.27
OUT_06199,148.06
OUT_06200,281.69
OUT_06201,160.08
OUT_06202,170.56
OUT_06203,1266.28
OUT_06204,145.21
OUT_06205,2102.5
OUT_06206,246.74
OUT_06207,147.81
OUT_06208,142.49
OUT_06209,241.44
OUT_06210,2354.76
OUT_06211,142.93
OUT_06212,249.4
OUT_06213,144.13
OUT_06214,291.21
OUT_06215,1054.57
OUT_06216,135.79
OUT_06217,322.25
OUT_06218,362.52
OUT_06219,134.27
OUT_06220,151.91
OUT_06221,126.95
OUT_06222,162.56
OUT_06223,159.71
OUT_06224,317.32
OUT_06225,145.05
OUT_06226,145.49
OUT_06227,310.91
OUT_06228,1288.66
OUT_06229,299.25
OUT_06230,148.67
OUT_06231,148.52
OUT_06232,875.53
OUT_06233,336.58
OUT_06234,173.82
OUT_06235,137.32
OUT_06236,246.64
OUT_06237,274.14
OUT_06238,301.21
OUT_06239,130.36
OUT_06240,137.74
OUT_06241,162.52
OUT_06242,1152.8
OUT_06243,153.3
OUT_06244,281.12
OUT_06245,130.29
OUT_06246,970.72
OUT_06247,140.89
OUT_06248,154.31
OUT_06249,141.99
OUT_06250,301.66
OUT_06251,279.99
OUT_06252,906.57
OUT_06253,141.19
OUT_06254,157.33
OUT_06255,1041.76
OUT_06256,148.28
OUT_06257,969.44
OUT_06258,130.08
OUT_06259,260.25
OUT_06260,144.47
OUT_06261,227.46
OUT_06262,1047.73
OUT_06263,166.0
OUT_06264,2184.62
OUT_06265,134.6
OUT_06266,238.55
OUT_06267,152.83
OUT_06268,151.45
OUT_06269,135.29
OUT_06270,149.01
OUT_06271,1239.56
OUT_06272,292.15
OUT_06273,136.44
OUT_06274,145.69
OUT_06275,248.97
OUT_06276,307.15
OUT_06277,301.29
OUT_06278,2290.46
OUT_06279,1018.28
OUT_06280,286.41
OUT_06281,305.06
OUT_06282,147.49
OUT_06283,160.53
OUT_06284,1176.34
OUT_06285,155.8
OUT_06286,132.36
OUT_06287,161.3
OUT_06288,184.23
OUT_06289,880.42
OUT_06290,163.04
OUT_06291,177.35
OUT_06292,138.49
OUT_06293,248.35
OUT_06294,147.5
OUT_06295,188.05
OUT_06296,257.2
OUT_06297,149.68
OUT_06298,128.35
OUT_06299,311.33
OUT_06300,249.46
OUT_06301,253.52
OUT_06302,149.07
OUT_06303,142.25
OUT_06304,2421.53
OUT_06305,161.5
OUT_06306,125.27
OUT_06307,166.12
OUT_06308,287.94
OUT_06309,148.23
OUT_06310,158.9
OUT_06311,272.65
OUT_06312,179.79
OUT_06313,120.59
OUT_06314,158.28
OUT_06315,880.07
OUT_06316,302.42
OUT_06317,120.35
OUT_06318,131.55
OUT_06319,308.69
OUT_06320,223.77
OUT_06321,2349.1
OUT_06322,160.03
OUT_06323,846.99
OUT_06324,162.37
OUT_06325,138.88
OUT_06326,289.89
OUT_06327,969.89
OUT_06328,255.43
OUT_06329,138.89
OUT_06330,132.2
OUT_06331,230.2
OUT_06332,1179.2
OUT_06333,153.57
OUT_06334,113.76
OUT_06335,137.24
OUT_06336,1187.66
OUT_06337,160.52
OUT_06338,161.39
OUT_06339,244.94
OUT_06340,965.01
OUT_06341,205.29
OUT_06342,254.37
OUT_06343,149.24
OUT_06344,150.56
OUT_06345,155.2
OUT_06346,143.91
OUT_06347,260.16
OUT_06348,284.61
OUT_06349,229.29
OUT_06350,254.87
OUT_06351,309.46
OUT_06352,307.31
OUT_06353,239.2
OUT_06354,160.73
OUT_06355,151.41
OUT_06356,2113.39
OUT_06357,135.87
OUT_06358,2442.87
OUT_06359,256.34
OUT_06360,160.47
OUT_06361,959.6
OUT_06362,164.25
OUT_06363,128.95
OUT_06364,135.3
OUT_06365,320.04
OUT_06366,129.13
OUT_06367,1057.27
OUT_06368,231.69
OUT_06369,292.34
OUT_06370,886.38
OUT_06371,146.93
OUT_06372,362.82
OUT_06373,2148.38
OUT_06374,135.35
OUT_06375,1060.99
OUT_06376,316.89
OUT_06377,256.07
OUT_06378,165.31
OUT_06379,263.31
OUT_06380,131.94
OUT_06381,2322.94
OUT_06382,237.97
OUT_06383,154.63
OUT_06384,176.66
OUT_06385,161.25
OUT_06386,957.01
OUT_06387,2210.25
OUT_06388,136.47
OUT_06389,130.12
OUT_06390,263.93
OUT_06391,145.01
OUT_06392,2211.94
OUT_06393,147.57
OUT_06394,156.05
OUT_06395,158.26
OUT_06396,162.93
OUT_06397,159.74
OUT_06398,134.61
OUT_06399,229.79
OUT_06400,272.06
OUT_06401,183.52
OUT_06402,938.42
OUT_06403,998.34
OUT_06404,926.96
OUT_06405,328.5
OUT_06406,1054.82
OUT_06407,172.03
OUT_06408,135.75
OUT_06409,172.99
OUT_06410,2177.21
OUT_06411,115.19
OUT_06412,149.01
OUT_06413,266.02
OUT_06414,2266.71
OUT_06415,416.67
OUT_06416,317.99
OUT_06417,2336.37
OUT_06418,158.1
OUT_06419,149.55
OUT_06420,2245.8
OUT_06421,154.95
OUT_06422,158.9
OUT_06423,149.76
OUT_06424,282.43
OUT_06425,164.56
OUT_06426,177.5
OUT_06427,1251.87
OUT_06428,127.92
OUT_06429,142.88
OUT_06430,295.53
OUT_06431,318.09
OUT_06432,982.72
OUT_06433,293.11
OUT_06434,271.52
OUT_06435,139.73
OUT_06436,1074.3
OUT_06437,143.02
OUT_06438,190.5
OUT_06439,2323.58
OUT_06440,295.56
OUT_06441,539.79
OUT_06442,213.29
OUT_06443,158.48
OUT_06444,145.82
OUT_06445,284.31
OUT_06446,142.63
OUT_06447,141.99
OUT_06448,158.65
OUT_06449,166.35
OUT_06450,150.42
OUT_06451,130.85
OUT_06452,142.23
OUT_06453,150.98
OUT_06454,260.15
OUT_06455,128.87
OUT_06456,144.16
OUT_06457,134.64
OUT_06458,161.95
OUT_06459,107.05
OUT_06460,288.92
OUT_06461,160.44
OUT_06462,1112.97
OUT_06463,192.11
OUT_06464,156.12
OUT_06465,275.75
OUT_06466,1173.29
OUT_06467,244.51
OUT_06468,140.59
OUT_06469,139.92
OUT_06470,147.09
OUT_06471,280.12
OUT_06472,1063.97
OUT_06473,238.5
OUT_06474,187.78
OUT_06475,348.19
OUT_06476,302.88
OUT_06477,130.03
OUT_06478,136.04
OUT_06479,120.27
OUT_06480,320.74
OUT_06481,282.93
OUT_06482,130.08
OUT_06483,155.87
OUT_06484,162.67
OUT_06485,128.99
OUT_06486,131.88
OUT_06487,249.11
OUT_06488,170.77
OUT_06489,135.77
OUT_06490,1015.33
OUT_06491,164.49
OUT_06492,293.42
OUT_06493,312.26
OUT_06494,169.4
OUT_06495,129.33
OUT_06496,326.84
OUT_06497,176.07
OUT_06498,161.97
OUT_06499,2264.93
OUT_06500,161.91
OUT_06501,888.2
OUT_06502,1081.84
OUT_06503,155.53
OUT_06504,163.72
OUT_06505,145.03
OUT_06506,152.79
OUT_06507,926.71
OUT_06508,110.7
OUT_06509,291.41
OUT_06510,150.01
OUT_06511,147.89
OUT_06512,281.56
OUT_06513,130.6
OUT_06514,236.26
OUT_06515,303.98
OUT_06516,129.83
OUT_06517,167.65
OUT_06518,997.59
OUT_06519,351.85
OUT_06520,182.65
OUT_06521,140.07
OUT_06522,306.47
OUT_06523,296.86
OUT_06524,178.68
OUT_06525,156.02
OUT_06526,299.31
OUT_06527,142.01
OUT_06528,170.22
OUT_06529,906.6
OUT_06530,166.79
OUT_06531,292.08
OUT_06532,290.3
OUT_06533,158.27
OUT_06534,278.51
OUT_06535,929.07
OUT_06536,297.21
OUT_06537,144.32
OUT_06538,967.14
OUT_06539,146.08
OUT_06540,931.57
OUT_06541,146.26
OUT_06542,160.54
OUT_06543,229.45
OUT_06544,181.79
OUT_06545,859.88
OUT_06546,139.58
OUT_06547,132.84
OUT_06548,170.42
OUT_06549,121.07
OUT_06550,258.94
OUT_06551,277.58
OUT_06552,273.8
OUT_06553,355.17
OUT_06554,147.54
OUT_06555,286.6
OUT_06556,2189.85
OUT_06557,298.73
OUT_06558,275.57
OUT_06559,1263.0
OUT_06560,128.5
OUT_06561,271.48
OUT_06562,152.72
OUT_06563,159.32
OUT_06564,150.81
OUT_06565,879.66
OUT_06566,145.13
OUT_06567,150.18
OUT_06568,291.62
OUT_06569,179.53
OUT_06570,124.16
OUT_06571,264.43
OUT_06572,181.58
OUT_06573,172.7
OUT_06574,964.79
OUT_06575,290.48
OUT_06576,157.36
OUT_06577,140.19
OUT_06578,158.39
OUT_06579,1165.24
OUT_06580,139.3
OUT_06581,146.71
OUT_06582,141.92
OUT_06583,142.18
OUT_06584,123.94
OUT_06585,126.99
OUT_06586,232.38
OUT_06587,890.64
OUT_06588,186.37
OUT_06589,2376.21
OUT_06590,1072.03
OUT_06591,158.41
OUT_06592,189.76
OUT_06593,278.66
OUT_06594,136.18
OUT_06595,180.35
OUT_06596,248.28
OUT_06597,136.14
OUT_06598,147.19
OUT_06599,1001.58
OUT_06600,312.74
OUT_06601,130.63
OUT_06602,137.33
OUT_06603,279.56
OUT_06604,306.59
OUT_06605,173.51
OUT_06606,162.02
OUT_06607,187.45
OUT_06608,968.14
OUT_06609,300.18
OUT_06610,171.46
OUT_06611,144.17
OUT_06612,348.58
OUT_06613,1082.52
OUT_06614,134.23
OUT_06615,1042.94
OUT_06616,294.27
OUT_06617,290.55
OUT_06618,165.85
OUT_06619,170.0
OUT_06620,177.52
OUT_06621,183.85
OUT_06622,163.3
OUT_06623,122.87
OUT_06624,306.61
OUT_06625,2402.64
OUT_06626,290.3
OUT_06627,125.57
OUT_06628,270.67
OUT_06629,1233.36
OUT_06630,280.33
OUT_06631,1020.61
OUT_06632,162.57
OUT_06633,150.99
OUT_06634,312.48
OUT_06635,156.86
OUT_06636,168.81
OUT_06637,282.97
OUT_06638,155.34
OUT_06639,165.59
OUT_06640,125.99
OUT_06641,139.54
OUT_06642,171.42
OUT_06643,163.2
OUT_06644,150.69
OUT_06645,1028.06
OUT_06646,297.54
OUT_06647,293.47
OUT_06648,848.44
OUT_06649,234.61
OUT_06650,158.81
OUT_06651,238.39
OUT_06652,193.74
OUT_06653,144.08
OUT_06654,155.21
OUT_06655,1006.1
OUT_06656,159.41
OUT_06657,332.93
OUT_06658,2392.53
OUT_06659,155.6
OUT_06660,2358.33
OUT_06661,133.53
OUT_06662,290.33
OUT_06663,2111.49
OUT_06664,291.82
OUT_06665,141.8
OUT_06666,302.36
OUT_06667,157.15
OUT_06668,264.4
OUT_06669,138.97
OUT_06670,144.92
OUT_06671,156.21
OUT_06672,151.53
OUT_06673,164.36
OUT_06674,138.98
OUT_06675,154.93
OUT_06676,131.93
OUT_06677,905.72
OUT_06678,241.58
OUT_06679,300.27
OUT_06680,147.86
OUT_06681,140.81
OUT_06682,1296.58
OUT_06683,160.38
OUT_06684,233.45
OUT_06685,138.77
OUT_06686,306.73
OUT_06687,160.61
OUT_06688,134.84
OUT_06689,160.97
OUT_06690,302.95
OUT_06691,141.36
OUT_06692,288.89
OUT_06693,158.28
OUT_06694,291.05
OUT_06695,345.55
OUT_06696,1289.84
OUT_06697,155.09
OUT_06698,1106.82
OUT_06699,2222.19
OUT_06700,146.03
OUT_06701,251.39
OUT_06702,344.58
OUT_06703,286.99
OUT_06704,342.31
OUT_06705,136.12
OUT_06706,291.33
OUT_06707,286.25
OUT_06708,128.5
OUT_06709,170.51
OUT_06710,236.25
OUT_06711,1019.42
OUT_06712,132.15
OUT_06713,160.96
OUT_06714,142.67
OUT_06715,125.79
OUT_06716,139.64
OUT_06717,282.28
OUT_06718,933.86
OUT_06719,120.65
OUT_06720,1002.45
OUT_06721,254.93
OUT_06722,128.26
OUT_06723,139.18
OUT_06724,1001.13
OUT_06725,938.83
OUT_06726,246.24
OUT_06727,278.76
OUT_06728,147.3
OUT_06729,143.22
OUT_06730,161.48
OUT_06731,175.98
OUT_06732,134.77
OUT_06733,2111.5
OUT_06734,269.29
OUT_06735,148.68
OUT_06736,897.78
OUT_06737,143.96
OUT_06738,166.11
OUT_06739,275.26
OUT_06740,135.68
OUT_06741,270.44
OUT_06742,165.08
OUT_06743,151.96
OUT_06744,1050.4
OUT_06745,271.82
OUT_06746,281.63
OUT_06747,873.45
OUT_06748,148.72
OUT_06749,347.7
OUT_06750,151.13
OUT_06751,297.73
OUT_06752,163.45
OUT_06753,333.83
OUT_06754,147.89
OUT_06755,132.17
OUT_06756,135.34
OUT_06757,146.86
OUT_06758,364.94
OUT_06759,152.76
OUT_06760,920.28
OUT_06761,159.38
OUT_06762,171.83
OUT_06763,1025.58
OUT_06764,1254.62
OUT_06765,289.92
OUT_06766,251.38
OUT_06767,333.9
OUT_06768,169.8
OUT_06769,136.71
OUT_06770,166.69
OUT_06771,163.82
OUT_06772,161.27
OUT_06773,277.4
OUT_06774,315.44
OUT_06775,332.79
OUT_06776,153.59
OUT_06777,1056.81
OUT_06778,154.22
OUT_06779,177.42
OUT_06780,148.89
OUT_06781,139.09
OUT_06782,161.95
OUT_06783,171.06
OUT_06784,284.32
OUT_06785,336.57
OUT_06786,175.57
OUT_06787,154.23
OUT_06788,143.12
OUT_06789,165.42
OUT_06790,282.86
OUT_06791,151.01
OUT_06792,247.03
OUT_06793,296.96
OUT_06794,129.75
OUT_06795,260.55
OUT_06796,153.01
OUT_06797,1147.93
OUT_06798,948.21
OUT_06799,127.84
OUT_06800,245.85
OUT_06801,165.92
OUT_06802,288.49
OUT_06803,345.12
OUT_06804,152.44
OUT_06805,174.61
OUT_06806,178.15
OUT_06807,158.31
OUT_06808,297.26
OUT_06809,151.42
OUT_06810,2153.73
OUT_06811,188.17
OUT_06812,150.47
OUT_06813,173.45
OUT_06814,134.34
OUT_06815,963.57
OUT_06816,280.97
OUT_06817,943.27
OUT_06818,2162.68
OUT_06819,263.38
OUT_06820,165.45
OUT_06821,223.28
OUT_06822,145.62
OUT_06823,339.84
OUT_06824,167.09
OUT_06825,277.08
OUT_06826,989.03
OUT_06827,146.77
OUT_06828,116.66
OUT_06829,132.95
OUT_06830,1048.42
OUT_06831,245.49
OUT_06832,274.92
OUT_06833,245.49
OUT_06834,275.98
OUT_06835,149.87
OUT_06836,158.6
OUT_06837,224.55
OUT_06838,163.22
OUT_06839,913.23
OUT_06840,255.26
OUT_06841,319.78
OUT_06842,172.82
OUT_06843,1106.68
OUT_06844,130.11
OUT_06845,264.46
OUT_06846,123.2
OUT_06847,136.23
OUT_06848,167.45
OUT_06849,312.5
OUT_06850,178.49
OUT_06851,268.08
OUT_06852,142.7
OUT_06853,122.97
OUT_06854,165.91
OUT_06855,281.19
OUT_06856,249.82
OUT_06857,140.74
OUT_06858,132.65
OUT_06859,120.62
OUT_06860,1035.94
OUT_06861,151.72
OUT_06862,170.74
OUT_06863,1013.19
OUT_06864,162.3
OUT_06865,339.75
OUT_06866,290.35
OUT_06867,891.3
OUT_06868,144.1
OUT_06869,151.3
OUT_06870,150.28
OUT_06871,186.22
OUT_06872,135.25
OUT_06873,150.24
OUT_06874,135.31
OUT_06875,134.33
OUT_06876,121.36
OUT_06877,140.86
OUT_06878,179.08
OUT_06879,892.05
OUT_06880,998.34
OUT_06881,1421.63
OUT_06882,1027.02
OUT_06883,159.31
OUT_06884,244.37
OUT_06885,126.03
OUT_06886,232.82
OUT_06887,115.67
OUT_06888,967.72
OUT_06889,140.44
OUT_06890,129.09
OUT_06891,276.15
OUT_06892,129.46
OUT_06893,257.61
OUT_06894,332.53
OUT_06895,143.59
OUT_06896,183.16
OUT_06897,252.12
OUT_06898,137.48
OUT_06899,165.16
OUT_06900,136.41
OUT_06901,268.27
OUT_06902,136.37
OUT_06903,141.59
OUT_06904,276.55
OUT_06905,282.81
OUT_06906,1050.4
OUT_06907,123.61
OUT_06908,145.93
OUT_06909,156.65
OUT_06910,352.45
OUT_06911,151.86
OUT_06912,111.86
OUT_06913,153.61
OUT_06914,289.32
OUT_06915,956.91
OUT_06916,174.0
OUT_06917,180.47
OUT_06918,127.55
OUT_06919,162.96
OUT_06920,192.43
OUT_06921,125.57
OUT_06922,946.57
OUT_06923,154.28
OUT_06924,165.43
OUT_06925,163.1
OUT_06926,165.69
OUT_06927,163.63
OUT_06928,149.45
OUT_06929,159.68
OUT_06930,386.97
OUT_06931,129.19
OUT_06932,289.87
OUT_06933,247.47
OUT_06934,140.18
OUT_06935,157.04
OUT_06936,309.76
OUT_06937,162.62
OUT_06938,1187.5
OUT_06939,334.18
OUT_06940,2432.1
OUT_06941,297.32
OUT_06942,313.77
OUT_06943,304.77
OUT_06944,154.03
OUT_06945,164.13
OUT_06946,219.15
OUT_06947,258.95
OUT_06948,952.69
OUT_06949,278.1
OUT_06950,136.36
OUT_06951,153.75
OUT_06952,1095.75
OUT_06953,146.28
OUT_06954,188.35
OUT_06955,182.67
OUT_06956,264.62
OUT_06957,172.29
OUT_06958,154.57
OUT_06959,152.68
OUT_06960,170.79
OUT_06961,177.41
OUT_06962,135.91
OUT_06963,236.18
OUT_06964,147.55
OUT_06965,177.38
OUT_06966,122.41
OUT_06967,278.58
OUT_06968,149.91
OUT_06969,174.93
OUT_06970,127.33
OUT_06971,150.4
OUT_06972,129.98
OUT_06973,117.66
OUT_06974,288.53
OUT_06975,99.01
OUT_06976,1026.14
OUT_06977,303.87
OUT_06978,187.49
OUT_06979,135.75
OUT_06980,133.29
OUT_06981,2320.02
OUT_06982,149.86
OUT_06983,133.13
OUT_06984,283.41
OUT_06985,2406.55
OUT_06986,144.71
OUT_06987,139.27
OUT_06988,273.34
OUT_06989,220.14
OUT_06990,998.03
OUT_06991,145.52
OUT_06992,144.69
OUT_06993,134.59
OUT_06994,164.2
OUT_06995,134.55
OUT_06996,948.38
OUT_06997,280.25
OUT_06998,140.54
OUT_06999,320.62
OUT_07000,1106.69
OUT_07001,308.63
OUT_07002,943.29
OUT_07003,281.55
OUT_07004,163.98
OUT_07005,192.8
OUT_07006,128.22
OUT_07007,287.19
OUT_07008,2294.75
OUT_07009,304.21
OUT_07010,306.46
OUT_07011,153.1
OUT_07012,1264.76
OUT_07013,2210.87
OUT_07014,309.04
OUT_07015,124.72
OUT_07016,2246.14
OUT_07017,160.63
OUT_07018,255.54
OUT_07019,141.41
OUT_07020,912.88
OUT_07021,294.23
OUT_07022,162.65
OUT_07023,162.45
OUT_07024,299.77
OUT_07025,174.11
OUT_07026,2280.2
OUT_07027,2382.14
OUT_07028,170.83
OUT_07029,901.5
OUT_07030,158.28
OUT_07031,1085.88
OUT_07032,224.46
OUT_07033,340.11
OUT_07034,131.02
OUT_07035,159.98
OUT_07036,145.3
OUT_07037,249.26
OUT_07038,155.98
OUT_07039,155.98
OUT_07040,323.27
OUT_07041,146.13
OUT_07042,292.13
OUT_07043,173.55
OUT_07044,245.21
OUT_07045,300.97
OUT_07046,328.03
OUT_07047,182.72
OUT_07048,1223.89
OUT_07049,132.91
OUT_07050,248.7
OUT_07051,312.65
OUT_07052,162.96
OUT_07053,162.05
OUT_07054,276.77
OUT_07055,137.05
OUT_07056,1280.11
OUT_07057,900.44
OUT_07058,246.38
OUT_07059,158.58
OUT_07060,163.15
OUT_07061,927.62
OUT_07062,270.46
OUT_07063,148.6
OUT_07064,307.73
OUT_07065,1115.62
OUT_07066,141.49
OUT_07067,285.9
OUT_07068,2303.11
OUT_07069,155.43
OUT_07070,301.08
OUT_07071,141.29
OUT_07072,150.9
OUT_07073,127.74
OUT_07074,155.97
OUT_07075,138.26
OUT_07076,168.39
OUT_07077,89.78
OUT_07078,244.26
OUT_07079,141.04
OUT_07080,2268.87
OUT_07081,348.51
OUT_07082,152.2
OUT_07083,184.14
OUT_07084,142.55
OUT_07085,411.11
OUT_07086,157.32
OUT_07087,126.02
OUT_07088,237.83
OUT_07089,2224.03
OUT_07090,316.03
OUT_07091,229.06
OUT_07092,160.28
OUT_07093,1096.07
OUT_07094,245.38
OUT_07095,125.11
OUT_07096,266.53
OUT_07097,252.11
OUT_07098,194.04
OUT_07099,305.52
OUT_07100,173.85
OUT_07101,1054.89
OUT_07102,154.08
OUT_07103,153.93
OUT_07104,137.94
OUT_07105,242.81
OUT_07106,153.55
OUT_07107,159.65
OUT_07108,1041.81
OUT_07109,183.31
OUT_07110,162.85
OUT_07111,304.36
OUT_07112,262.68
OUT_07113,262.43
OUT_07114,323.94
OUT_07115,343.55
OUT_07116,158.36
OUT_07117,155.13
OUT_07118,139.28
OUT_07119,254.14
OUT_07120,293.49
OUT_07121,1264.7
OUT_07122,865.14
OUT_07123,154.59
OUT_07124,1082.75
OUT_07125,163.3
OUT_07126,277.04
OUT_07127,143.32
OUT_07128,144.58
OUT_07129,319.67
OUT_07130,154.49
OUT_07131,153.49
OUT_07132,314.15
OUT_07133,150.04
OUT_07134,163.66
OUT_07135,2217.0
OUT_07136,128.46
OUT_07137,140.08
OUT_07138,977.21
OUT_07139,138.22
OUT_07140,161.74
OUT_07141,993.96
OUT_07142,155.16
OUT_07143,155.85
OUT_07144,989.85
OUT_07145,184.76
OUT_07146,146.26
OUT_07147,967.34
OUT_07148,1085.2
OUT_07149,336.0
OUT_07150,916.47
OUT_07151,153.75
OUT_07152,177.1
OUT_07153,152.2
OUT_07154,146.82
OUT_07155,298.11
OUT_07156,1089.87
OUT_07157,275.01
OUT_07158,162.65
OUT_07159,156.09
OUT_07160,184.21
OUT_07161,2435.47
OUT_07162,144.62
OUT_07163,166.67
OUT_07164,130.28
OUT_07165,169.71
OUT_07166,299.89
OUT_07167,173.94
OUT_07168,121.11
OUT_07169,297.44
OUT_07170,152.16
OUT_07171,125.82
OUT_07172,155.76
OUT_07173,158.46
OUT_07174,137.93
OUT_07175,152.83
OUT_07176,174.67
OUT_07177,2150.53
OUT_07178,239.83
OUT_07179,175.67
OUT_07180,130.75
OUT_07181,302.15
OUT_07182,116.98
OUT_07183,1237.62
OUT_07184,284.57
OUT_07185,167.99
OUT_07186,196.55
OUT_07187,974.89
OUT_07188,133.8
OUT_07189,147.28
OUT_07190,131.05
OUT_07191,119.69
OUT_07192,154.47
OUT_07193,344.55
OUT_07194,985.76
OUT_07195,972.56
OUT_07196,229.0
OUT_07197,170.79
OUT_07198,135.07
OUT_07199,285.74
OUT_07200,140.66
OUT_07201,299.03
OUT_07202,135.85
OUT_07203,316.47
OUT_07204,167.51
OUT_07205,141.68
OUT_07206,121.53
OUT_07207,273.67
OUT_07208,164.33
OUT_07209,298.31
OUT_07210,150.14
OUT_07211,142.71
OUT_07212,288.71
OUT_07213,139.61
OUT_07214,1138.41
OUT_07215,2341.95
OUT_07216,124.89
OUT_07217,152.52
OUT_07218,279.73
OUT_07219,1011.69
OUT_07220,143.76
OUT_07221,154.61
OUT_07222,147.06
OUT_07223,162.45
OUT_07224,179.72
OUT_07225,2408.04
OUT_07226,135.91
OUT_07227,982.9
OUT_07228,156.25
OUT_07229,177.13
OUT_07230,143.19
OUT_07231,147.32
OUT_07232,292.36
OUT_07233,2362.02
OUT_07234,141.92
OUT_07235,295.99
OUT_07236,166.09
OUT_07237,152.17
OUT_07238,137.87
OUT_07239,240.64
OUT_07240,156.82
OUT_07241,171.29
OUT_07242,140.04
OUT_07243,339.37
OUT_07244,159.77
OUT_07245,300.68
OUT_07246,182.1
OUT_07247,318.21
OUT_07248,145.45
OUT_07249,159.85
OUT_07250,2215.3
OUT_07251,248.55
OUT_07252,290.07
OUT_07253,132.07
OUT_07254,161.6
OUT_07255,135.13
OUT_07256,245.94
OUT_07257,244.31
OUT_07258,896.52
OUT_07259,998.22
OUT_07260,146.55
OUT_07261,167.38
OUT_07262,321.29
OUT_07263,1001.07
OUT_07264,155.01
OUT_07265,127.79
OUT_07266,930.52
OUT_07267,130.51
OUT_07268,245.57
OUT_07269,277.75
OUT_07270,146.57
OUT_07271,144.05
OUT_07272,298.74
OUT_07273,1275.88
OUT_07274,945.57
OUT_07275,154.23
OUT_07276,2295.93
OUT_07277,140.88
OUT_07278,131.31
OUT_07279,148.1
OUT_07280,286.8
OUT_07281,1110.6
OUT_07282,279.11
OUT_07283,164.36
OUT_07284,241.65
OUT_07285,2416.47
OUT_07286,267.46
OUT_07287,150.02
OUT_07288,142.91
OUT_07289,965.88
OUT_07290,138.69
OUT_07291,167.13
OUT_07292,188.86
OUT_07293,174.7
OUT_07294,180.49
OUT_07295,149.26
OUT_07296,325.45
OUT_07297,152.55
OUT_07298,967.24
OUT_07299,121.64
OUT_07300,989.48
OUT_07301,127.67
OUT_07302,308.26
OUT_07303,165.74
OUT_07304,84.82
OUT_07305,982.84
OUT_07306,170.78
OUT_07307,1098.84
OUT_07308,153.44
OUT_07309,158.79
OUT_07310,156.61
OUT_07311,322.77
OUT_07312,151.47
OUT_07313,164.53
OUT_07314,939.22
OUT_07315,266.54
OUT_07316,2297.7
OUT_07317,1212.47
OUT_07318,268.29
OUT_07319,132.74
OUT_07320,167.16
OUT_07321,2303.19
OUT_07322,290.68
OUT_07323,127.15
OUT_07324,1004.49
OUT_07325,160.63
OUT_07326,127.06
OUT_07327,1184.73
OUT_07328,271.59
OUT_07329,278.8
OUT_07330,293.77
OUT_07331,987.52
OUT_07332,136.07
OUT_07333,287.18
OUT_07334,280.94
OUT_07335,1028.53
OUT_07336,160.2
OUT_07337,173.19
OUT_07338,147.04
OUT_07339,139.13
OUT_07340,187.54
OUT_07341,1235.57
OUT_07342,167.79
OUT_07343,343.53
OUT_07344,163.98
OUT_07345,152.2
OUT_07346,135.03
OUT_07347,291.08
OUT_07348,254.86
OUT_07349,1166.44
OUT_07350,151.38
OUT_07351,266.17
OUT_07352,169.29
OUT_07353,129.8
OUT_07354,1004.65
OUT_07355,137.72
OUT_07356,220.71
OUT_07357,274.06
OUT_07358,183.04
OUT_07359,144.05
OUT_07360,153.53
OUT_07361,161.05
OUT_07362,305.26
OUT_07363,164.27
OUT_07364,268.55
OUT_07365,154.75
OUT_07366,125.72
OUT_07367,1060.38
OUT_07368,1025.93
OUT_07369,174.69
OUT_07370,146.6
OUT_07371,265.94
OUT_07372,189.3
OUT_07373,143.19
OUT_07374,947.53
OUT_07375,154.51
OUT_07376,331.96
OUT_07377,131.77
OUT_07378,973.48
OUT_07379,186.74
OUT_07380,903.08
OUT_07381,160.91
OUT_07382,275.72
OUT_07383,246.51
OUT_07384,161.56
OUT_07385,148.55
OUT_07386,1030.97
OUT_07387,150.0
OUT_07388,2331.01
OUT_07389,168.37
OUT_07390,927.12
OUT_07391,2216.99
OUT_07392,127.83
OUT_07393,1005.94
OUT_07394,131.99
OUT_07395,161.07
OUT_07396,278.31
OUT_07397,160.41
OUT_07398,171.05
OUT_07399,149.71
OUT_07400,344.74
OUT_07401,156.35
OUT_07402,283.64
OUT_07403,154.94
OUT_07404,145.89
OUT_07405,145.5
OUT_07406,168.0
OUT_07407,157.34
OUT_07408,2282.18
OUT_07409,143.25
OUT_07410,241.02
OUT_07411,138.69
OUT_07412,159.47
OUT_07413,321.39
OUT_07414,312.23
OUT_07415,253.5
OUT_07416,342.2
OUT_07417,2321.92
OUT_07418,1038.37
OUT_07419,151.4
OUT_07420,319.96
OUT_07421,162.3
OUT_07422,1032.24
OUT_07423,297.6
OUT_07424,136.43
OUT_07425,247.66
OUT_07426,339.88
OUT_07427,143.08
OUT_07428,282.62
OUT_07429,261.94
OUT_07430,135.38
OUT_07431,155.06
OUT_07432,1035.32
OUT_07433,135.46
OUT_07434,126.88
OUT_07435,160.86
OUT_07436,145.14
OUT_07437,177.27
OUT_07438,181.56
OUT_07439,81.13
OUT_07440,335.35
OUT_07441,144.31
OUT_07442,133.46
OUT_07443,1063.54
OUT_07444,257.36
OUT_07445,124.72
OUT_07446,154.78
OUT_07447,346.45
OUT_07448,250.36
OUT_07449,140.02
OUT_07450,157.43
OUT_07451,940.44
OUT_07452,243.32
OUT_07453,238.76
OUT_07454,127.48
OUT_07455,232.15
OUT_07456,1039.66
OUT_07457,122.11
OUT_07458,315.95
OUT_07459,152.91
OUT_07460,174.56
OUT_07461,141.62
OUT_07462,270.36
OUT_07463,288.95
OUT_07464,279.8
OUT_07465,163.24
OUT_07466,945.07
OUT_07467,334.43
OUT_07468,166.08
OUT_07469,959.01
OUT_07470,155.05
OUT_07471,283.8
OUT_07472,1178.81
OUT_07473,145.4
OUT_07474,2354.21
OUT_07475,286.51
OUT_07476,141.78
OUT_07477,154.26
OUT_07478,156.15
OUT_07479,173.47
OUT_07480,1038.66
OUT_07481,279.97
OUT_07482,153.48
OUT_07483,939.41
OUT_07484,322.18
OUT_07485,229.57
OUT_07486,334.19
OUT_07487,254.58
OUT_07488,330.11
OUT_07489,273.36
OUT_07490,1046.0
OUT_07491,322.69
OUT_07492,2395.45
OUT_07493,268.11
OUT_07494,278.22
OUT_07495,308.5
OUT_07496,134.02
OUT_07497,266.46
OUT_07498,329.69
OUT_07499,291.45
OUT_07500,124.69
OUT_07501,253.14
OUT_07502,160.6
OUT_07503,274.21
OUT_07504,2123.59
OUT_07505,1016.47
OUT_07506,145.05
OUT_07507,121.91
OUT_07508,129.92
OUT_07509,178.63
OUT_07510,155.52
OUT_07511,151.42
OUT_07512,285.83
OUT_07513,334.95
OUT_07514,135.17
OUT_07515,1015.96
OUT_07516,135.5
OUT_07517,157.15
OUT_07518,143.5
OUT_07519,2476.14
OUT_07520,332.79
OUT_07521,134.25
OUT_07522,280.01
OUT_07523,159.52
OUT_07524,308.22
OUT_07525,164.55
OUT_07526,153.93
OUT_07527,162.55
OUT_07528,129.77
OUT_07529,160.91
OUT_07530,260.3
OUT_07531,170.6
OUT_07532,292.89
OUT_07533,278.48
OUT_07534,138.39
OUT_07535,278.98
OUT_07536,915.85
OUT_07537,143.15
OUT_07538,171.04
OUT_07539,251.48
OUT_07540,143.53
OUT_07541,133.07
OUT_07542,153.98
OUT_07543,195.8
OUT_07544,118.46
OUT_07545,302.29
OUT_07546,2222.75
OUT_07547,291.47
OUT_07548,150.34
OUT_07549,137.59
OUT_07550,165.72
OUT_07551,173.73
OUT_07552,295.34
OUT_07553,2283.02
OUT_07554,135.24
OUT_07555,152.9
OUT_07556,166.93
OUT_07557,907.87
OUT_07558,135.52
OUT_07559,139.42
OUT_07560,156.95
OUT_07561,255.11
OUT_07562,137.59
OUT_07563,297.71
OUT_07564,148.83
OUT_07565,160.98
OUT_07566,165.16
OUT_07567,145.23
OUT_07568,179.87
OUT_07569,136.6
OUT_07570,172.9
OUT_07571,266.42
OUT_07572,200.17
OUT_07573,143.62
OUT_07574,1221.26
OUT_07575,149.76
OUT_07576,304.94
OUT_07577,163.69
OUT_07578,875.41
OUT_07579,157.57
OUT_07580,184.35
OUT_07581,1084.36
OUT_07582,161.91
OUT_07583,154.78
OUT_07584,149.48
OUT_07585,135.93
OUT_07586,253.43
OUT_07587,834.89
OUT_07588,183.15
OUT_07589,141.02
OUT_07590,1024.53
OUT_07591,1278.61
OUT_07592,137.22
OUT_07593,286.78
OUT_07594,134.11
OUT_07595,130.21
OUT_07596,128.32
OUT_07597,154.91
OUT_07598,325.14
OUT_07599,168.49
OUT_07600,1104.08
OUT_07601,155.0
OUT_07602,149.73
OUT_07603,153.53
OUT_07604,2492.39
OUT_07605,951.9
OUT_07606,141.04
OUT_07607,134.01
OUT_07608,143.21
OUT_07609,314.23
OUT_07610,140.78
OUT_07611,260.54
OUT_07612,193.45
OUT_07613,166.83
OUT_07614,130.14
OUT_07615,249.53
OUT_07616,154.64
OUT_07617,990.26
OUT_07618,131.3
OUT_07619,268.32
OUT_07620,300.64
OUT_07621,304.5
OUT_07622,330.61
OUT_07623,155.16
OUT_07624,149.25
OUT_07625,1032.03
OUT_07626,138.84
OUT_07627,1007.72
OUT_07628,118.98
OUT_07629,868.06
OUT_07630,147.12
OUT_07631,174.47
OUT_07632,152.58
OUT_07633,1039.1
OUT_07634,148.34
OUT_07635,1053.63
OUT_07636,1067.38
OUT_07637,120.43
OUT_07638,285.97
OUT_07639,2312.6
OUT_07640,123.99
OUT_07641,231.91
OUT_07642,181.71
OUT_07643,331.8
OUT_07644,185.48
OUT_07645,169.08
OUT_07646,313.09
OUT_07647,195.43
OUT_07648,153.75
OUT_07649,254.76
OUT_07650,300.97
OUT_07651,138.66
OUT_07652,147.37
OUT_07653,142.16
OUT_07654,277.59
OUT_07655,2377.75
OUT_07656,146.45
OUT_07657,139.27
OUT_07658,2237.4
OUT_07659,285.81
OUT_07660,133.94
OUT_07661,323.5
OUT_07662,268.74
OUT_07663,157.43
OUT_07664,280.42
OUT_07665,171.6
OUT_07666,158.8
OUT_07667,293.93
OUT_07668,162.45
OUT_07669,131.04
OUT_07670,145.56
OUT_07671,1034.08
OUT_07672,132.16
OUT_07673,148.98
OUT_07674,921.87
OUT_07675,156.15
OUT_07676,163.3
OUT_07677,849.08
OUT_07678,970.95
OUT_07679,964.45
OUT_07680,152.43
OUT_07681,325.34
OUT_07682,1043.66
OUT_07683,138.88
OUT_07684,334.8
OUT_07685,956.8
OUT_07686,154.92
OUT_07687,2471.02
OUT_07688,2239.28
OUT_07689,219.52
OUT_07690,129.69
OUT_07691,152.2
OUT_07692,136.61
OUT_07693,290.57
OUT_07694,164.16
OUT_07695,171.74
OUT_07696,149.63
OUT_07697,175.58
OUT_07698,187.0
OUT_07699,169.49
OUT_07700,144.31
OUT_07701,137.91
OUT_07702,934.63
OUT_07703,2380.67
OUT_07704,933.51
OUT_07705,321.78
OUT_07706,233.5
OUT_07707,158.91
OUT_07708,256.47
OUT_07709,256.72
OUT_07710,176.52
OUT_07711,170.99
OUT_07712,319.62
OUT_07713,320.83
OUT_07714,214.78
OUT_07715,280.76
OUT_07716,176.33
OUT_07717,143.8
OUT_07718,239.01
OUT_07719,127.88
OUT_07720,2149.06
OUT_07721,322.5
OUT_07722,1188.98
OUT_07723,137.92
OUT_07724,245.86
OUT_07725,276.6
OUT_07726,155.83
OUT_07727,187.92
OUT_07728,148.19
OUT_07729,153.64
OUT_07730,247.83
OUT_07731,168.13
OUT_07732,296.23
OUT_07733,111.75
OUT_07734,943.47
OUT_07735,149.76
OUT_07736,2035.17
OUT_07737,145.26
OUT_07738,154.7
OUT_07739,356.76
OUT_07740,247.57
OUT_07741,165.71
OUT_07742,918.98
OUT_07743,136.43
OUT_07744,166.91
OUT_07745,147.58
OUT_07746,999.9
OUT_07747,274.13
OUT_07748,162.5
OUT_07749,252.54
OUT_07750,264.51
OUT_07751,161.26
OUT_07752,166.46
OUT_07753,302.28
OUT_07754,202.36
OUT_07755,315.77
OUT_07756,151.87
OUT_07757,132.53
OUT_07758,148.46
OUT_07759,177.95
OUT_07760,285.48
OUT_07761,155.55
OUT_07762,2317.58
OUT_07763,335.24
OUT_07764,150.49
OUT_07765,2367.94
OUT_07766,138.98
OUT_07767,170.39
OUT_07768,156.8
OUT_07769,860.35
OUT_07770,155.67
OUT_07771,349.86
OUT_07772,1028.55
OUT_07773,246.39
OUT_07774,244.62
OUT_07775,994.69
OUT_07776,148.83
OUT_07777,164.58
OUT_07778,132.78
OUT_07779,158.04
OUT_07780,159.09
OUT_07781,372.24
OUT_07782,310.99
OUT_07783,171.54
OUT_07784,232.9
OUT_07785,303.13
OUT_07786,1238.95
OUT_07787,1041.28
OUT_07788,136.74
OUT_07789,149.51
OUT_07790,340.62
OUT_07791,1096.84
OUT_07792,1108.76
OUT_07793,947.16
OUT_07794,140.7
OUT_07795,1073.8
OUT_07796,2392.44
OUT_07797,189.04
OUT_07798,320.17
OUT_07799,162.21
OUT_07800,129.55
OUT_07801,977.02
OUT_07802,159.96
OUT_07803,166.96
OUT_07804,170.83
OUT_07805,145.21
OUT_07806,257.85
OUT_07807,149.52
OUT_07808,132.63
OUT_07809,277.57
OUT_07810,2198.69
OUT_07811,145.98
OUT_07812,165.62
OUT_07813,159.08
OUT_07814,144.33
OUT_07815,2124.02
OUT_07816,167.31
OUT_07817,946.14
OUT_07818,141.82
OUT_07819,255.17
OUT_07820,160.12
OUT_07821,153.89
OUT_07822,125.31
OUT_07823,955.34
OUT_07824,129.55
OUT_07825,297.47
OUT_07826,165.01
OUT_07827,270.48
OUT_07828,144.2
OUT_07829,128.46
OUT_07830,917.58
OUT_07831,316.18
OUT_07832,1048.71
OUT_07833,232.77
OUT_07834,333.41
OUT_07835,143.06
OUT_07836,278.33
OUT_07837,2340.8
OUT_07838,301.58
OUT_07839,129.29
OUT_07840,308.23
OUT_07841,147.87
OUT_07842,165.49
OUT_07843,149.86
OUT_07844,145.13
OUT_07845,1018.2
OUT_07846,270.52
OUT_07847,285.67
OUT_07848,148.09
OUT_07849,126.32
OUT_07850,122.04
OUT_07851,156.02
OUT_07852,188.07
OUT_07853,132.57
OUT_07854,125.94
OUT_07855,289.49
OUT_07856,275.91
OUT_07857,246.34
OUT_07858,1018.34
OUT_07859,934.44
OUT_07860,329.0
OUT_07861,289.51
OUT_07862,149.52
OUT_07863,226.78
OUT_07864,253.73
OUT_07865,160.4
OUT_07866,170.59
OUT_07867,1003.6
OUT_07868,150.47
OUT_07869,285.15
OUT_07870,242.21
OUT_07871,165.14
OUT_07872,148.15
OUT_07873,143.85
OUT_07874,153.89
OUT_07875,1067.93
OUT_07876,2236.25
OUT_07877,2378.97
OUT_07878,145.82
OUT_07879,850.38
OUT_07880,2350.57
OUT_07881,130.89
OUT_07882,119.05
OUT_07883,1029.7
OUT_07884,261.18
OUT_07885,140.56
OUT_07886,322.34
OUT_07887,156.2
OUT_07888,257.49
OUT_07889,151.18
OUT_07890,161.1
OUT_07891,169.28
OUT_07892,191.95
OUT_07893,944.03
OUT_07894,172.65
OUT_07895,154.16
OUT_07896,2131.5
OUT_07897,960.08
OUT_07898,278.14
OUT_07899,284.24
OUT_07900,178.89
OUT_07901,1171.39
OUT_07902,167.55
OUT_07903,137.26
OUT_07904,129.45
OUT_07905,141.76
OUT_07906,145.75
OUT_07907,142.86
OUT_07908,914.71
OUT_07909,260.5
OUT_07910,269.01
OUT_07911,1241.14
OUT_07912,138.23
OUT_07913,155.15
OUT_07914,162.64
OUT_07915,266.68
OUT_07916,2206.35
OUT_07917,170.6
OUT_07918,175.16
OUT_07919,144.52
OUT_07920,310.85
OUT_07921,166.33
OUT_07922,147.53
OUT_07923,2186.78
OUT_07924,889.68
OUT_07925,2204.75
OUT_07926,162.51
OUT_07927,170.42
OUT_07928,150.69
OUT_07929,128.11
OUT_07930,972.55
OUT_07931,154.41
OUT_07932,240.95
OUT_07933,144.88
OUT_07934,177.89
OUT_07935,1072.28
OUT_07936,143.89
OUT_07937,174.44
OUT_07938,1074.0
OUT_07939,244.48
OUT_07940,184.5
OUT_07941,255.79
OUT_07942,160.57
OUT_07943,265.79
OUT_07944,149.34
OUT_07945,256.82
OUT_07946,182.38
OUT_07947,242.37
OUT_07948,245.19
OUT_07949,1340.97
OUT_07950,164.19
OUT_07951,153.0
OUT_07952,126.27
OUT_07953,135.54
OUT_07954,288.27
OUT_07955,256.87
OUT_07956,219.97
OUT_07957,279.77
OUT_07958,145.72
OUT_07959,171.56
OUT_07960,131.65
OUT_07961,157.16
OUT_07962,248.66
OUT_07963,131.56
OUT_07964,123.12
OUT_07965,262.4
OUT_07966,248.3
OUT_07967,978.65
OUT_07968,164.33
OUT_07969,252.54
OUT_07970,897.84
OUT_07971,1100.83
OUT_07972,278.24
OUT_07973,184.63
OUT_07974,239.49
OUT_07975,168.14
OUT_07976,168.13
OUT_07977,145.84
OUT_07978,314.49
OUT_07979,130.22
OUT_07980,2162.5
OUT_07981,143.07
OUT_07982,142.53
OUT_07983,161.66
OUT_07984,146.01
OUT_07985,1029.97
OUT_07986,162.41
OUT_07987,166.74
OUT_07988,201.25
OUT_07989,165.45
OUT_07990,173.59
OUT_07991,1024.72
OUT_07992,168.74
OUT_07993,932.0
OUT_07994,119.23
OUT_07995,145.69
OUT_07996,148.16
OUT_07997,369.48
OUT_07998,123.25
OUT_07999,190.97
OUT_08000,144.15
OUT_08001,1072.33
OUT_08002,246.58
OUT_08003,149.09
OUT_08004,186.7
OUT_08005,147.42
OUT_08006,141.37
OUT_08007,151.32
OUT_08008,303.54
OUT_08009,144.62
OUT_08010,215.37
OUT_08011,172.87
OUT_08012,136.25
OUT_08013,235.65
OUT_08014,254.16
OUT_08015,902.49
OUT_08016,140.0
OUT_08017,138.47
OUT_08018,149.29
OUT_08019,274.86
OUT_08020,182.0
OUT_08021,117.88
OUT_08022,284.91
OUT_08023,282.6
OUT_08024,153.43
OUT_08025,890.0
OUT_08026,314.31
OUT_08027,181.82
OUT_08028,135.42
OUT_08029,1084.03
OUT_08030,914.46
OUT_08031,161.55
OUT_08032,2336.44
OUT_08033,2113.73
OUT_08034,147.04
OUT_08035,263.27
OUT_08036,157.99
OUT_08037,1240.52
OUT_08038,348.93
OUT_08039,1022.84
OUT_08040,143.39
OUT_08041,958.72
OUT_08042,257.86
OUT_08043,175.92
OUT_08044,175.47
OUT_08045,2211.88
OUT_08046,146.67
OUT_08047,2153.13
OUT_08048,172.98
OUT_08049,157.72
OUT_08050,1011.13
OUT_08051,176.71
OUT_08052,309.5
OUT_08053,162.31
OUT_08054,157.43
OUT_08055,890.16
OUT_08056,156.21
OUT_08057,246.65
OUT_08058,261.84
OUT_08059,882.28
OUT_08060,123.2
OUT_08061,169.0
OUT_08062,962.37
OUT_08063,273.27
OUT_08064,146.05
OUT_08065,287.75
OUT_08066,1018.95
OUT_08067,1450.06
OUT_08068,126.01
OUT_08069,259.06
OUT_08070,314.8
OUT_08071,158.9
OUT_08072,280.27
OUT_08073,147.54
OUT_08074,147.79
OUT_08075,223.62
OUT_08076,263.65
OUT_08077,160.68
OUT_08078,238.52
OUT_08079,2159.2
OUT_08080,296.97
OUT_08081,151.19
OUT_08082,245.82
OUT_08083,1036.08
OUT_08084,139.29
OUT_08085,140.28
OUT_08086,112.8
OUT_08087,134.38
OUT_08088,275.22
OUT_08089,160.04
OUT_08090,2192.01
OUT_08091,327.24
OUT_08092,161.7
OUT_08093,240.99
OUT_08094,140.59
OUT_08095,142.09
OUT_08096,172.61
OUT_08097,936.58
OUT_08098,291.04
OUT_08099,1164.78
OUT_08100,2171.9
OUT_08101,152.86
OUT_08102,320.54
OUT_08103,151.26
OUT_08104,135.26
OUT_08105,259.59
OUT_08106,170.69
OUT_08107,246.19
OUT_08108,149.24
OUT_08109,2284.42
OUT_08110,130.09
OUT_08111,249.77
OUT_08112,846.36
OUT_08113,163.01
OUT_08114,1013.31
OUT_08115,142.96
OUT_08116,274.83
OUT_08117,168.0
OUT_08118,1087.84
OUT_08119,161.33
OUT_08120,910.87
OUT_08121,152.99
OUT_08122,124.37
OUT_08123,268.67
OUT_08124,139.61
OUT_08125,297.74
OUT_08126,1017.32
OUT_08127,848.41
OUT_08128,945.03
OUT_08129,876.32
OUT_08130,131.13
OUT_08131,871.44
OUT_08132,132.7
OUT_08133,137.2
OUT_08134,250.23
OUT_08135,295.73
OUT_08136,128.74
OUT_08137,245.71
OUT_08138,855.17
OUT_08139,293.65
OUT_08140,1084.34
OUT_08141,156.25
OUT_08142,156.91
OUT_08143,283.89
OUT_08144,171.75
OUT_08145,955.12
OUT_08146,159.08
OUT_08147,144.38
OUT_08148,293.55
OUT_08149,115.05
OUT_08150,166.66
OUT_08151,239.68
OUT_08152,125.14
OUT_08153,277.61
OUT_08154,225.96
OUT_08155,146.2
OUT_08156,163.35
OUT_08157,151.93
OUT_08158,1031.51
OUT_08159,2246.6
OUT_08160,989.72
OUT_08161,144.05
OUT_08162,159.01
OUT_08163,142.26
OUT_08164,160.69
OUT_08165,280.34
OUT_08166,173.57
OUT_08167,291.01
OUT_08168,128.14
OUT_08169,171.45
OUT_08170,157.77
OUT_08171,145.47
OUT_08172,318.92
OUT_08173,240.47
OUT_08174,161.28
OUT_08175,1076.46
OUT_08176,137.22
OUT_08177,1025.1
OUT_08178,317.08
OUT_08179,973.55
OUT_08180,172.72
OUT_08181,268.98
OUT_08182,274.46
OUT_08183,169.46
OUT_08184,161.34
OUT_08185,153.81
OUT_08186,981.5
OUT_08187,976.01
OUT_08188,278.85
OUT_08189,128.9
OUT_08190,324.78
OUT_08191,142.33
OUT_08192,263.33
OUT_08193,133.09
OUT_08194,153.48
OUT_08195,982.94
OUT_08196,222.37
OUT_08197,155.89
OUT_08198,239.77
OUT_08199,299.28
OUT_08200,126.55
OUT_08201,2380.73
OUT_08202,167.57
OUT_08203,150.38
OUT_08204,210.2
OUT_08205,118.52
OUT_08206,1154.95
OUT_08207,150.26
OUT_08208,267.74
OUT_08209,285.91
OUT_08210,129.67
OUT_08211,195.82
OUT_08212,176.63
OUT_08213,151.05
OUT_08214,131.49
OUT_08215,319.62
OUT_08216,954.91
OUT_08217,896.14
OUT_08218,2088.3
OUT_08219,242.5
OUT_08220,188.13
OUT_08221,989.16
OUT_08222,1085.81
OUT_08223,155.66
OUT_08224,160.15
OUT_08225,1059.1
OUT_08226,2332.04
OUT_08227,903.42
OUT_08228,998.28
OUT_08229,172.64
OUT_08230,315.53
OUT_08231,2229.87
OUT_08232,129.74
OUT_08233,926.89
OUT_08234,975.55
OUT_08235,139.25
OUT_08236,171.11
OUT_08237,948.1
OUT_08238,318.57
OUT_08239,275.14
OUT_08240,154.81
OUT_08241,867.4
OUT_08242,144.75
OUT_08243,1293.73
OUT_08244,149.16
OUT_08245,141.59
OUT_08246,134.76
OUT_08247,327.1
OUT_08248,171.28
OUT_08249,163.31
OUT_08250,148.87
OUT_08251,317.86
OUT_08252,168.96
OUT_08253,156.24
OUT_08254,269.08
OUT_08255,303.62
OUT_08256,175.28
OUT_08257,300.59
OUT_08258,313.96
OUT_08259,238.29
OUT_08260,1178.43
OUT_08261,1038.09
OUT_08262,278.43
OUT_08263,139.31
OUT_08264,260.03
OUT_08265,145.64
OUT_08266,97.77
OUT_08267,295.43
OUT_08268,170.27
OUT_08269,154.89
OUT_08270,260.64
OUT_08271,981.24
OUT_08272,311.12
OUT_08273,1056.89
OUT_08274,150.19
OUT_08275,1045.26
OUT_08276,140.0
OUT_08277,224.43
OUT_08278,2388.12
OUT_08279,300.14
OUT_08280,1028.18
OUT_08281,976.27
OUT_08282,143.94
OUT_08283,127.34
OUT_08284,163.28
OUT_08285,166.73
OUT_08286,285.92
OUT_08287,277.72
OUT_08288,319.56
OUT_08289,169.35
OUT_08290,176.17
OUT_08291,172.23
OUT_08292,1128.76
OUT_08293,121.88
OUT_08294,261.14
OUT_08295,142.18
OUT_08296,2435.7
OUT_08297,159.87
OUT_08298,2430.75
OUT_08299,140.92
OUT_08300,331.93
OUT_08301,170.57
OUT_08302,141.79
OUT_08303,294.34
OUT_08304,2236.5
OUT_08305,897.47
OUT_08306,158.54
OUT_08307,1028.41
OUT_08308,290.31
OUT_08309,325.69
OUT_08310,293.77
OUT_08311,140.5
OUT_08312,160.28
OUT_08313,1081.14
OUT_08314,148.59
OUT_08315,149.86
OUT_08316,177.04
OUT_08317,174.82
OUT_08318,139.32
OUT_08319,293.16
OUT_08320,318.07
OUT_08321,292.02
OUT_08322,177.96
OUT_08323,286.44
OUT_08324,157.89
OUT_08325,271.98
OUT_08326,337.24
OUT_08327,1044.88
OUT_08328,293.12
OUT_08329,295.81
OUT_08330,1039.19
OUT_08331,976.93
OUT_08332,1015.45
OUT_08333,133.63
OUT_08334,165.85
OUT_08335,256.37
OUT_08336,189.99
OUT_08337,141.22
OUT_08338,261.15
OUT_08339,168.26
OUT_08340,292.37
OUT_08341,137.78
OUT_08342,368.11
OUT_08343,173.11
OUT_08344,150.06
OUT_08345,136.61
OUT_08346,251.7
OUT_08347,890.94
OUT_08348,959.47
OUT_08349,128.82
OUT_08350,126.51
OUT_08351,219.87
OUT_08352,174.71
OUT_08353,128.36
OUT_08354,169.38
OUT_08355,912.05
OUT_08356,358.63
OUT_08357,292.1
OUT_08358,300.54
OUT_08359,155.7
OUT_08360,994.54
OUT_08361,339.64
OUT_08362,1019.31
OUT_08363,163.73
OUT_08364,150.79
OUT_08365,129.94
OUT_08366,175.12
OUT_08367,125.41
OUT_08368,135.7
OUT_08369,154.36
OUT_08370,151.69
OUT_08371,289.27
OUT_08372,166.62
OUT_08373,136.57
OUT_08374,179.04
OUT_08375,150.29
OUT_08376,166.33
OUT_08377,263.19
OUT_08378,277.71
OUT_08379,137.98
OUT_08380,313.17
OUT_08381,155.27
OUT_08382,1047.11
OUT_08383,129.85
OUT_08384,143.66
OUT_08385,174.83
OUT_08386,242.98
OUT_08387,344.74
OUT_08388,267.6
OUT_08389,150.95
OUT_08390,245.87
OUT_08391,143.75
OUT_08392,156.81
OUT_08393,118.26
OUT_08394,132.58
OUT_08395,152.51
OUT_08396,313.96
OUT_08397,118.79
OUT_08398,246.06
OUT_08399,136.85
OUT_08400,1078.6
OUT_08401,154.41
OUT_08402,2156.57
OUT_08403,159.96
OUT_08404,143.1
OUT_08405,177.0
OUT_08406,353.59
OUT_08407,180.97
OUT_08408,958.66
OUT_08409,130.09
OUT_08410,152.16
OUT_08411,298.66
OUT_08412,141.69
OUT_08413,264.04
OUT_08414,265.07
OUT_08415,155.24
OUT_08416,130.51
OUT_08417,129.21
OUT_08418,175.38
OUT_08419,156.81
OUT_08420,168.39
OUT_08421,225.92
OUT_08422,227.55
OUT_08423,138.06
OUT_08424,151.44
OUT_08425,171.43
OUT_08426,152.17
OUT_08427,924.17
OUT_08428,167.48
OUT_08429,185.74
OUT_08430,170.37
OUT_08431,154.1
OUT_08432,2235.14
OUT_08433,158.26
OUT_08434,124.94
OUT_08435,132.81
OUT_08436,325.42
OUT_08437,971.89
OUT_08438,1110.26
OUT_08439,184.06
OUT_08440,175.45
OUT_08441,128.64
OUT_08442,2166.5
OUT_08443,322.12
OUT_08444,236.8
OUT_08445,151.75
OUT_08446,298.24
OUT_08447,137.61
OUT_08448,329.25
OUT_08449,943.48
OUT_08450,165.17
OUT_08451,290.14
OUT_08452,2370.52
OUT_08453,167.06
OUT_08454,146.41
OUT_08455,1021.88
OUT_08456,151.75
OUT_08457,1216.38
OUT_08458,1289.39
OUT_08459,241.45
OUT_08460,132.33
OUT_08461,305.23
OUT_08462,142.61
OUT_08463,263.71
OUT_08464,924.24
OUT_08465,247.16
OUT_08466,301.07
OUT_08467,160.66
OUT_08468,285.78
OUT_08469,297.9
OUT_08470,331.86
OUT_08471,145.11
OUT_08472,267.75
OUT_08473,304.26
OUT_08474,1227.89
OUT_08475,141.28
OUT_08476,189.94
OUT_08477,1016.23
OUT_08478,165.26
OUT_08479,224.71
OUT_08480,225.23
OUT_08481,134.16
OUT_08482,309.72
OUT_08483,141.39
OUT_08484,2341.24
OUT_08485,2217.18
OUT_08486,152.62
OUT_08487,146.82
OUT_08488,136.7
OUT_08489,1229.27
OUT_08490,286.62
OUT_08491,289.76
OUT_08492,295.29
OUT_08493,909.36
OUT_08494,151.78
OUT_08495,136.33
OUT_08496,1087.58
OUT_08497,154.03
OUT_08498,141.01
OUT_08499,149.64
OUT_08500,138.23
OUT_08501,173.18
OUT_08502,886.37
OUT_08503,148.9
OUT_08504,292.71
OUT_08505,171.82
OUT_08506,957.18
OUT_08507,192.02
OUT_08508,308.38
OUT_08509,158.35
OUT_08510,185.1
OUT_08511,124.4
OUT_08512,1196.0
OUT_08513,171.41
OUT_08514,185.66
OUT_08515,303.82
OUT_08516,149.27
OUT_08517,861.95
OUT_08518,280.65
OUT_08519,146.58
OUT_08520,158.02
OUT_08521,157.18
OUT_08522,128.08
OUT_08523,330.08
OUT_08524,298.94
OUT_08525,306.15
OUT_08526,2282.42
OUT_08527,184.33
OUT_08528,116.1
OUT_08529,160.24
OUT_08530,387.15
OUT_08531,153.82
OUT_08532,296.41
OUT_08533,159.7
OUT_08534,149.08
OUT_08535,142.45
OUT_08536,154.27
OUT_08537,976.73
OUT_08538,145.74
OUT_08539,264.51
OUT_08540,1203.8
OUT_08541,365.42
OUT_08542,146.79
OUT_08543,256.43
OUT_08544,991.79
OUT_08545,171.22
OUT_08546,149.87
OUT_08547,166.63
OUT_08548,133.43
OUT_08549,2162.6
OUT_08550,998.14
OUT_08551,151.6
OUT_08552,901.59
OUT_08553,263.97
OUT_08554,132.46
OUT_08555,952.0
OUT_08556,323.7
OUT_08557,138.55
OUT_08558,149.05
OUT_08559,873.28
OUT_08560,251.54
OUT_08561,243.24
OUT_08562,152.59
OUT_08563,325.5
OUT_08564,857.64
OUT_08565,1055.53
OUT_08566,286.76
OUT_08567,145.43
OUT_08568,1014.52
OUT_08569,146.14
OUT_08570,153.55
OUT_08571,179.11
OUT_08572,129.07
OUT_08573,302.54
OUT_08574,233.59
OUT_08575,242.66
OUT_08576,151.27
OUT_08577,234.97
OUT_08578,462.04
OUT_08579,164.49
OUT_08580,161.79
OUT_08581,355.53
OUT_08582,317.21
OUT_08583,2307.3
OUT_08584,153.2
OUT_08585,156.54
OUT_08586,194.03
OUT_08587,177.93
OUT_08588,286.77
OUT_08589,151.67
OUT_08590,247.78
OUT_08591,187.29
OUT_08592,282.77
OUT_08593,144.35
OUT_08594,137.76
OUT_08595,305.13
OUT_08596,319.13
OUT_08597,99.92
OUT_08598,126.6
OUT_08599,155.79
OUT_08600,135.74
OUT_08601,157.43
OUT_08602,303.57
OUT_08603,826.79
OUT_08604,158.41
OUT_08605,142.06
OUT_08606,997.9
OUT_08607,151.99
OUT_08608,298.18
OUT_08609,134.86
OUT_08610,137.36
OUT_08611,248.39
OUT_08612,149.89
OUT_08613,327.92
OUT_08614,2351.02
OUT_08615,148.76
OUT_08616,178.63
OUT_08617,161.21
OUT_08618,242.12
OUT_08619,1088.84
OUT_08620,181.42
OUT_08621,164.61
OUT_08622,147.92
OUT_08623,244.11
OUT_08624,146.26
OUT_08625,2203.54
OUT_08626,226.04
OUT_08627,155.99
OUT_08628,159.36
OUT_08629,157.43
OUT_08630,943.03
OUT_08631,958.7
OUT_08632,144.7
OUT_08633,181.14
OUT_08634,158.06
OUT_08635,128.19
OUT_08636,2098.28
OUT_08637,171.91
OUT_08638,284.0
OUT_08639,154.39
OUT_08640,261.86
OUT_08641,333.83
OUT_08642,992.39
OUT_08643,263.27
OUT_08644,156.42
OUT_08645,129.66
OUT_08646,171.62
OUT_08647,960.12
OUT_08648,272.59
OUT_08649,152.02
OUT_08650,254.99
OUT_08651,2331.74
OUT_08652,986.65
OUT_08653,1173.49
OUT_08654,151.26
OUT_08655,304.66
OUT_08656,279.63
OUT_08657,264.77
OUT_08658,1011.87
OUT_08659,146.61
OUT_08660,2281.41
OUT_08661,155.87
OUT_08662,146.62
OUT_08663,151.26
OUT_08664,114.51
OUT_08665,1380.16
OUT_08666,2339.85
OUT_08667,151.08
OUT_08668,182.95
OUT_08669,179.45
OUT_08670,1048.63
OUT_08671,152.43
OUT_08672,139.19
OUT_08673,985.19
OUT_08674,340.09
OUT_08675,147.17
OUT_08676,2171.64
OUT_08677,121.64
OUT_08678,163.22
OUT_08679,276.54
OUT_08680,308.97
OUT_08681,141.11
OUT_08682,952.26
OUT_08683,161.27
OUT_08684,159.08
OUT_08685,163.89
OUT_08686,304.27
OUT_08687,179.15
OUT_08688,152.49
OUT_08689,124.61
OUT_08690,143.76
OUT_08691,278.05
OUT_08692,274.12
OUT_08693,254.34
OUT_08694,333.67
OUT_08695,1032.85
OUT_08696,154.5
OUT_08697,139.06
OUT_08698,280.67
OUT_08699,303.32
OUT_08700,370.49
OUT_08701,289.5
OUT_08702,255.4
OUT_08703,147.8
OUT_08704,1058.87
OUT_08705,237.49
OUT_08706,168.97
OUT_08707,141.83
OUT_08708,1015.85
OUT_08709,176.32
OUT_08710,137.1
OUT_08711,191.85
OUT_08712,151.22
OUT_08713,143.1
OUT_08714,260.83
OUT_08715,131.59
OUT_08716,2162.75
OUT_08717,302.69
OUT_08718,150.62
OUT_08719,255.51
OUT_08720,144.26
OUT_08721,1034.26
OUT_08722,274.32
OUT_08723,349.17
OUT_08724,143.29
OUT_08725,121.67
OUT_08726,151.16
OUT_08727,147.22
OUT_08728,336.96
OUT_08729,188.09
OUT_08730,162.24
OUT_08731,134.7
OUT_08732,167.9
OUT_08733,153.19
OUT_08734,178.31
OUT_08735,320.8
OUT_08736,924.62
OUT_08737,148.07
OUT_08738,271.24
OUT_08739,2218.66
OUT_08740,158.78
OUT_08741,134.48
OUT_08742,133.24
OUT_08743,152.77
OUT_08744,157.65
OUT_08745,274.34
OUT_08746,157.61
OUT_08747,147.28
OUT_08748,137.3
OUT_08749,313.63
OUT_08750,287.8
OUT_08751,272.58
OUT_08752,167.59
OUT_08753,1007.37
OUT_08754,154.1
OUT_08755,107.78
OUT_08756,1200.72
OUT_08757,138.09
OUT_08758,141.95
OUT_08759,1254.21
OUT_08760,146.62
OUT_08761,1066.56
OUT_08762,150.54
OUT_08763,300.48
OUT_08764,918.28
OUT_08765,153.57
OUT_08766,162.59
OUT_08767,943.78
OUT_08768,156.12
OUT_08769,138.26
OUT_08770,259.08
OUT_08771,240.19
OUT_08772,227.28
OUT_08773,140.9
OUT_08774,128.43
OUT_08775,257.13
OUT_08776,958.28
OUT_08777,161.5
OUT_08778,137.64
OUT_08779,167.59
OUT_08780,900.82
OUT_08781,310.16
OUT_08782,284.01
OUT_08783,1029.97
OUT_08784,253.98
OUT_08785,1071.43
OUT_08786,136.08
OUT_08787,257.99
OUT_08788,133.7
OUT_08789,1135.93
OUT_08790,146.28
OUT_08791,289.41
OUT_08792,130.53
OUT_08793,156.18
OUT_08794,305.48
OUT_08795,156.67
OUT_08796,187.93
OUT_08797,136.14
OUT_08798,134.48
OUT_08799,156.37
OUT_08800,172.43
OUT_08801,255.7
OUT_08802,157.47
OUT_08803,253.92
OUT_08804,161.88
OUT_08805,2258.75
OUT_08806,124.0
OUT_08807,278.27
OUT_08808,252.62
OUT_08809,140.23
OUT_08810,137.17
OUT_08811,157.79
OUT_08812,173.57
OUT_08813,135.15
OUT_08814,163.54
OUT_08815,944.06
OUT_08816,126.08
OUT_08817,246.38
OUT_08818,270.68
OUT_08819,241.82
OUT_08820,135.12
OUT_08821,269.28
OUT_08822,255.6
OUT_08823,259.06
OUT_08824,155.14
OUT_08825,158.73
OUT_08826,988.85
OUT_08827,2401.2
OUT_08828,146.2
OUT_08829,135.45
OUT_08830,138.24
OUT_08831,2311.0
OUT_08832,169.28
OUT_08833,132.73
OUT_08834,174.82
OUT_08835,2312.78
OUT_08836,134.09
OUT_08837,269.45
OUT_08838,284.46
OUT_08839,153.25
OUT_08840,985.02
OUT_08841,1368.96
OUT_08842,160.74
OUT_08843,1064.74
OUT_08844,253.79
OUT_08845,235.78
OUT_08846,376.98
OUT_08847,289.57
OUT_08848,293.55
OUT_08849,313.97
OUT_08850,1070.94
OUT_08851,172.43
OUT_08852,172.34
OUT_08853,925.52
OUT_08854,137.24
OUT_08855,1025.22
OUT_08856,153.47
OUT_08857,261.5
OUT_08858,290.06
OUT_08859,145.57
OUT_08860,868.47
OUT_08861,140.55
OUT_08862,159.78
OUT_08863,133.02
OUT_08864,201.2
OUT_08865,255.52
OUT_08866,153.27
OUT_08867,139.3
OUT_08868,160.4
OUT_08869,313.68
OUT_08870,179.27
OUT_08871,1085.28
OUT_08872,2145.09
OUT_08873,160.71
OUT_08874,170.05
OUT_08875,316.02
OUT_08876,170.56
OUT_08877,967.57
OUT_08878,291.19
OUT_08879,280.4
OUT_08880,169.18
OUT_08881,149.31
OUT_08882,157.08
OUT_08883,908.1
OUT_08884,960.67
OUT_08885,159.86
OUT_08886,990.92
OUT_08887,253.38
OUT_08888,120.54
OUT_08889,156.17
OUT_08890,179.05
OUT_08891,1024.03
OUT_08892,308.41
OUT_08893,294.38
OUT_08894,184.61
OUT_08895,1046.5
OUT_08896,146.33
OUT_08897,309.52
OUT_08898,1111.98
OUT_08899,248.37
OUT_08900,147.81
OUT_08901,174.99
OUT_08902,298.5
OUT_08903,150.23
OUT_08904,179.05
OUT_08905,139.9
OUT_08906,297.42
OUT_08907,301.44
OUT_08908,164.05
OUT_08909,139.87
OUT_08910,925.43
OUT_08911,130.86
OUT_08912,237.62
OUT_08913,1008.66
OUT_08914,925.68
OUT_08915,164.42
OUT_08916,155.0
OUT_08917,133.31
OUT_08918,273.46
OUT_08919,170.0
OUT_08920,152.93
OUT_08921,1030.38
OUT_08922,284.57
OUT_08923,168.37
OUT_08924,296.12
OUT_08925,1066.76
OUT_08926,186.7
OUT_08927,298.63
OUT_08928,880.02
OUT_08929,2225.5
OUT_08930,158.22
OUT_08931,124.52
OUT_08932,131.14
OUT_08933,250.82
OUT_08934,253.22
OUT_08935,266.3
OUT_08936,124.02
OUT_08937,185.44
OUT_08938,918.71
OUT_08939,126.86
OUT_08940,144.62
OUT_08941,155.19
OUT_08942,171.4
OUT_08943,169.99
OUT_08944,806.71
OUT_08945,156.72
OUT_08946,1033.19
OUT_08947,1222.06
OUT_08948,172.28
OUT_08949,245.19
OUT_08950,267.86
OUT_08951,145.86
OUT_08952,139.47
OUT_08953,126.31
OUT_08954,160.65
OUT_08955,118.54
OUT_08956,170.03
OUT_08957,146.16
OUT_08958,1072.3
OUT_08959,247.27
OUT_08960,135.12
OUT_08961,160.62
OUT_08962,151.74
OUT_08963,128.62
OUT_08964,888.61
OUT_08965,977.43
OUT_08966,294.6
OUT_08967,159.19
OUT_08968,340.15
OUT_08969,1239.82
OUT_08970,320.73
OUT_08971,158.18
OUT_08972,136.9
OUT_08973,171.44
OUT_08974,249.9
OUT_08975,133.0
OUT_08976,164.06
OUT_08977,138.08
OUT_08978,982.71
OUT_08979,976.21
OUT_08980,162.04
OUT_08981,129.28
OUT_08982,189.72
OUT_08983,268.13
OUT_08984,166.86
OUT_08985,138.02
OUT_08986,976.13
OUT_08987,229.67
OUT_08988,144.53
OUT_08989,142.37
OUT_08990,137.15
OUT_08991,283.71
OUT_08992,985.37
OUT_08993,120.18
OUT_08994,287.9
OUT_08995,2394.93
OUT_08996,129.26
OUT_08997,283.45
OUT_08998,320.31
OUT_08999,255.55
OUT_09000,131.87
OUT_09001,167.69
OUT_09002,190.44
OUT_09003,141.53
OUT_09004,136.82
OUT_09005,131.54
OUT_09006,2202.83
OUT_09007,2424.08
OUT_09008,162.85
OUT_09009,146.88
OUT_09010,1081.26
OUT_09011,1337.16
OUT_09012,2244.01
OUT_09013,164.73
OUT_09014,1200.66
OUT_09015,2370.63
OUT_09016,169.11
OUT_09017,157.91
OUT_09018,173.06
OUT_09019,140.76
OUT_09020,167.32
OUT_09021,154.78
OUT_09022,386.41
OUT_09023,157.83
OUT_09024,2158.84
OUT_09025,331.45
OUT_09026,160.01
OUT_09027,160.8
OUT_09028,335.61
OUT_09029,179.65
OUT_09030,140.6
OUT_09031,147.11
OUT_09032,301.13
OUT_09033,159.4
OUT_09034,368.26
OUT_09035,287.95
OUT_09036,2249.86
OUT_09037,147.53
OUT_09038,302.98
OUT_09039,1155.55
OUT_09040,156.68
OUT_09041,301.92
OUT_09042,1025.25
OUT_09043,1088.5
OUT_09044,352.49
OUT_09045,290.13
OUT_09046,134.19
OUT_09047,1237.26
OUT_09048,987.81
OUT_09049,143.78
OUT_09050,1011.81
OUT_09051,1001.53
OUT_09052,155.77
OUT_09053,340.92
OUT_09054,323.97
OUT_09055,192.29
OUT_09056,266.04
OUT_09057,298.97
OUT_09058,937.52
OUT_09059,162.05
OUT_09060,150.25
OUT_09061,167.48
OUT_09062,166.25
OUT_09063,160.79
OUT_09064,1050.45
OUT_09065,254.44
OUT_09066,176.81
OUT_09067,164.59
OUT_09068,1073.8
OUT_09069,309.95
OUT_09070,1018.8
OUT_09071,971.26
OUT_09072,2254.38
OUT_09073,315.49
OUT_09074,1058.12
OUT_09075,179.02
OUT_09076,313.26
OUT_09077,152.45
OUT_09078,343.8
OUT_09079,283.56
OUT_09080,138.98
OUT_09081,995.17
OUT_09082,176.46
OUT_09083,280.79
OUT_09084,180.55
OUT_09085,158.49
OUT_09086,129.48
OUT_09087,140.71
OUT_09088,161.0
OUT_09089,995.17
OUT_09090,317.57
OUT_09091,320.05
OUT_09092,128.7
OUT_09093,1082.31
OUT_09094,291.88
OUT_09095,328.81
OUT_09096,296.23
OUT_09097,1236.42
OUT_09098,153.19
OUT_09099,299.94
OUT_09100,288.04
OUT_09101,278.48
OUT_09102,284.98
OUT_09103,139.93
OUT_09104,1073.89
OUT_09105,181.06
OUT_09106,266.16
OUT_09107,131.95
OUT_09108,317.22
OUT_09109,167.49
OUT_09110,889.19
OUT_09111,2400.68
OUT_09112,385.28
OUT_09113,181.5
OUT_09114,309.23
OUT_09115,166.7
OUT_09116,178.0
OUT_09117,311.67
OUT_09118,183.09
OUT_09119,244.44
OUT_09120,997.67
OUT_09121,151.21
OUT_09122,1022.68
OUT_09123,308.97
OUT_09124,143.2
OUT_09125,127.62
OUT_09126,170.55
OUT_09127,156.86
OUT_09128,343.72
OUT_09129,152.77
OUT_09130,160.04
OUT_09131,277.65
OUT_09132,155.98
OUT_09133,133.51
OUT_09134,1088.63
OUT_09135,153.27
OUT_09136,170.14
OUT_09137,141.02
OUT_09138,164.99
OUT_09139,287.71
OUT_09140,147.41
OUT_09141,170.8
OUT_09142,360.43
OUT_09143,312.14
OUT_09144,163.73
OUT_09145,153.21
OUT_09146,307.17
OUT_09147,155.17
OUT_09148,162.51
OUT_09149,136.74
OUT_09150,151.13
OUT_09151,1049.66
OUT_09152,136.2
OUT_09153,133.82
OUT_09154,330.54
OUT_09155,127.64
OUT_09156,189.06
OUT_09157,218.58
OUT_09158,266.6
OUT_09159,281.77
OUT_09160,157.96
OUT_09161,165.09
OUT_09162,163.73
OUT_09163,151.99
OUT_09164,325.08
OUT_09165,279.16
OUT_09166,178.53
OUT_09167,310.64
OUT_09168,166.11
OUT_09169,149.62
OUT_09170,964.55
OUT_09171,151.93
OUT_09172,327.83
OUT_09173,128.37
OUT_09174,337.73
OUT_09175,265.27
OUT_09176,133.15
OUT_09177,161.33
OUT_09178,161.08
OUT_09179,165.27
OUT_09180,281.6
OUT_09181,289.32
OUT_09182,323.78
OUT_09183,906.96
OUT_09184,155.62
OUT_09185,949.8
OUT_09186,1098.96
OUT_09187,266.4
OUT_09188,288.91
OUT_09189,141.58
OUT_09190,310.35
OUT_09191,1030.23
OUT_09192,366.81
OUT_09193,140.49
OUT_09194,161.42
OUT_09195,151.9
OUT_09196,129.47
OUT_09197,265.5
OUT_09198,1046.26
OUT_09199,169.32
OUT_09200,972.33
OUT_09201,278.99
OUT_09202,199.55
OUT_09203,142.7
OUT_09204,276.97
OUT_09205,159.22
OUT_09206,144.6
OUT_09207,1072.13
OUT_09208,165.23
OUT_09209,151.43
OUT_09210,341.08
OUT_09211,369.07
OUT_09212,161.96
OUT_09213,283.2
OUT_09214,2219.57
OUT_09215,988.8
OUT_09216,2442.39
OUT_09217,1117.97
OUT_09218,136.7
OUT_09219,244.46
OUT_09220,276.04
OUT_09221,2340.02
OUT_09222,157.89
OUT_09223,169.46
OUT_09224,282.86
OUT_09225,137.62
OUT_09226,169.89
OUT_09227,123.85
OUT_09228,156.19
OUT_09229,293.66
OUT_09230,149.99
OUT_09231,147.94
OUT_09232,1030.78
OUT_09233,1002.23
OUT_09234,141.33
OUT_09235,137.74
OUT_09236,1111.21
OUT_09237,164.8
OUT_09238,319.67
OUT_09239,153.52
OUT_09240,137.47
OUT_09241,291.8
OUT_09242,170.9
OUT_09243,1046.78
OUT_09244,270.71
OUT_09245,154.6
OUT_09246,173.74
OUT_09247,185.06
OUT_09248,162.06
OUT_09249,155.9
OUT_09250,259.52
OUT_09251,137.91
OUT_09252,146.12
OUT_09253,296.31
OUT_09254,144.82
OUT_09255,295.99
OUT_09256,253.43
OUT_09257,2341.06
OUT_09258,161.15
OUT_09259,1006.09
OUT_09260,160.76
OUT_09261,144.59
OUT_09262,1054.39
OUT_09263,1019.33
OUT_09264,137.81
OUT_09265,1229.28
OUT_09266,157.27
OUT_09267,300.41
OUT_09268,148.74
OUT_09269,208.67
OUT_09270,149.46
OUT_09271,282.57
OUT_09272,243.9
OUT_09273,181.91
OUT_09274,2385.26
OUT_09275,2440.92
OUT_09276,137.0
OUT_09277,307.45
OUT_09278,166.35
OUT_09279,162.88
OUT_09280,137.97
OUT_09281,172.29
OUT_09282,176.46
OUT_09283,293.03
OUT_09284,333.04
OUT_09285,121.73
OUT_09286,282.29
OUT_09287,164.78
OUT_09288,1072.9
OUT_09289,173.57
OUT_09290,160.19
OUT_09291,318.99
OUT_09292,124.34
OUT_09293,323.19
OUT_09294,286.18
OUT_09295,169.12
OUT_09296,142.86
OUT_09297,989.24
OUT_09298,168.29
OUT_09299,167.85
OUT_09300,142.19
OUT_09301,255.52
OUT_09302,300.54
OUT_09303,2173.63
OUT_09304,1028.66
OUT_09305,174.0
OUT_09306,135.78
OUT_09307,1270.64
OUT_09308,162.55
OUT_09309,161.78
OUT_09310,2268.1
OUT_09311,178.67
OUT_09312,137.14
OUT_09313,166.05
OUT_09314,362.74
OUT_09315,249.76
OUT_09316,334.41
OUT_09317,1135.76
OUT_09318,928.64
OUT_09319,312.94
OUT_09320,1003.31
OUT_09321,187.16
OUT_09322,167.0
OUT_09323,2200.49
OUT_09324,280.61
OUT_09325,154.62
OUT_09326,162.16
OUT_09327,161.64
OUT_09328,154.99
OUT_09329,149.19
OUT_09330,161.43
OUT_09331,339.57
OUT_09332,992.74
OUT_09333,146.5
OUT_09334,161.5
OUT_09335,156.14
OUT_09336,1310.83
OUT_09337,156.8
OUT_09338,182.31
OUT_09339,140.87
OUT_09340,1027.99
OUT_09341,168.46
OUT_09342,989.22
OUT_09343,347.81
OUT_09344,177.28
OUT_09345,176.99
OUT_09346,152.68
OUT_09347,328.32
OUT_09348,175.15
OUT_09349,252.29
OUT_09350,149.68
OUT_09351,252.51
OUT_09352,137.74
OUT_09353,150.57
OUT_09354,998.38
OUT_09355,295.52
OUT_09356,163.02
OUT_09357,916.79
OUT_09358,161.47
OUT_09359,139.48
OUT_09360,169.24
OUT_09361,155.36
OUT_09362,174.34
OUT_09363,144.64
OUT_09364,166.68
OUT_09365,976.02
OUT_09366,172.09
OUT_09367,167.93
OUT_09368,160.87
OUT_09369,2261.98
OUT_09370,294.68
OUT_09371,190.03
OUT_09372,328.91
OUT_09373,245.29
OUT_09374,179.92
OUT_09375,168.33
OUT_09376,197.18
OUT_09377,1020.0
OUT_09378,171.2
OUT_09379,273.61
OUT_09380,321.34
OUT_09381,177.26
OUT_09382,254.24
OUT_09383,294.52
OUT_09384,127.53
OUT_09385,305.89
OUT_09386,339.47
OUT_09387,187.5
OUT_09388,309.23
OUT_09389,144.12
OUT_09390,2366.85
OUT_09391,292.46
OUT_09392,144.24
OUT_09393,139.72
OUT_09394,323.77
OUT_09395,174.84
OUT_09396,396.93
OUT_09397,282.32
OUT_09398,290.55
OUT_09399,301.04
OUT_09400,1396.12
OUT_09401,311.4
OUT_09402,143.06
OUT_09403,187.28
OUT_09404,280.45
OUT_09405,342.17
OUT_09406,165.1
OUT_09407,1032.17
OUT_09408,161.68
OUT_09409,178.04
OUT_09410,1132.36
OUT_09411,358.44
OUT_09412,136.2
OUT_09413,152.93
OUT_09414,305.11
OUT_09415,160.32
OUT_09416,183.18
OUT_09417,292.45
OUT_09418,295.2
OUT_09419,137.78
OUT_09420,145.59
OUT_09421,202.9
OUT_09422,2333.09
OUT_09423,236.14
OUT_09424,323.15
OUT_09425,257.7
OUT_09426,142.38
OUT_09427,313.12
OUT_09428,177.36
OUT_09429,289.82
OUT_09430,322.88
OUT_09431,187.82
OUT_09432,154.34
OUT_09433,145.87
OUT_09434,170.96
OUT_09435,127.82
OUT_09436,343.91
OUT_09437,166.62
OUT_09438,157.18
OUT_09439,212.59
OUT_09440,145.82
OUT_09441,150.8
OUT_09442,326.77
OUT_09443,156.68
OUT_09444,151.78
OUT_09445,2308.48
OUT_09446,265.84
OUT_09447,299.09
OUT_09448,1046.64
OUT_09449,180.5
OUT_09450,1052.04
OUT_09451,160.26
OUT_09452,187.37
OUT_09453,173.81
OUT_09454,141.68
OUT_09455,350.63
OUT_09456,146.67
OUT_09457,157.67
OUT_09458,375.19
OUT_09459,143.24
OUT_09460,157.35
OUT_09461,242.47
OUT_09462,132.07
OUT_09463,1056.96
OUT_09464,181.78
OUT_09465,172.57
OUT_09466,268.18
OUT_09467,167.76
OUT_09468,162.33
OUT_09469,960.42
OUT_09470,327.29
OUT_09471,366.47
OUT_09472,174.9
OUT_09473,174.46
OUT_09474,177.94
OUT_09475,149.3
OUT_09476,1008.22
OUT_09477,975.77
OUT_09478,122.66
OUT_09479,329.21
OUT_09480,258.48
OUT_09481,313.39
OUT_09482,2205.85
OUT_09483,148.58
OUT_09484,939.07
OUT_09485,173.87
OUT_09486,189.53
OUT_09487,1055.89
OUT_09488,146.56
OUT_09489,148.14
OUT_09490,125.3
OUT_09491,1025.47
OUT_09492,300.48
OUT_09493,138.99
OUT_09494,141.55
OUT_09495,276.35
OUT_09496,163.88
OUT_09497,159.33
OUT_09498,247.18
OUT_09499,151.4
OUT_09500,169.94
OUT_09501,2458.4
OUT_09502,164.72
OUT_09503,131.64
OUT_09504,166.41
OUT_09505,329.48
OUT_09506,143.52
OUT_09507,311.69
OUT_09508,308.2
OUT_09509,1311.42
OUT_09510,252.84
OUT_09511,173.59
OUT_09512,129.42
OUT_09513,156.36
OUT_09514,170.72
OUT_09515,1067.06
OUT_09516,160.12
OUT_09517,184.17
OUT_09518,253.65
OUT_09519,918.06
OUT_09520,243.79
OUT_09521,171.93
OUT_09522,155.11
OUT_09523,2235.49
OUT_09524,337.19
OUT_09525,339.22
OUT_09526,141.53
OUT_09527,139.08
OUT_09528,162.51
OUT_09529,277.75
OUT_09530,172.17
OUT_09531,169.34
OUT_09532,170.4
OUT_09533,2386.18
OUT_09534,158.26
OUT_09535,190.28
OUT_09536,143.89
OUT_09537,272.98
OUT_09538,182.01
OUT_09539,167.81
OUT_09540,1013.63
OUT_09541,313.54
OUT_09542,283.07
OUT_09543,298.89
OUT_09544,132.67
OUT_09545,309.49
OUT_09546,161.63
OUT_09547,315.21
OUT_09548,1069.49
OUT_09549,137.49
OUT_09550,279.48
OUT_09551,344.4
OUT_09552,1063.99
OUT_09553,311.31
OUT_09554,174.73
OUT_09555,157.12
OUT_09556,147.07
OUT_09557,130.66
OUT_09558,154.25
OUT_09559,343.02
OUT_09560,135.92
OUT_09561,215.81
OUT_09562,156.47
OUT_09563,167.91
OUT_09564,142.6
OUT_09565,145.84
OUT_09566,187.61
OUT_09567,322.65
OUT_09568,1053.41
OUT_09569,376.74
OUT_09570,1028.45
OUT_09571,183.92
OUT_09572,262.49
OUT_09573,335.18
OUT_09574,178.41
OUT_09575,135.43
OUT_09576,1061.04
OUT_09577,122.9
OUT_09578,275.92
OUT_09579,1191.03
OUT_09580,167.96
OUT_09581,1073.84
OUT_09582,2283.79
OUT_09583,916.01
OUT_09584,159.74
OUT_09585,951.79
OUT_09586,2256.66
OUT_09587,130.16
OUT_09588,284.44
OUT_09589,278.41
OUT_09590,325.86
OUT_09591,287.69
OUT_09592,2230.01
OUT_09593,152.5
OUT_09594,274.83
OUT_09595,307.28
OUT_09596,172.58
OUT_09597,292.98
OUT_09598,178.67
OUT_09599,150.25
OUT_09600,1033.47
OUT_09601,162.67
OUT_09602,146.23
OUT_09603,994.48
OUT_09604,203.89
OUT_09605,308.64
OUT_09606,350.32
OUT_09607,988.12
OUT_09608,2159.75
OUT_09609,180.88
OUT_09610,284.28
OUT_09611,163.5
OUT_09612,154.33
OUT_09613,158.13
OUT_09614,1214.94
OUT_09615,275.06
OUT_09616,138.82
OUT_09617,149.25
OUT_09618,261.89
OUT_09619,166.4
OUT_09620,301.37
OUT_09621,137.33
OUT_09622,331.32
OUT_09623,154.11
OUT_09624,152.47
OUT_09625,159.92
OUT_09626,289.18
OUT_09627,293.96
OUT_09628,205.75
OUT_09629,275.72
OUT_09630,143.61
OUT_09631,348.9
OUT_09632,174.72
OUT_09633,314.31
OUT_09634,2097.54
OUT_09635,251.91
OUT_09636,1046.37
OUT_09637,1129.74
OUT_09638,135.67
OUT_09639,166.75
OUT_09640,153.91
OUT_09641,158.07
OUT_09642,135.1
OUT_09643,321.59
OUT_09644,180.9
OUT_09645,145.8
OUT_09646,154.12
OUT_09647,286.57
OUT_09648,1019.21
OUT_09649,284.12
OUT_09650,152.97
OUT_09651,123.84
OUT_09652,168.01
OUT_09653,244.25
OUT_09654,322.19
OUT_09655,133.54
OUT_09656,1049.83
OUT_09657,181.0
OUT_09658,145.66
OUT_09659,158.6
OUT_09660,314.08
OUT_09661,254.03
OUT_09662,163.81
OUT_09663,163.69
OUT_09664,158.6
OUT_09665,285.66
OUT_09666,142.17
OUT_09667,286.84
OUT_09668,304.85
OUT_09669,156.19
OUT_09670,303.88
OUT_09671,274.24
OUT_09672,150.88
OUT_09673,261.86
OUT_09674,166.07
OUT_09675,151.13
OUT_09676,345.24
OUT_09677,174.38
OUT_09678,144.33
OUT_09679,178.25
OUT_09680,332.96
OUT_09681,123.84
OUT_09682,995.63
OUT_09683,304.61
OUT_09684,169.98
OUT_09685,178.87
OUT_09686,151.25
OUT_09687,180.32
OUT_09688,311.55
OUT_09689,160.13
OUT_09690,165.75
OUT_09691,143.79
OUT_09692,156.96
OUT_09693,314.68
OUT_09694,981.84
OUT_09695,286.86
OUT_09696,181.19
OUT_09697,263.83
OUT_09698,253.33
OUT_09699,167.14
OUT_09700,130.98
OUT_09701,168.91
OUT_09702,152.16
OUT_09703,154.99
OUT_09704,179.53
OUT_09705,254.59
OUT_09706,129.92
OUT_09707,2370.57
OUT_09708,152.85
OUT_09709,207.94
OUT_09710,2233.03
OUT_09711,286.07
OUT_09712,295.84
OUT_09713,167.7
OUT_09714,152.19
OUT_09715,2185.35
OUT_09716,979.04
OUT_09717,946.96
OUT_09718,885.08
OUT_09719,994.54
OUT_09720,142.11
OUT_09721,256.88
OUT_09722,149.15
OUT_09723,343.01
OUT_09724,138.92
OUT_09725,161.29
OUT_09726,145.44
OUT_09727,2216.29
OUT_09728,168.1
OUT_09729,150.89
OUT_09730,166.5
OUT_09731,2328.37
OUT_09732,150.23
OUT_09733,125.62
OUT_09734,156.06
OUT_09735,170.26
OUT_09736,284.67
OUT_09737,145.55
OUT_09738,133.88
OUT_09739,165.79
OUT_09740,148.26
OUT_09741,142.8
OUT_09742,286.24
OUT_09743,186.08
OUT_09744,170.47
OUT_09745,165.87
OUT_09746,183.63
OUT_09747,148.69
OUT_09748,987.01
OUT_09749,170.74
OUT_09750,2418.86
OUT_09751,177.83
OUT_09752,169.49
OUT_09753,173.67
OUT_09754,302.28
OUT_09755,1187.76
OUT_09756,291.52
OUT_09757,176.4
OUT_09758,377.27
OUT_09759,194.32
OUT_09760,167.48
OUT_09761,166.91
OUT_09762,1012.21
OUT_09763,1034.37
OUT_09764,346.15
OUT_09765,149.77
OUT_09766,249.13
OUT_09767,168.17
OUT_09768,1228.77
OUT_09769,155.41
OUT_09770,247.93
OUT_09771,180.93
OUT_09772,996.78
OUT_09773,271.69
OUT_09774,1040.62
OUT_09775,137.32
OUT_09776,173.28
OUT_09777,274.88
OUT_09778,2170.78
OUT_09779,341.91
OUT_09780,2443.35
OUT_09781,153.93
OUT_09782,287.02
OUT_09783,1125.37
OUT_09784,326.99
OUT_09785,125.62
OUT_09786,347.07
OUT_09787,1057.61
OUT_09788,1020.44
OUT_09789,142.15
OUT_09790,180.88
OUT_09791,157.02
OUT_09792,1064.65
OUT_09793,185.08
OUT_09794,180.89
OUT_09795,1052.42
OUT_09796,152.29
OUT_09797,167.11
OUT_09798,355.3
OUT_09799,307.16
OUT_09800,150.64
OUT_09801,149.88
OUT_09802,290.77
OUT_09803,177.15
OUT_09804,154.34
OUT_09805,155.03
OUT_09806,868.23
OUT_09807,370.78
OUT_09808,996.76
OUT_09809,183.67
OUT_09810,161.62
OUT_09811,990.53
OUT_09812,2321.45
OUT_09813,931.19
OUT_09814,156.88
OUT_09815,300.44
OUT_09816,174.46
OUT_09817,2164.24
OUT_09818,135.1
OUT_09819,180.26
OUT_09820,155.43
OUT_09821,140.73
OUT_09822,136.06
OUT_09823,309.11
OUT_09824,150.41
OUT_09825,148.69
OUT_09826,178.22
OUT_09827,326.76
OUT_09828,311.16
OUT_09829,902.21
OUT_09830,269.24
OUT_09831,194.45
OUT_09832,141.67
OUT_09833,144.96
OUT_09834,143.1
OUT_09835,281.44
OUT_09836,168.93
OUT_09837,2279.05
OUT_09838,144.04
OUT_09839,184.57
OUT_09840,1050.92
OUT_09841,142.38
OUT_09842,164.02
OUT_09843,147.54
OUT_09844,188.93
OUT_09845,174.24
OUT_09846,154.42
OUT_09847,307.98
OUT_09848,332.23
OUT_09849,175.35
OUT_09850,154.25
OUT_09851,277.22
OUT_09852,296.67
OUT_09853,167.9
OUT_09854,156.09
OUT_09855,154.53
OUT_09856,180.51
OUT_09857,338.72
OUT_09858,171.2
OUT_09859,1062.98
OUT_09860,166.11
OUT_09861,984.36
OUT_09862,399.9
OUT_09863,269.03
OUT_09864,183.55
OUT_09865,174.29
OUT_09866,150.03
OUT_09867,302.29
OUT_09868,1050.42
OUT_09869,136.17
OUT_09870,246.19
OUT_09871,282.47
OUT_09872,155.04
OUT_09873,142.01
OUT_09874,1001.01
OUT_09875,140.22
OUT_09876,300.69
OUT_09877,1244.82
OUT_09878,149.84
OUT_09879,189.81
OUT_09880,156.49
OUT_09881,312.34
OUT_09882,341.92
OUT_09883,237.8
OUT_09884,132.27
OUT_09885,176.38
OUT_09886,154.36
OUT_09887,320.12
OUT_09888,157.27
OUT_09889,151.54
OUT_09890,307.13
OUT_09891,178.69
OUT_09892,129.47
OUT_09893,258.82
OUT_09894,169.62
OUT_09895,161.96
OUT_09896,286.25
OUT_09897,170.73
OUT_09898,155.06
OUT_09899,159.7
OUT_09900,316.18
OUT_09901,119.97
OUT_09902,164.22
OUT_09903,2180.22
OUT_09904,137.84
OUT_09905,152.67
OUT_09906,196.17
OUT_09907,306.33
OUT_09908,246.47
OUT_09909,141.95
OUT_09910,151.21
OUT_09911,984.71
OUT_09912,1065.88
OUT_09913,308.8
OUT_09914,1160.76
OUT_09915,285.61
OUT_09916,289.37
OUT_09917,241.64
OUT_09918,176.35
OUT_09919,163.08
OUT_09920,173.62
OUT_09921,161.14
OUT_09922,2279.82
OUT_09923,136.79
OUT_09924,287.81
OUT_09925,318.67
OUT_09926,139.42
OUT_09927,331.05
OUT_09928,155.76
OUT_09929,245.42
OUT_09930,352.36
OUT_09931,162.52
OUT_09932,311.52
OUT_09933,2377.39
OUT_09934,934.21
OUT_09935,1018.46
OUT_09936,177.4
OUT_09937,1014.43
OUT_09938,143.14
OUT_09939,297.31
OUT_09940,139.49
OUT_09941,167.05
OUT_09942,147.28
OUT_09943,329.98
OUT_09944,142.01
OUT_09945,107.41
OUT_09946,1001.34
OUT_09947,284.28
OUT_09948,168.19
OUT_09949,159.78
OUT_09950,171.79
OUT_09951,171.27
OUT_09952,956.55
OUT_09953,314.14
OUT_09954,143.95
OUT_09955,148.36
OUT_09956,312.37
OUT_09957,293.34
OUT_09958,138.6
OUT_09959,293.4
OUT_09960,157.48
OUT_09961,1087.03
OUT_09962,164.92
OUT_09963,989.08
OUT_09964,323.32
OUT_09965,130.38
OUT_09966,1074.58
OUT_09967,143.46
OUT_09968,301.58
OUT_09969,180.54
OUT_09970,156.29
OUT_09971,173.39
OUT_09972,360.71
OUT_09973,145.75
OUT_09974,185.97
OUT_09975,164.2
OUT_09976,121.05
OUT_09977,1070.63
OUT_09978,272.02
OUT_09979,1172.36
OUT_09980,133.41
OUT_09981,152.07
OUT_09982,2372.52
OUT_09983,164.56
OUT_09984,305.67
OUT_09985,348.48
OUT_09986,271.15
OUT_09987,1036.97
OUT_09988,291.63
OUT_09989,982.22
OUT_09990,289.33
OUT_09991,138.62
OUT_09992,175.63
OUT_09993,183.09
OUT_09994,158.87
OUT_09995,145.14
OUT_09996,282.29
OUT_09997,249.81
OUT_09998,338.47
OUT_09999,171.85
OUT_10000,316.18
OUT_10001,157.25
OUT_10002,327.21
OUT_10003,313.54
OUT_10004,148.0
OUT_10005,167.83
OUT_10006,956.76
OUT_10007,2338.57
OUT_10008,177.8
OUT_10009,310.71
OUT_10010,152.56
OUT_10011,934.68
OUT_10012,155.54
OUT_10013,185.76
OUT_10014,165.48
OUT_10015,193.36
OUT_10016,172.39
OUT_10017,335.33
OUT_10018,184.81
OUT_10019,328.79
OUT_10020,126.67
OUT_10021,290.48
OUT_10022,280.31
OUT_10023,2548.19
OUT_10024,182.63
OUT_10025,285.47
OUT_10026,329.18
OUT_10027,150.79
OUT_10028,175.2
OUT_10029,164.0
OUT_10030,259.12
OUT_10031,129.91
OUT_10032,157.63
OUT_10033,168.12
OUT_10034,1231.32
OUT_10035,162.18
OUT_10036,343.21
OUT_10037,313.89
OUT_10038,311.97
OUT_10039,180.24
OUT_10040,353.23
OUT_10041,1115.34
OUT_10042,1064.16
OUT_10043,280.5
OUT_10044,148.08
OUT_10045,169.57
OUT_10046,354.81
OUT_10047,163.06
OUT_10048,1331.49
OUT_10049,159.41
OUT_10050,153.33
OUT_10051,2365.31
OUT_10052,162.14
OUT_10053,166.85
OUT_10054,164.02
OUT_10055,1032.06
OUT_10056,128.15
OUT_10057,337.92
OUT_10058,914.97
OUT_10059,129.29
OUT_10060,998.06
OUT_10061,190.07
OUT_10062,167.67
OUT_10063,363.97
OUT_10064,367.88
OUT_10065,166.66
OUT_10066,165.91
OUT_10067,290.35
OUT_10068,334.09
OUT_10069,285.44
OUT_10070,151.26
OUT_10071,156.99
OUT_10072,153.02
OUT_10073,152.17
OUT_10074,301.98
OUT_10075,130.49
OUT_10076,1005.73
OUT_10077,128.33
OUT_10078,298.12
OUT_10079,144.1
OUT_10080,137.12
OUT_10081,163.35
OUT_10082,312.64
OUT_10083,295.35
OUT_10084,142.17
OUT_10085,186.23
OUT_10086,312.47
OUT_10087,154.15
OUT_10088,1000.21
OUT_10089,302.62
OUT_10090,940.79
OUT_10091,291.52
OUT_10092,170.98
OUT_10093,188.86
OUT_10094,187.3
OUT_10095,264.55
OUT_10096,1007.95
OUT_10097,178.5
OUT_10098,137.57
OUT_10099,149.25
OUT_10100,171.15
OUT_10101,330.67
OUT_10102,144.33
OUT_10103,231.49
OUT_10104,1072.33
OUT_10105,2062.86
OUT_10106,164.99
OUT_10107,1075.18
OUT_10108,1003.02
OUT_10109,154.52
OUT_10110,281.34
OUT_10111,297.68
OUT_10112,184.63
OUT_10113,132.3
OUT_10114,365.35
OUT_10115,157.87
OUT_10116,2311.65
OUT_10117,169.17
OUT_10118,141.29
OUT_10119,234.94
OUT_10120,283.58
OUT_10121,346.1
OUT_10122,150.25
OUT_10123,230.04
OUT_10124,951.22
OUT_10125,167.51
OUT_10126,157.06
OUT_10127,318.32
OUT_10128,316.28
OUT_10129,223.27
OUT_10130,1051.34
OUT_10131,2168.06
OUT_10132,357.46
OUT_10133,280.7
OUT_10134,1001.44
OUT_10135,171.88
OUT_10136,161.28
OUT_10137,154.6
OUT_10138,167.74
OUT_10139,258.89
OUT_10140,1011.52
OUT_10141,273.83
OUT_10142,2382.32
OUT_10143,133.12
OUT_10144,307.4
OUT_10145,248.08
OUT_10146,253.85
OUT_10147,143.87
OUT_10148,287.45
OUT_10149,347.07
OUT_10150,146.29
OUT_10151,128.46
OUT_10152,127.49
OUT_10153,246.89
OUT_10154,330.95
OUT_10155,305.23
OUT_10156,155.07
OUT_10157,956.5
OUT_10158,184.98
OUT_10159,1061.02
OUT_10160,281.49
OUT_10161,250.45
OUT_10162,149.78
OUT_10163,302.39
OUT_10164,1015.54
OUT_10165,943.44
OUT_10166,160.63
OUT_10167,1085.6
OUT_10168,945.54
OUT_10169,152.09
OUT_10170,144.56
OUT_10171,301.37
OUT_10172,141.53
OUT_10173,238.26
OUT_10174,2390.21
OUT_10175,249.38
OUT_10176,162.57
OUT_10177,410.63
OUT_10178,954.19
OUT_10179,182.81
OUT_10180,302.97
OUT_10181,994.92
OUT_10182,320.29
OUT_10183,994.99
OUT_10184,987.84
OUT_10185,1356.87
OUT_10186,146.81
OUT_10187,346.02
OUT_10188,343.31
OUT_10189,164.91
OUT_10190,1152.99
OUT_10191,125.02
OUT_10192,289.65
OUT_10193,1222.12
OUT_10194,184.75
OUT_10195,296.24
OUT_10196,1094.26
OUT_10197,161.29
OUT_10198,161.41
OUT_10199,329.68
OUT_10200,157.83
OUT_10201,176.17
OUT_10202,297.78
OUT_10203,142.5
OUT_10204,267.26
OUT_10205,147.17
OUT_10206,1025.48
OUT_10207,330.69
OUT_10208,1228.02
OUT_10209,250.24
OUT_10210,313.48
OUT_10211,265.77
OUT_10212,301.06
OUT_10213,2207.19
OUT_10214,295.25
OUT_10215,2299.13
OUT_10216,153.01
OUT_10217,331.66
OUT_10218,1093.48
OUT_10219,149.91
OUT_10220,173.65
OUT_10221,151.61
OUT_10222,337.3
OUT_10223,154.37
OUT_10224,154.58
OUT_10225,176.47
OUT_10226,253.7
OUT_10227,1031.74
OUT_10228,152.3
OUT_10229,1000.63
OUT_10230,149.35
OUT_10231,955.23
OUT_10232,161.78
OUT_10233,256.19
OUT_10234,280.25
OUT_10235,1061.78
OUT_10236,167.03
OUT_10237,333.75
OUT_10238,322.87
OUT_10239,337.88
OUT_10240,128.35
OUT_10241,159.07
OUT_10242,302.5
OUT_10243,1007.02
OUT_10244,2354.06
OUT_10245,151.4
OUT_10246,243.28
OUT_10247,311.62
OUT_10248,1296.46
OUT_10249,288.64
OUT_10250,1048.24
OUT_10251,143.92
OUT_10252,173.37
OUT_10253,301.23
OUT_10254,1280.84
OUT_10255,149.44
OUT_10256,299.6
OUT_10257,132.9
OUT_10258,135.87
OUT_10259,1036.86
OUT_10260,1118.48
OUT_10261,167.92
OUT_10262,1035.5
OUT_10263,323.42
OUT_10264,156.99
OUT_10265,330.54
OUT_10266,273.43
OUT_10267,349.13
OUT_10268,1269.47
OUT_10269,191.45
OUT_10270,136.58
OUT_10271,134.55
OUT_10272,128.09
OUT_10273,139.5
OUT_10274,1066.19
OUT_10275,276.29
OUT_10276,179.36
OUT_10277,133.43
OUT_10278,154.72
OUT_10279,275.94
OUT_10280,155.38
OUT_10281,175.5
OUT_10282,1077.56
OUT_10283,1097.93
OUT_10284,297.67
OUT_10285,139.26
OUT_10286,300.05
OUT_10287,147.18
OUT_10288,296.73
OUT_10289,136.11
OUT_10290,165.87
OUT_10291,1018.06
OUT_10292,309.85
OUT_10293,172.96
OUT_10294,2294.98
OUT_10295,110.77
OUT_10296,280.65
OUT_10297,322.95
OUT_10298,312.0
OUT_10299,2347.15
OUT_10300,163.44
OUT_10301,327.1
OUT_10302,949.54
OUT_10303,1015.6
OUT_10304,327.18
OUT_10305,160.64
OUT_10306,182.94
OUT_10307,139.8
OUT_10308,1300.04
OUT_10309,165.65
OUT_10310,1014.47
OUT_10311,258.51
OUT_10312,354.35
OUT_10313,165.56
OUT_10314,258.38
OUT_10315,158.63
OUT_10316,971.07
OUT_10317,273.07
OUT_10318,290.28
OUT_10319,280.42
OUT_10320,152.0
OUT_10321,163.67
OUT_10322,128.0
OUT_10323,227.99
OUT_10324,118.94
OUT_10325,300.52
OUT_10326,161.51
OUT_10327,1028.6
OUT_10328,302.85
OUT_10329,182.3
OUT_10330,153.62
OUT_10331,185.44
OUT_10332,145.27
OUT_10333,119.23
OUT_10334,1208.58
OUT_10335,923.38
OUT_10336,290.26
OUT_10337,171.55
OUT_10338,148.22
OUT_10339,155.23
OUT_10340,411.82
OUT_10341,157.96
OUT_10342,257.94
OUT_10343,2452.03
OUT_10344,137.6
OUT_10345,310.87
OUT_10346,1022.92
OUT_10347,172.8
OUT_10348,131.83
OUT_10349,1327.44
OUT_10350,1032.9
OUT_10351,187.78
OUT_10352,951.21
OUT_10353,140.08
OUT_10354,149.96
OUT_10355,1029.18
OUT_10356,171.93
OUT_10357,162.02
OUT_10358,253.55
OUT_10359,168.04
OUT_10360,267.66
OUT_10361,276.74
OUT_10362,325.75
OUT_10363,268.77
OUT_10364,331.6
OUT_10365,303.61
OUT_10366,303.64
OUT_10367,159.96
OUT_10368,169.33
OUT_10369,173.25
OUT_10370,327.49
OUT_10371,132.86
OUT_10372,1091.46
OUT_10373,179.86
OUT_10374,1006.78
OUT_10375,1128.52
OUT_10376,151.07
OUT_10377,164.98
OUT_10378,119.36
OUT_10379,140.11
OUT_10380,327.59
OUT_10381,1043.97
OUT_10382,943.73
OUT_10383,167.64
OUT_10384,167.5
OUT_10385,252.6
OUT_10386,165.68
OUT_10387,301.81
OUT_10388,267.98
OUT_10389,181.31
OUT_10390,334.63
OUT_10391,2381.31
OUT_10392,150.27
OUT_10393,174.81
OUT_10394,273.98
OUT_10395,187.77
OUT_10396,1005.38
OUT_10397,2379.97
OUT_10398,182.26
OUT_10399,1003.93
OUT_10400,295.03
OUT_10401,367.29
OUT_10402,305.51
OUT_10403,364.96
OUT_10404,181.39
OUT_10405,135.95
OUT_10406,171.42
OUT_10407,960.36
OUT_10408,183.19
OUT_10409,170.31
OUT_10410,189.67
OUT_10411,167.75
OUT_10412,1046.32
OUT_10413,154.1
OUT_10414,159.2
OUT_10415,286.35
OUT_10416,152.63
OUT_10417,162.1
OUT_10418,301.78
OUT_10419,163.55
OUT_10420,157.91
OUT_10421,163.15
OUT_10422,129.57
OUT_10423,972.25
OUT_10424,188.38
OUT_10425,172.01
OUT_10426,148.4
OUT_10427,158.82
OUT_10428,969.29
OUT_10429,250.27
OUT_10430,176.79
OUT_10431,962.97
OUT_10432,1394.48
OUT_10433,1265.72
OUT_10434,1274.89
OUT_10435,161.03
OUT_10436,187.21
OUT_10437,165.47
OUT_10438,1053.3
OUT_10439,131.9
OUT_10440,321.53
OUT_10441,272.86
OUT_10442,153.61
OUT_10443,146.85
OUT_10444,318.71
OUT_10445,284.57
OUT_10446,318.38
OUT_10447,352.63
OUT_10448,987.56
OUT_10449,281.46
OUT_10450,305.61
OUT_10451,169.93
OUT_10452,151.76
OUT_10453,169.42
OUT_10454,142.97
OUT_10455,129.87
OUT_10456,1215.67
OUT_10457,1045.22
OUT_10458,291.24
OUT_10459,1051.88
OUT_10460,331.03
OUT_10461,184.7
OUT_10462,198.51
OUT_10463,135.5
OUT_10464,179.61
OUT_10465,144.95
OUT_10466,161.46
OUT_10467,317.31
OUT_10468,317.7
OUT_10469,310.26
OUT_10470,169.28
OUT_10471,162.75
OUT_10472,318.38
OUT_10473,332.33
OUT_10474,176.45
OUT_10475,132.94
OUT_10476,282.89
OUT_10477,149.87
OUT_10478,160.71
OUT_10479,1047.41
OUT_10480,141.19
OUT_10481,128.95
OUT_10482,1024.96
OUT_10483,287.8
OUT_10484,299.53
OUT_10485,148.32
OUT_10486,172.21
OUT_10487,155.74
OUT_10488,165.04
OUT_10489,988.85
OUT_10490,337.05
OUT_10491,145.67
OUT_10492,151.87
OUT_10493,991.34
OUT_10494,1026.38
OUT_10495,174.81
OUT_10496,320.47
OUT_10497,158.47
OUT_10498,334.33
OUT_10499,160.6
OUT_10500,127.84
OUT_10501,1089.99
OUT_10502,141.38
OUT_10503,1074.19
OUT_10504,2422.43
OUT_10505,1037.89
OUT_10506,158.45
OUT_10507,2397.34
OUT_10508,2338.87
OUT_10509,292.63
OUT_10510,1034.47
OUT_10511,139.76
OUT_10512,179.35
OUT_10513,150.89
OUT_10514,297.83
OUT_10515,128.78
OUT_10516,910.45
OUT_10517,163.08
OUT_10518,150.64
OUT_10519,154.84
OUT_10520,1089.52
OUT_10521,1364.35
OUT_10522,1061.38
OUT_10523,145.99
OUT_10524,329.8
OUT_10525,280.98
OUT_10526,145.55
OUT_10527,164.15
OUT_10528,355.45
OUT_10529,289.74
OUT_10530,996.65
OUT_10531,126.27
OUT_10532,164.0
OUT_10533,991.66
OUT_10534,129.37
OUT_10535,344.01
OUT_10536,130.16
OUT_10537,302.6
OUT_10538,140.94
OUT_10539,168.18
OUT_10540,167.45
OUT_10541,1045.25
OUT_10542,272.59
OUT_10543,352.23
OUT_10544,255.26
OUT_10545,2426.13
OUT_10546,161.4
OUT_10547,306.34
OUT_10548,124.79
OUT_10549,294.16
OUT_10550,996.08
OUT_10551,151.25
OUT_10552,158.63
OUT_10553,232.86
OUT_10554,283.13
OUT_10555,153.3
OUT_10556,131.1
OUT_10557,327.51
OUT_10558,144.37
OUT_10559,154.58
OUT_10560,166.15
OUT_10561,152.01
OUT_10562,141.82
OUT_10563,136.77
OUT_10564,960.7
OUT_10565,363.97
OUT_10566,328.77
OUT_10567,378.96
OUT_10568,160.82
OUT_10569,1296.61
OUT_10570,268.05
OUT_10571,262.13
OUT_10572,247.71
OUT_10573,199.6
OUT_10574,302.22
OUT_10575,159.41
OUT_10576,298.98
OUT_10577,171.71
OUT_10578,194.19
OUT_10579,241.8
OUT_10580,295.28
OUT_10581,313.63
OUT_10582,121.56
OUT_10583,988.78
OUT_10584,127.1
OUT_10585,158.76
OUT_10586,333.52
OUT_10587,323.14
OUT_10588,163.64
OUT_10589,333.44
OUT_10590,154.33
OUT_10591,171.08
OUT_10592,319.23
OUT_10593,1087.57
OUT_10594,348.26
OUT_10595,169.39
OUT_10596,162.58
OUT_10597,383.99
OUT_10598,1051.98
OUT_10599,184.4
OUT_10600,994.76
OUT_10601,294.72
OUT_10602,152.89
OUT_10603,181.4
OUT_10604,285.53
OUT_10605,152.56
OUT_10606,162.99
OUT_10607,173.18
OUT_10608,249.77
OUT_10609,175.63
OUT_10610,292.33
OUT_10611,260.77
OUT_10612,162.48
OUT_10613,282.78
OUT_10614,307.53
OUT_10615,143.64
OUT_10616,297.68
OUT_10617,902.97
OUT_10618,198.73
OUT_10619,144.14
OUT_10620,137.37
OUT_10621,261.94
OUT_10622,357.1
OUT_10623,152.24
OUT_10624,295.67
OUT_10625,158.19
OUT_10626,311.55
OUT_10627,202.77
OUT_10628,153.39
OUT_10629,157.89
OUT_10630,1050.63
OUT_10631,154.36
OUT_10632,1043.0
OUT_10633,929.38
OUT_10634,155.85
OUT_10635,159.78
OUT_10636,1010.97
OUT_10637,162.24
OUT_10638,146.45
OUT_10639,246.21
OUT_10640,205.52
OUT_10641,289.93
OUT_10642,2279.04
OUT_10643,151.37
OUT_10644,1292.94
OUT_10645,339.2
OUT_10646,164.92
OUT_10647,161.94
OUT_10648,287.25
OUT_10649,142.27
OUT_10650,191.47
OUT_10651,127.83
OUT_10652,283.15
OUT_10653,2196.06
OUT_10654,183.98
OUT_10655,134.34
OUT_10656,171.0
OUT_10657,2400.4
OUT_10658,174.25
OUT_10659,238.48
OUT_10660,2440.76
OUT_10661,124.76
OUT_10662,154.88
OUT_10663,253.42
OUT_10664,364.51
OUT_10665,261.3
OUT_10666,316.71
OUT_10667,341.43
OUT_10668,144.03
OUT_10669,2188.97
OUT_10670,1075.74
OUT_10671,278.67
OUT_10672,294.77
OUT_10673,148.81
OUT_10674,289.53
OUT_10675,152.46
OUT_10676,332.14
OUT_10677,176.7
OUT_10678,153.14
OUT_10679,293.88
OUT_10680,137.55
OUT_10681,160.09
OUT_10682,190.26
OUT_10683,1051.48
OUT_10684,139.66
OUT_10685,264.8
OUT_10686,278.59
OUT_10687,163.53
OUT_10688,299.26
OUT_10689,381.25
OUT_10690,157.0
OUT_10691,304.5
OUT_10692,261.67
OUT_10693,169.22
OUT_10694,288.49
OUT_10695,199.9
OUT_10696,1067.52
OUT_10697,141.43
OUT_10698,135.07
OUT_10699,2213.45
OUT_10700,160.82
OUT_10701,158.23
OUT_10702,147.8
OUT_10703,191.76
OUT_10704,192.17
OUT_10705,2307.93
OUT_10706,180.02
OUT_10707,151.32
OUT_10708,2273.75
OUT_10709,304.36
OUT_10710,2203.73
OUT_10711,1011.54
OUT_10712,163.21
OUT_10713,161.95
OUT_10714,352.91
OUT_10715,329.46
OUT_10716,333.44
OUT_10717,1028.14
OUT_10718,185.31
OUT_10719,2249.7
OUT_10720,289.55
OUT_10721,284.09
OUT_10722,337.68
OUT_10723,322.43
OUT_10724,172.37
OUT_10725,184.05
OUT_10726,150.06
OUT_10727,250.06
OUT_10728,2351.16
OUT_10729,160.06
OUT_10730,2366.83
OUT_10731,172.24
OUT_10732,175.26
OUT_10733,175.57
OUT_10734,356.03
OUT_10735,312.5
OUT_10736,166.28
OUT_10737,296.72
OUT_10738,157.6
OUT_10739,158.65
OUT_10740,138.65
OUT_10741,123.89
OUT_10742,174.29
OUT_10743,187.97
OUT_10744,152.39
OUT_10745,157.81
OUT_10746,162.98
OUT_10747,1022.5
OUT_10748,161.49
OUT_10749,166.47
OUT_10750,172.38
OUT_10751,153.13
OUT_10752,284.67
OUT_10753,168.36
OUT_10754,153.91
OUT_10755,176.47
OUT_10756,145.6
OUT_10757,159.49
OUT_10758,2324.21
OUT_10759,185.41
OUT_10760,1040.52
OUT_10761,263.84
OUT_10762,270.62
OUT_10763,313.69
OUT_10764,287.85
OUT_10765,154.48
OUT_10766,126.03
OUT_10767,135.82
OUT_10768,253.2
OUT_10769,147.55
OUT_10770,1219.35
OUT_10771,136.61
OUT_10772,172.95
OUT_10773,293.45
OUT_10774,156.9
OUT_10775,280.12
OUT_10776,1053.77
OUT_10777,158.86
OUT_10778,158.22
OUT_10779,988.97
OUT_10780,309.75
OUT_10781,2434.29
OUT_10782,325.04
OUT_10783,393.69
OUT_10784,138.39
OUT_10785,123.9
OUT_10786,153.23
OUT_10787,154.24
OUT_10788,977.55
OUT_10789,126.76
OUT_10790,293.5
OUT_10791,180.06
OUT_10792,273.71
OUT_10793,1004.55
OUT_10794,2444.24
OUT_10795,176.94
OUT_10796,289.05
OUT_10797,170.08
OUT_10798,2294.31
OUT_10799,164.27
OUT_10800,178.74
OUT_10801,1095.95
OUT_10802,151.12
OUT_10803,937.09
OUT_10804,2263.54
OUT_10805,983.3
OUT_10806,189.23
OUT_10807,176.23
OUT_10808,140.88
OUT_10809,123.39
OUT_10810,308.84
OUT_10811,154.41
OUT_10812,189.51
OUT_10813,137.01
OUT_10814,168.51
OUT_10815,321.99
OUT_10816,326.6
OUT_10817,286.82
OUT_10818,2418.2
OUT_10819,253.73
OUT_10820,129.19
OUT_10821,329.93
OUT_10822,148.52
OUT_10823,197.92
OUT_10824,156.91
OUT_10825,279.23
OUT_10826,1145.86
OUT_10827,1001.97
OUT_10828,2195.69
OUT_10829,163.75
OUT_10830,137.86
OUT_10831,145.24
OUT_10832,157.95
OUT_10833,327.85
OUT_10834,2228.52
OUT_10835,151.69
OUT_10836,147.83
OUT_10837,124.29
OUT_10838,261.03
OUT_10839,266.33
OUT_10840,175.53
OUT_10841,1103.25
OUT_10842,369.28
OUT_10843,142.67
OUT_10844,334.69
OUT_10845,1053.6
OUT_10846,143.89
OUT_10847,163.79
OUT_10848,132.98
OUT_10849,2260.75
OUT_10850,165.21
OUT_10851,127.94
OUT_10852,282.21
OUT_10853,153.26
OUT_10854,1117.38
OUT_10855,143.72
OUT_10856,173.24
OUT_10857,263.4
OUT_10858,130.36
OUT_10859,1076.27
OUT_10860,162.3
OUT_10861,353.45
OUT_10862,157.24
OUT_10863,152.24
OUT_10864,272.58
OUT_10865,355.46
OUT_10866,146.15
OUT_10867,290.51
OUT_10868,157.4
OUT_10869,182.39
OUT_10870,162.62
OUT_10871,284.74
OUT_10872,1279.91
OUT_10873,163.6
OUT_10874,136.87
OUT_10875,1198.0
OUT_10876,1185.81
OUT_10877,303.32
OUT_10878,163.01
OUT_10879,303.16
OUT_10880,313.15
OUT_10881,132.01
OUT_10882,1227.3
OUT_10883,1068.5
OUT_10884,159.23
OUT_10885,155.63
OUT_10886,138.78
OUT_10887,1240.35
OUT_10888,135.19
OUT_10889,158.35
OUT_10890,296.6
OUT_10891,993.05
OUT_10892,118.41
OUT_10893,139.93
OUT_10894,996.04
OUT_10895,165.38
OUT_10896,155.36
OUT_10897,168.62
OUT_10898,146.67
OUT_10899,171.24
OUT_10900,139.47
OUT_10901,157.79
OUT_10902,914.41
OUT_10903,1112.53
OUT_10904,178.73
OUT_10905,177.23
OUT_10906,152.54
OUT_10907,160.83
OUT_10908,139.67
OUT_10909,156.97
OUT_10910,916.82
OUT_10911,176.08
OUT_10912,176.99
OUT_10913,319.16
OUT_10914,959.67
OUT_10915,158.79
OUT_10916,386.08
OUT_10917,285.94
OUT_10918,189.71
OUT_10919,191.38
OUT_10920,147.26
OUT_10921,1128.14
OUT_10922,323.92
OUT_10923,1033.49
OUT_10924,1273.83
OUT_10925,2119.28
OUT_10926,183.23
OUT_10927,158.58
OUT_10928,135.84
OUT_10929,935.07
OUT_10930,1064.79
OUT_10931,167.39
OUT_10932,964.45
OUT_10933,298.17
OUT_10934,181.08
OUT_10935,1053.48
OUT_10936,172.03
OUT_10937,145.58
OUT_10938,1031.52
OUT_10939,224.27
OUT_10940,1104.07
OUT_10941,1034.56
OUT_10942,140.73
OUT_10943,980.55
OUT_10944,176.91
OUT_10945,138.67
OUT_10946,146.85
OUT_10947,181.06
OUT_10948,124.05
OUT_10949,135.13
OUT_10950,167.68
OUT_10951,174.21
OUT_10952,1033.08
OUT_10953,275.25
OUT_10954,2263.22
OUT_10955,129.8
OUT_10956,154.0
OUT_10957,1233.12
OUT_10958,177.84
OUT_10959,1237.49
OUT_10960,279.32
OUT_10961,173.7
OUT_10962,2457.75
OUT_10963,2165.25
OUT_10964,2250.87
OUT_10965,152.14
OUT_10966,2230.82
OUT_10967,951.86
OUT_10968,1035.36
OUT_10969,147.14
OUT_10970,296.46
OUT_10971,155.22
OUT_10972,176.29
OUT_10973,154.24
OUT_10974,260.08
OUT_10975,342.63
OUT_10976,178.47
OUT_10977,145.16
OUT_10978,179.97
OUT_10979,128.19
OUT_10980,1036.55
OUT_10981,159.45
OUT_10982,302.49
OUT_10983,304.89
OUT_10984,138.54
OUT_10985,274.88
OUT_10986,154.14
OUT_10987,295.21
OUT_10988,317.32
OUT_10989,1008.76
OUT_10990,1216.51
OUT_10991,185.46
OUT_10992,169.94
OUT_10993,1124.24
OUT_10994,169.75
OUT_10995,150.16
OUT_10996,2231.21
OUT_10997,2329.1
OUT_10998,165.61
OUT_10999,989.01
OUT_11000,127.66
OUT_11001,330.97
OUT_11002,190.49
OUT_11003,2269.21
OUT_11004,155.94
OUT_11005,303.44
OUT_11006,318.05
OUT_11007,139.14
OUT_11008,1225.57
OUT_11009,286.04
OUT_11010,304.38
OUT_11011,220.54
OUT_11012,165.73
OUT_11013,265.24
OUT_11014,147.25
OUT_11015,1016.71
OUT_11016,156.82
OUT_11017,1080.46
OUT_11018,164.47
OUT_11019,127.55
OUT_11020,149.03
OUT_11021,1413.41
OUT_11022,158.94
OUT_11023,179.07
OUT_11024,170.09
OUT_11025,295.18
OUT_11026,150.06
OUT_11027,253.96
OUT_11028,291.39
OUT_11029,2236.37
OUT_11030,157.43
OUT_11031,167.16
OUT_11032,171.52
OUT_11033,258.25
OUT_11034,262.57
OUT_11035,166.74
OUT_11036,286.76
OUT_11037,159.17
OUT_11038,237.58
OUT_11039,880.56
OUT_11040,176.58
OUT_11041,141.48
OUT_11042,318.52
OUT_11043,1047.57
OUT_11044,185.2
OUT_11045,327.03
OUT_11046,258.96
OUT_11047,151.16
OUT_11048,286.38
OUT_11049,287.13
OUT_11050,278.48
OUT_11051,378.34
OUT_11052,1066.53
OUT_11053,155.39
OUT_11054,371.66
OUT_11055,298.15
OUT_11056,2304.98
OUT_11057,250.79
OUT_11058,170.61
OUT_11059,147.33
OUT_11060,309.95
OUT_11061,187.44
OUT_11062,171.0
OUT_11063,997.83
OUT_11064,289.53
OUT_11065,147.87
OUT_11066,174.79
OUT_11067,164.06
OUT_11068,957.47
OUT_11069,1221.89
OUT_11070,257.75
OUT_11071,167.2
OUT_11072,131.23
OUT_11073,191.06
OUT_11074,149.62
OUT_11075,198.27
OUT_11076,327.88
OUT_11077,1057.93
OUT_11078,152.35
OUT_11079,191.43
OUT_11080,161.34
OUT_11081,335.39
OUT_11082,178.45
OUT_11083,283.55
OUT_11084,282.99
OUT_11085,179.77
OUT_11086,180.86
OUT_11087,151.17
OUT_11088,161.59
OUT_11089,304.54
OUT_11090,1043.98
OUT_11091,162.0
OUT_11092,312.93
OUT_11093,151.14
OUT_11094,2362.7
OUT_11095,167.65
OUT_11096,139.3
OUT_11097,309.86
OUT_11098,933.99
OUT_11099,140.78
OUT_11100,161.21
OUT_11101,1093.1
OUT_11102,140.46
OUT_11103,172.38
OUT_11104,153.79
OUT_11105,1000.97
OUT_11106,1021.32
OUT_11107,325.75
OUT_11108,2456.28
OUT_11109,254.73
OUT_11110,287.08
OUT_11111,161.34
OUT_11112,999.01
OUT_11113,331.04
OUT_11114,301.37
OUT_11115,137.4
OUT_11116,180.65
OUT_11117,358.15
OUT_11118,137.2
OUT_11119,308.15
OUT_11120,932.89
OUT_11121,144.76
OUT_11122,162.35
OUT_11123,905.45
OUT_11124,1037.18
OUT_11125,286.96
OUT_11126,167.11
OUT_11127,157.89
OUT_11128,2236.66
OUT_11129,166.12
OUT_11130,159.94
OUT_11131,1110.68
OUT_11132,252.93
OUT_11133,265.46
OUT_11134,148.1
OUT_11135,181.01
OUT_11136,154.87
OUT_11137,146.63
OUT_11138,301.1
OUT_11139,312.86
OUT_11140,1244.53
OUT_11141,288.15
OUT_11142,172.54
OUT_11143,2223.56
OUT_11144,135.54
OUT_11145,331.78
OUT_11146,160.81
OUT_11147,173.8
OUT_11148,170.4
OUT_11149,145.51
OUT_11150,1054.09
OUT_11151,299.16
OUT_11152,1004.82
OUT_11153,296.02
OUT_11154,135.87
OUT_11155,187.49
OUT_11156,141.17
OUT_11157,258.5
OUT_11158,356.23
OUT_11159,160.44
OUT_11160,315.06
OUT_11161,144.6
OUT_11162,171.83
OUT_11163,284.14
OUT_11164,150.23
OUT_11165,2270.57
OUT_11166,158.69
OUT_11167,369.63
OUT_11168,2328.06
OUT_11169,185.31
OUT_11170,175.63
OUT_11171,154.51
OUT_11172,289.86
OUT_11173,177.33
OUT_11174,134.08
OUT_11175,256.93
OUT_11176,261.26
OUT_11177,1047.04
OUT_11178,154.32
OUT_11179,232.41
OUT_11180,170.05
OUT_11181,173.85
OUT_11182,1007.96
OUT_11183,324.38
OUT_11184,171.36
OUT_11185,144.74
OUT_11186,253.9
OUT_11187,1054.47
OUT_11188,158.88
OUT_11189,277.84
OUT_11190,164.08
OUT_11191,148.78
OUT_11192,408.25
OUT_11193,164.83
OUT_11194,136.34
OUT_11195,310.03
OUT_11196,151.2
OUT_11197,258.71
OUT_11198,305.41
OUT_11199,928.72
OUT_11200,163.29
OUT_11201,329.88
OUT_11202,132.7
OUT_11203,133.99
OUT_11204,2307.51
OUT_11205,144.13
OUT_11206,165.63
OUT_11207,169.6
OUT_11208,1039.03
OUT_11209,135.82
OUT_11210,188.37
OUT_11211,155.44
OUT_11212,398.7
OUT_11213,302.25
OUT_11214,2429.32
OUT_11215,165.71
OUT_11216,164.66
OUT_11217,2470.66
OUT_11218,270.2
OUT_11219,1011.47
OUT_11220,150.33
OUT_11221,120.49
OUT_11222,2256.77
OUT_11223,174.2
OUT_11224,161.89
OUT_11225,2340.99
OUT_11226,186.49
OUT_11227,144.38
OUT_11228,145.82
OUT_11229,263.66
OUT_11230,126.65
OUT_11231,283.15
OUT_11232,2137.05
OUT_11233,1046.02
OUT_11234,145.05
OUT_11235,155.52
OUT_11236,257.58
OUT_11237,153.86
OUT_11238,159.8
OUT_11239,1011.87
OUT_11240,322.07
OUT_11241,145.69
OUT_11242,160.48
OUT_11243,185.05
OUT_11244,157.87
OUT_11245,280.91
OUT_11246,159.21
OUT_11247,163.72
OUT_11248,120.57
OUT_11249,354.17
OUT_11250,331.74
OUT_11251,2247.98
OUT_11252,183.91
OUT_11253,1088.81
OUT_11254,346.56
OUT_11255,288.43
OUT_11256,248.89
OUT_11257,163.39
OUT_11258,168.14
OUT_11259,184.55
OUT_11260,1271.61
OUT_11261,2188.22
OUT_11262,192.9
OUT_11263,162.32
OUT_11264,167.82
OUT_11265,1012.93
OUT_11266,159.96
OUT_11267,181.55
OUT_11268,324.71
OUT_11269,2322.38
OUT_11270,141.38
OUT_11271,170.15
OUT_11272,139.38
OUT_11273,300.27
OUT_11274,142.9
OUT_11275,172.24
OUT_11276,328.02
OUT_11277,204.4
OUT_11278,153.59
OUT_11279,162.4
OUT_11280,1049.1
OUT_11281,189.42
OUT_11282,175.12
OUT_11283,176.59
OUT_11284,186.03
OUT_11285,182.71
OUT_11286,296.25
OUT_11287,141.5
OUT_11288,992.81
OUT_11289,142.75
OUT_11290,273.78
OUT_11291,1406.66
OUT_11292,153.43
OUT_11293,278.19
OUT_11294,176.94
OUT_11295,147.03
OUT_11296,1030.08
OUT_11297,291.04
OUT_11298,511.63
OUT_11299,172.62
OUT_11300,156.28
OUT_11301,147.54
OUT_11302,154.32
OUT_11303,1108.93
OUT_11304,138.22
OUT_11305,2239.03
OUT_11306,253.49
OUT_11307,2344.75
OUT_11308,252.1
OUT_11309,1081.71
OUT_11310,320.48
OUT_11311,202.02
OUT_11312,146.56
OUT_11313,151.27
OUT_11314,916.43
OUT_11315,364.05
OUT_11316,2261.21
OUT_11317,1070.87
OUT_11318,1083.37
OUT_11319,152.84
OUT_11320,132.28
OUT_11321,231.32
OUT_11322,1017.85
OUT_11323,311.08
OUT_11324,174.79
OUT_11325,172.15
OUT_11326,298.33
OUT_11327,154.11
OUT_11328,889.59
OUT_11329,155.61
OUT_11330,1276.85
OUT_11331,291.61
OUT_11332,177.43
OUT_11333,289.45
OUT_11334,203.06
OUT_11335,131.14
OUT_11336,326.31
OUT_11337,259.51
OUT_11338,294.74
OUT_11339,169.5
OUT_11340,330.15
OUT_11341,167.94
OUT_11342,299.87
OUT_11343,157.82
OUT_11344,140.24
OUT_11345,151.52
OUT_11346,276.33
OUT_11347,293.08
OUT_11348,138.94
OUT_11349,162.24
OUT_11350,343.54
OUT_11351,131.03
OUT_11352,286.83
OUT_11353,177.22
OUT_11354,955.62
OUT_11355,159.62
OUT_11356,168.54
OUT_11357,252.4
OUT_11358,171.67
OUT_11359,2342.88
OUT_11360,234.83
OUT_11361,254.55
OUT_11362,265.03
OUT_11363,134.29
OUT_11364,152.72
OUT_11365,339.58
OUT_11366,174.13
OUT_11367,179.38
OUT_11368,2457.17
OUT_11369,156.57
OUT_11370,177.08
OUT_11371,279.98
OUT_11372,1042.16
OUT_11373,308.65
OUT_11374,156.47
OUT_11375,307.08
OUT_11376,254.58
OUT_11377,153.1
OUT_11378,303.93
OUT_11379,144.02
OUT_11380,173.67
OUT_11381,329.24
OUT_11382,174.44
OUT_11383,302.76
OUT_11384,272.63
OUT_11385,317.37
OUT_11386,324.9
OUT_11387,166.21
OUT_11388,311.13
OUT_11389,149.32
OUT_11390,137.26
OUT_11391,147.34
OUT_11392,1054.37
OUT_11393,133.77
OUT_11394,1012.09
OUT_11395,337.29
OUT_11396,289.58
OUT_11397,1022.5
OUT_11398,307.16
OUT_11399,164.58
OUT_11400,160.89
OUT_11401,293.7
OUT_11402,165.99
OUT_11403,2278.38
OUT_11404,154.65
OUT_11405,174.24
OUT_11406,1061.12
OUT_11407,162.64
OUT_11408,182.74
OUT_11409,283.6
OUT_11410,332.13
OUT_11411,154.2
OUT_11412,126.66
OUT_11413,1018.86
OUT_11414,158.89
OUT_11415,159.52
OUT_11416,1027.22
OUT_11417,167.28
OUT_11418,146.12
OUT_11419,150.14
OUT_11420,290.55
OUT_11421,1055.63
OUT_11422,357.7
OUT_11423,375.21
OUT_11424,255.33
OUT_11425,149.56
OUT_11426,2283.25
OUT_11427,368.09
OUT_11428,309.12
OUT_11429,174.07
OUT_11430,141.73
OUT_11431,294.26
OUT_11432,353.64
OUT_11433,166.83
OUT_11434,1019.87
OUT_11435,152.61
OUT_11436,180.28
OUT_11437,1085.99
OUT_11438,992.7
OUT_11439,307.55
OUT_11440,126.57
OUT_11441,187.94
OUT_11442,122.85
OUT_11443,180.74
OUT_11444,134.35
OUT_11445,156.96
OUT_11446,322.96
OUT_11447,1006.11
OUT_11448,125.43
OUT_11449,284.04
OUT_11450,132.75
OUT_11451,157.87
OUT_11452,188.03
OUT_11453,281.86
OUT_11454,360.74
OUT_11455,281.46
OUT_11456,175.5
OUT_11457,308.26
OUT_11458,2267.85
OUT_11459,166.64
OUT_11460,2366.41
OUT_11461,167.21
OUT_11462,176.8
OUT_11463,133.1
OUT_11464,293.8
OUT_11465,2326.5
OUT_11466,161.93
OUT_11467,176.44
OUT_11468,268.14
OUT_11469,192.73
OUT_11470,127.79
OUT_11471,343.54
OUT_11472,168.12
OUT_11473,294.04
OUT_11474,118.9
OUT_11475,1043.63
OUT_11476,142.36
OUT_11477,127.58
OUT_11478,161.62
OUT_11479,229.42
OUT_11480,166.12
OUT_11481,152.73
OUT_11482,257.9
OUT_11483,275.58
OUT_11484,303.39
OUT_11485,159.1
OUT_11486,362.68
OUT_11487,279.72
OUT_11488,328.68
OUT_11489,332.88
OUT_11490,262.62
OUT_11491,296.85
OUT_11492,269.57
OUT_11493,346.5
OUT_11494,133.0
OUT_11495,268.03
OUT_11496,138.34
OUT_11497,2349.86
OUT_11498,124.32
OUT_11499,170.15
OUT_11500,1000.05
OUT_11501,119.3
OUT_11502,1202.28
OUT_11503,304.09
OUT_11504,1077.75
OUT_11505,163.56
OUT_11506,319.87
OUT_11507,116.93
OUT_11508,310.03
OUT_11509,137.82
OUT_11510,306.12
OUT_11511,310.08
OUT_11512,1185.76
OUT_11513,243.12
OUT_11514,140.89
OUT_11515,1047.58
OUT_11516,163.83
OUT_11517,357.97
OUT_11518,171.46
OUT_11519,104.64
OUT_11520,279.04
OUT_11521,157.46
OUT_11522,322.08
OUT_11523,2430.32
OUT_11524,152.19
OUT_11525,184.41
OUT_11526,152.36
OUT_11527,163.51
OUT_11528,155.1
OUT_11529,143.82
OUT_11530,157.65
OUT_11531,243.83
OUT_11532,1074.19
OUT_11533,160.21
OUT_11534,1133.99
OUT_11535,294.17
OUT_11536,287.94
OUT_11537,131.82
OUT_11538,162.59
OUT_11539,297.31
OUT_11540,992.93
OUT_11541,309.39
OUT_11542,136.29
OUT_11543,140.22
OUT_11544,166.16
OUT_11545,1023.14
OUT_11546,178.52
OUT_11547,1202.4
OUT_11548,175.71
OUT_11549,345.82
OUT_11550,193.2
OUT_11551,148.48
OUT_11552,180.54
OUT_11553,153.56
OUT_11554,210.8
OUT_11555,156.48
OUT_11556,150.79
OUT_11557,296.39
OUT_11558,144.07
OUT_11559,1027.9
OUT_11560,285.46
OUT_11561,138.49
OUT_11562,155.55
OUT_11563,1197.32
OUT_11564,131.56
OUT_11565,285.15
OUT_11566,165.7
OUT_11567,1027.6
OUT_11568,166.14
OUT_11569,1359.45
OUT_11570,139.66
OUT_11571,310.93
OUT_11572,150.45
OUT_11573,273.51
OUT_11574,313.14
OUT_11575,143.96
OUT_11576,330.38
OUT_11577,170.66
OUT_11578,290.5
OUT_11579,168.81
OUT_11580,135.47
OUT_11581,153.92
OUT_11582,173.39
OUT_11583,324.11
OUT_11584,1287.43
OUT_11585,336.04
OUT_11586,176.39
OUT_11587,283.84
OUT_11588,2346.8
OUT_11589,329.34
OUT_11590,2097.57
OUT_11591,137.72
OUT_11592,137.51
OUT_11593,174.16
OUT_11594,138.05
OUT_11595,135.27
OUT_11596,172.33
OUT_11597,167.57
OUT_11598,342.21
OUT_11599,921.54
OUT_11600,122.31
OUT_11601,2278.11
OUT_11602,156.16
OUT_11603,169.89
OUT_11604,146.44
OUT_11605,2218.47
OUT_11606,289.18
OUT_11607,365.24
OUT_11608,163.45
OUT_11609,164.83
OUT_11610,138.95
OUT_11611,1088.98
OUT_11612,155.16
OUT_11613,948.73
OUT_11614,152.68
OUT_11615,240.06
OUT_11616,334.65
OUT_11617,286.2
OUT_11618,282.95
OUT_11619,2428.25
OUT_11620,152.72
OUT_11621,159.2
OUT_11622,1120.85
OUT_11623,174.96
OUT_11624,152.28
OUT_11625,139.39
OUT_11626,128.41
OUT_11627,173.84
OUT_11628,292.71
OUT_11629,141.9
OUT_11630,973.63
OUT_11631,290.98
OUT_11632,348.59
OUT_11633,1023.79
OUT_11634,137.35
OUT_11635,152.53
OUT_11636,2212.57
OUT_11637,1030.27
OUT_11638,161.18
OUT_11639,162.66
OUT_11640,305.14
OUT_11641,189.09
OUT_11642,1031.04
OUT_11643,2267.75
OUT_11644,2223.42
OUT_11645,161.22
OUT_11646,1033.59
OUT_11647,156.21
OUT_11648,279.56
OUT_11649,167.64
OUT_11650,175.37
OUT_11651,155.12
OUT_11652,1083.47
OUT_11653,149.65
OUT_11654,165.09
OUT_11655,132.99
OUT_11656,141.96
OUT_11657,163.07
OUT_11658,151.73
OUT_11659,137.36
OUT_11660,159.82
OUT_11661,154.12
OUT_11662,1045.41
OUT_11663,131.35
OUT_11664,161.94
OUT_11665,2164.82
OUT_11666,1005.86
OUT_11667,274.05
OUT_11668,297.16
OUT_11669,173.88
OUT_11670,137.69
OUT_11671,153.75
OUT_11672,1050.06
OUT_11673,251.54
OUT_11674,1073.09
OUT_11675,191.07
OUT_11676,299.72
OUT_11677,148.4
OUT_11678,141.47
OUT_11679,141.19
OUT_11680,1217.97
OUT_11681,244.24
OUT_11682,159.51
OUT_11683,930.2
OUT_11684,157.32
OUT_11685,147.66
OUT_11686,988.53
OUT_11687,166.28
OUT_11688,1047.27
OUT_11689,261.38
OUT_11690,174.8
OUT_11691,204.75
OUT_11692,1075.23
OUT_11693,323.37
OUT_11694,141.88
OUT_11695,185.06
OUT_11696,994.47
OUT_11697,2360.4
OUT_11698,168.11
OUT_11699,301.73
OUT_11700,160.56
OUT_11701,168.6
OUT_11702,334.81
OUT_11703,165.67
OUT_11704,1277.21
OUT_11705,168.05
OUT_11706,150.59
OUT_11707,258.21
OUT_11708,155.31
OUT_11709,150.51
OUT_11710,163.61
OUT_11711,280.94
OUT_11712,186.06
OUT_11713,330.84
OUT_11714,129.17
OUT_11715,324.98
OUT_11716,302.84
OUT_11717,878.76
OUT_11718,288.4
OUT_11719,296.89
OUT_11720,2216.11
OUT_11721,259.82
OUT_11722,149.84
OUT_11723,158.69
OUT_11724,154.29
OUT_11725,174.83
OUT_11726,159.19
OUT_11727,296.35
OUT_11728,161.01
OUT_11729,167.8
OUT_11730,167.02
OUT_11731,156.68
OUT_11732,156.93
OUT_11733,1088.39
OUT_11734,161.61
OUT_11735,145.82
OUT_11736,147.85
OUT_11737,162.07
OUT_11738,155.26
OUT_11739,130.85
OUT_11740,172.42
OUT_11741,147.22
OUT_11742,303.6
OUT_11743,262.08
OUT_11744,161.69
OUT_11745,179.14
OUT_11746,1034.87
OUT_11747,251.34
OUT_11748,186.9
OUT_11749,306.66
OUT_11750,258.57
OUT_11751,130.93
OUT_11752,170.16
OUT_11753,264.63
OUT_11754,170.34
OUT_11755,1005.46
OUT_11756,164.95
OUT_11757,1273.3
OUT_11758,155.99
OUT_11759,133.85
OUT_11760,140.66
OUT_11761,308.16
OUT_11762,983.95
OUT_11763,293.11
OUT_11764,309.86
OUT_11765,146.5
OUT_11766,163.96
OUT_11767,2255.48
OUT_11768,162.48
OUT_11769,967.32
OUT_11770,2201.8
OUT_11771,328.21
OUT_11772,359.63
OUT_11773,152.48
OUT_11774,130.43
OUT_11775,296.28
OUT_11776,156.15
OUT_11777,178.01
OUT_11778,189.83
OUT_11779,162.26
OUT_11780,1227.95
OUT_11781,126.55
OUT_11782,153.8
OUT_11783,285.9
OUT_11784,322.62
OUT_11785,143.75
OUT_11786,169.26
OUT_11787,139.27
OUT_11788,2142.0
OUT_11789,1060.12
OUT_11790,280.55
OUT_11791,1038.09
OUT_11792,307.41
OUT_11793,175.19
OUT_11794,147.88
OUT_11795,183.5
OUT_11796,304.44
OUT_11797,1011.21
OUT_11798,327.42
OUT_11799,290.41
OUT_11800,246.63
OUT_11801,222.61
OUT_11802,153.56
OUT_11803,142.9
OUT_11804,2328.21
OUT_11805,172.32
OUT_11806,142.34
OUT_11807,279.07
OUT_11808,299.59
OUT_11809,188.59
OUT_11810,130.08
OUT_11811,169.89
OUT_11812,183.76
OUT_11813,346.36
OUT_11814,270.22
OUT_11815,136.12
OUT_11816,1035.1
OUT_11817,280.01
OUT_11818,132.64
OUT_11819,976.81
OUT_11820,1141.6
OUT_11821,156.21
OUT_11822,162.86
OUT_11823,1054.23
OUT_11824,347.76
OUT_11825,340.94
OUT_11826,183.36
OUT_11827,168.97
OUT_11828,164.93
OUT_11829,157.26
OUT_11830,129.67
OUT_11831,176.69
OUT_11832,138.84
OUT_11833,322.54
OUT_11834,342.32
OUT_11835,147.92
OUT_11836,144.25
OUT_11837,328.19
OUT_11838,296.43
OUT_11839,161.81
OUT_11840,146.61
OUT_11841,150.77
OUT_11842,333.06
OUT_11843,2141.84
OUT_11844,153.12
OUT_11845,1066.49
OUT_11846,159.16
OUT_11847,258.86
OUT_11848,1059.13
OUT_11849,157.01
OUT_11850,146.58
OUT_11851,160.23
OUT_11852,1030.94
OUT_11853,2438.39
OUT_11854,157.65
OUT_11855,289.54
OUT_11856,283.26
OUT_11857,1136.24
OUT_11858,281.09
OUT_11859,1057.31
OUT_11860,133.29
OUT_11861,291.61
OUT_11862,291.86
OUT_11863,163.57
OUT_11864,169.89
OUT_11865,194.8
OUT_11866,278.21
OUT_11867,164.49
OUT_11868,1062.3
OUT_11869,158.34
OUT_11870,322.62
OUT_11871,141.22
OUT_11872,290.67
OUT_11873,149.9
OUT_11874,138.81
OUT_11875,302.72
OUT_11876,292.43
OUT_11877,167.91
OUT_11878,147.64
OUT_11879,285.07
OUT_11880,191.36
OUT_11881,302.51
OUT_11882,251.62
OUT_11883,1031.8
OUT_11884,165.05
OUT_11885,286.27
OUT_11886,327.04
OUT_11887,145.22
OUT_11888,176.9
OUT_11889,284.97
OUT_11890,148.84
OUT_11891,194.14
OUT_11892,170.61
OUT_11893,152.56
OUT_11894,1066.28
OUT_11895,174.21
OUT_11896,138.0
OUT_11897,1106.82
OUT_11898,1062.78
OUT_11899,161.76
OUT_11900,942.88
OUT_11901,158.96
OUT_11902,149.16
OUT_11903,176.66
OUT_11904,169.97
OUT_11905,175.89
OUT_11906,141.62
OUT_11907,165.74
OUT_11908,190.23
OUT_11909,929.11
OUT_11910,328.8
OUT_11911,1060.48
OUT_11912,289.11
OUT_11913,182.38
OUT_11914,291.64
OUT_11915,193.33
OUT_11916,161.49
OUT_11917,158.76
OUT_11918,142.59
OUT_11919,163.99
OUT_11920,1067.92
OUT_11921,163.28
OUT_11922,1013.78
OUT_11923,130.5
OUT_11924,188.07
OUT_11925,122.85
OUT_11926,149.26
OUT_11927,155.01
OUT_11928,167.0
OUT_11929,1103.09
OUT_11930,177.69
OUT_11931,138.4
OUT_11932,146.24
OUT_11933,168.02
OUT_11934,351.29
OUT_11935,149.36
OUT_11936,133.79
OUT_11937,126.86
OUT_11938,153.33
OUT_11939,252.61
OUT_11940,346.23
OUT_11941,164.87
OUT_11942,346.25
OUT_11943,1012.88
OUT_11944,937.16
OUT_11945,188.05
OUT_11946,143.08
OUT_11947,270.51
OUT_11948,113.29
OUT_11949,2414.2
OUT_11950,2365.09
OUT_11951,1025.78
OUT_11952,130.09
OUT_11953,164.42
OUT_11954,238.61
OUT_11955,172.72
OUT_11956,161.18
OUT_11957,157.96
OUT_11958,1076.21
OUT_11959,156.05
OUT_11960,950.56
OUT_11961,1081.15
OUT_11962,294.32
OUT_11963,1298.51
OUT_11964,177.14
OUT_11965,285.02
OUT_11966,139.46
OUT_11967,181.7
OUT_11968,977.14
OUT_11969,1030.73
OUT_11970,1011.34
OUT_11971,151.4
OUT_11972,281.26
OUT_11973,159.2
OUT_11974,190.37
OUT_11975,252.92
OUT_11976,1092.98
OUT_11977,193.65
OUT_11978,283.0
OUT_11979,159.17
OUT_11980,137.02
OUT_11981,2227.26
OUT_11982,195.18
OUT_11983,298.06
OUT_11984,157.67
OUT_11985,169.0
OUT_11986,278.79
OUT_11987,254.8
OUT_11988,314.4
OUT_11989,324.92
OUT_11990,136.14
OUT_11991,283.81
OUT_11992,296.27
OUT_11993,271.52
OUT_11994,142.34
OUT_11995,328.66
OUT_11996,295.55
OUT_11997,175.51
OUT_11998,329.37
OUT_11999,164.5
OUT_12000,328.66
OUT_12001,161.67
OUT_12002,318.3
OUT_12003,284.45
OUT_12004,2319.76
OUT_12005,156.9
OUT_12006,281.98
OUT_12007,337.53
OUT_12008,1011.59
OUT_12009,135.35
OUT_12010,208.09
OUT_12011,169.75
OUT_12012,1124.26
OUT_12013,295.89
OUT_12014,152.88
OUT_12015,2365.59
OUT_12016,137.88
OUT_12017,164.53
OUT_12018,168.31
OUT_12019,166.12
OUT_12020,172.08
OUT_12021,251.8
OUT_12022,331.97
OUT_12023,125.86
OUT_12024,148.45
OUT_12025,138.27
OUT_12026,2202.93
OUT_12027,139.39
OUT_12028,335.81
OUT_12029,152.53
OUT_12030,1240.93
OUT_12031,167.57
OUT_12032,307.74
OUT_12033,281.22
OUT_12034,158.61
OUT_12035,339.55
OUT_12036,1244.9
OUT_12037,171.87
OUT_12038,153.73
OUT_12039,157.91
OUT_12040,172.91
OUT_12041,346.5
OUT_12042,272.9
OUT_12043,281.08
OUT_12044,152.1
OUT_12045,316.68
OUT_12046,175.09
OUT_12047,159.74
OUT_12048,173.68
OUT_12049,980.44
OUT_12050,175.12
OUT_12051,143.25
OUT_12052,173.11
OUT_12053,129.93
OUT_12054,309.56
OUT_12055,1467.35
OUT_12056,157.79
OUT_12057,139.91
OUT_12058,1065.86
OUT_12059,108.9
OUT_12060,2354.28
OUT_12061,180.13
OUT_12062,309.39
OUT_12063,303.45
OUT_12064,266.78
OUT_12065,145.54
OUT_12066,134.98
OUT_12067,138.9
OUT_12068,156.83
OUT_12069,152.2
OUT_12070,300.29
OUT_12071,991.72
OUT_12072,150.78
OUT_12073,160.18
OUT_12074,1266.69
OUT_12075,128.27
OUT_12076,181.55
OUT_12077,170.45
OUT_12078,188.7
OUT_12079,129.62
OUT_12080,155.83
OUT_12081,989.16
OUT_12082,329.12
OUT_12083,995.62
OUT_12084,278.05
OUT_12085,181.92
OUT_12086,151.58
OUT_12087,174.91
OUT_12088,186.46
OUT_12089,154.86
OUT_12090,274.35
OUT_12091,985.62
OUT_12092,124.1
OUT_12093,153.69
OUT_12094,140.82
OUT_12095,242.81
OUT_12096,292.45
OUT_12097,163.37
OUT_12098,325.46
OUT_12099,150.66
OUT_12100,152.71
OUT_12101,154.48
OUT_12102,149.98
OUT_12103,168.74
OUT_12104,181.1
OUT_12105,174.79
OUT_12106,159.71
OUT_12107,151.48
OUT_12108,2399.25
OUT_12109,328.03
OUT_12110,332.57
OUT_12111,183.65
OUT_12112,166.96
OUT_12113,965.68
OUT_12114,154.55
OUT_12115,1064.15
OUT_12116,287.66
OUT_12117,144.86
OUT_12118,307.86
OUT_12119,143.25
OUT_12120,313.42
OUT_12121,359.82
OUT_12122,152.44
OUT_12123,324.28
OUT_12124,324.73
OUT_12125,293.52
OUT_12126,160.25
OUT_12127,171.15
OUT_12128,356.51
OUT_12129,145.68
OUT_12130,154.91
OUT_12131,2206.53
OUT_12132,155.35
OUT_12133,152.93
OUT_12134,310.69
OUT_12135,151.07
OUT_12136,244.66
OUT_12137,308.67
OUT_12138,1221.27
OUT_12139,1064.8
OUT_12140,151.21
OUT_12141,2419.03
OUT_12142,2294.07
OUT_12143,162.37
OUT_12144,172.39
OUT_12145,1231.6
OUT_12146,166.72
OUT_12147,129.93
OUT_12148,1006.4
OUT_12149,178.31
OUT_12150,169.29
OUT_12151,131.49
OUT_12152,1275.72
OUT_12153,324.24
OUT_12154,264.91
OUT_12155,130.33
OUT_12156,204.05
OUT_12157,261.73
OUT_12158,177.54
OUT_12159,2361.21
OUT_12160,342.39
OUT_12161,153.68
OUT_12162,2221.55
OUT_12163,148.14
OUT_12164,140.57
OUT_12165,178.05
OUT_12166,123.76
OUT_12167,122.94
OUT_12168,145.48
OUT_12169,154.05
OUT_12170,278.9
OUT_12171,143.06
OUT_12172,300.15
OUT_12173,283.03
OUT_12174,255.51
OUT_12175,144.07
OUT_12176,265.09
OUT_12177,134.29
OUT_12178,136.59
OUT_12179,154.78
OUT_12180,127.81
OUT_12181,151.59
OUT_12182,310.88
OUT_12183,163.08
OUT_12184,339.01
OUT_12185,370.15
OUT_12186,166.07
OUT_12187,332.22
OUT_12188,166.68
OUT_12189,283.39
OUT_12190,148.0
OUT_12191,150.31
OUT_12192,163.3
OUT_12193,155.4
OUT_12194,372.02
OUT_12195,145.15
OUT_12196,182.6
OUT_12197,354.15
OUT_12198,295.03
OUT_12199,172.67
OUT_12200,1027.64
OUT_12201,181.81
OUT_12202,159.49
OUT_12203,942.45
OUT_12204,149.13
OUT_12205,2317.97
OUT_12206,2226.04
OUT_12207,296.09
OUT_12208,344.81
OUT_12209,152.52
OUT_12210,125.36
OUT_12211,167.9
OUT_12212,128.63
OUT_12213,147.55
OUT_12214,265.94
OUT_12215,1261.49
OUT_12216,267.6
OUT_12217,138.54
OUT_12218,182.42
OUT_12219,185.76
OUT_12220,1033.38
OUT_12221,168.54
OUT_12222,144.02
OUT_12223,297.26
OUT_12224,1022.41
OUT_12225,162.72
OUT_12226,166.2
OUT_12227,128.87
OUT_12228,173.7
OUT_12229,157.08
OUT_12230,165.33
OUT_12231,175.89
OUT_12232,190.87
OUT_12233,202.14
OUT_12234,135.12
OUT_12235,329.01
OUT_12236,147.97
OUT_12237,1104.89
OUT_12238,152.13
OUT_12239,255.59
OUT_12240,149.14
OUT_12241,128.12
OUT_12242,1098.86
OUT_12243,156.46
OUT_12244,309.05
OUT_12245,123.55
OUT_12246,128.66
OUT_12247,158.62
OUT_12248,331.74
OUT_12249,2161.75
OUT_12250,1082.08
OUT_12251,130.04
OUT_12252,148.09
OUT_12253,244.58
OUT_12254,169.63
OUT_12255,1013.69
OUT_12256,946.65
OUT_12257,159.9
OUT_12258,2142.75
OUT_12259,299.98
OUT_12260,147.48
OUT_12261,182.77
OUT_12262,351.75
OUT_12263,2238.3
OUT_12264,2353.4
OUT_12265,291.28
OUT_12266,176.99
OUT_12267,344.97
OUT_12268,2417.94
OUT_12269,149.51
OUT_12270,303.76
OUT_12271,152.13
OUT_12272,335.2
OUT_12273,306.69
OUT_12274,157.09
OUT_12275,283.31
OUT_12276,166.7
OUT_12277,2222.29
OUT_12278,148.38
OUT_12279,285.77
OUT_12280,283.24
OUT_12281,304.44
OUT_12282,304.93
OUT_12283,1157.37
OUT_12284,131.31
OUT_12285,313.58
OUT_12286,174.11
OUT_12287,143.77
OUT_12288,131.84
OUT_12289,177.77
OUT_12290,142.17
OUT_12291,1021.67
OUT_12292,301.43
OUT_12293,164.99
OUT_12294,399.4
OUT_12295,1050.48
OUT_12296,180.95
OUT_12297,283.31
OUT_12298,289.78
OUT_12299,134.29
OUT_12300,160.63
OUT_12301,952.14
OUT_12302,153.55
OUT_12303,152.9
OUT_12304,145.88
OUT_12305,155.85
OUT_12306,2261.88
OUT_12307,161.05
OUT_12308,218.95
OUT_12309,158.82
OUT_12310,342.66
OUT_12311,368.49
OUT_12312,291.78
OUT_12313,158.53
OUT_12314,316.02
OUT_12315,163.22
OUT_12316,161.01
OUT_12317,156.38
OUT_12318,138.7
OUT_12319,150.09
OUT_12320,160.23
OUT_12321,155.83
OUT_12322,176.83
OUT_12323,157.65
OUT_12324,269.76
OUT_12325,303.22
OUT_12326,130.0
OUT_12327,1057.43
OUT_12328,283.26
OUT_12329,178.18
OUT_12330,150.93
OUT_12331,1044.06
OUT_12332,234.78
OUT_12333,281.61
OUT_12334,2284.45
OUT_12335,325.53
OUT_12336,144.28
OUT_12337,174.91
OUT_12338,321.01
OUT_12339,176.1
OUT_12340,331.18
OUT_12341,132.84
OUT_12342,152.9
OUT_12343,1289.5
OUT_12344,297.15
OUT_12345,2447.42
OUT_12346,1058.67
OUT_12347,301.03
OUT_12348,2428.53
OUT_12349,371.88
OUT_12350,166.19
OUT_12351,161.2
OUT_12352,137.02
OUT_12353,128.18
OUT_12354,160.34
OUT_12355,337.52
OUT_12356,207.47
OUT_12357,122.1
OUT_12358,136.66
OUT_12359,146.93
OUT_12360,1138.73
OUT_12361,155.01
OUT_12362,123.94
OUT_12363,146.93
OUT_12364,162.46
OUT_12365,186.76
OUT_12366,164.21
OUT_12367,303.8
OUT_12368,2223.24
OUT_12369,953.31
OUT_12370,325.97
OUT_12371,1358.2
OUT_12372,2122.93
OUT_12373,247.24
OUT_12374,327.74
OUT_12375,336.76
OUT_12376,1221.22
OUT_12377,154.07
OUT_12378,316.99
OUT_12379,133.16
OUT_12380,163.92
OUT_12381,886.76
OUT_12382,126.3
OUT_12383,124.08
OUT_12384,1023.25
OUT_12385,177.84
OUT_12386,144.76
OUT_12387,321.45
OUT_12388,1012.71
OUT_12389,290.49
OUT_12390,182.24
OUT_12391,296.74
OUT_12392,192.58
OUT_12393,294.14
OUT_12394,990.18
OUT_12395,143.64
OUT_12396,1235.97
OUT_12397,138.33
OUT_12398,2194.42
OUT_12399,310.94
OUT_12400,2276.47
OUT_12401,1079.08
OUT_12402,317.29
OUT_12403,156.84
OUT_12404,136.29
OUT_12405,153.12
OUT_12406,285.38
OUT_12407,150.73
OUT_12408,164.15
OUT_12409,285.99
OUT_12410,339.83
OUT_12411,117.6
OUT_12412,312.55
OUT_12413,330.84
OUT_12414,1027.92
OUT_12415,306.56
OUT_12416,322.41
OUT_12417,1006.7
OUT_12418,284.38
OUT_12419,159.7
OUT_12420,341.26
OUT_12421,293.4
OUT_12422,180.22
OUT_12423,305.34
OUT_12424,970.55
OUT_12425,2275.36
OUT_12426,144.17
OUT_12427,169.87
OUT_12428,140.66
OUT_12429,273.39
OUT_12430,286.29
OUT_12431,178.89
OUT_12432,162.37
OUT_12433,152.93
OUT_12434,287.69
OUT_12435,266.17
OUT_12436,1286.34
OUT_12437,131.65
OUT_12438,134.26
OUT_12439,164.18
OUT_12440,1093.39
OUT_12441,150.71
OUT_12442,356.24
OUT_12443,202.59
OUT_12444,965.45
OUT_12445,2263.55
OUT_12446,360.62
OUT_12447,168.25
OUT_12448,283.83
OUT_12449,166.23
OUT_12450,234.48
OUT_12451,156.72
OUT_12452,166.38
OUT_12453,133.27
OUT_12454,177.15
OUT_12455,149.87
OUT_12456,938.94
OUT_12457,177.79
OUT_12458,156.53
OUT_12459,328.98
OUT_12460,1014.35
OUT_12461,141.79
OUT_12462,184.73
OUT_12463,1009.56
OUT_12464,326.19
OUT_12465,132.3
OUT_12466,192.77
OUT_12467,153.89
OUT_12468,172.1
OUT_12469,1012.37
OUT_12470,345.1
OUT_12471,142.92
OUT_12472,159.74
OUT_12473,289.79
OUT_12474,133.1
OUT_12475,130.37
OUT_12476,287.37
OUT_12477,158.93
OUT_12478,138.5
OUT_12479,329.62
OUT_12480,1072.99
OUT_12481,134.07
OUT_12482,1034.32
OUT_12483,957.49
OUT_12484,2332.35
OUT_12485,1125.18
OUT_12486,162.84
OUT_12487,133.78
OUT_12488,996.36
OUT_12489,166.42
OUT_12490,157.89
OUT_12491,142.45
OUT_12492,2243.13
OUT_12493,169.0
OUT_12494,2217.4
OUT_12495,345.41
OUT_12496,337.42
OUT_12497,131.12
OUT_12498,269.48
OUT_12499,169.48
OUT_12500,152.43
OUT_12501,292.46
OUT_12502,1092.06
OUT_12503,287.67
OUT_12504,135.65
OUT_12505,183.7
OUT_12506,175.37
OUT_12507,1283.92
OUT_12508,291.68
OUT_12509,1089.67
OUT_12510,172.33
OUT_12511,156.01
OUT_12512,303.94
OUT_12513,293.83
OUT_12514,2368.38
OUT_12515,258.7
OUT_12516,212.28
OUT_12517,162.89
OUT_12518,1046.71
OUT_12519,144.59
OUT_12520,141.68
OUT_12521,162.24
OUT_12522,906.77
OUT_12523,301.63
OUT_12524,152.72
OUT_12525,147.66
OUT_12526,166.57
OUT_12527,145.14
OUT_12528,132.73
OUT_12529,1058.63
OUT_12530,1073.88
OUT_12531,1392.03
OUT_12532,134.33
OUT_12533,142.93
OUT_12534,160.37
OUT_12535,172.26
OUT_12536,1085.7
OUT_12537,168.81
OUT_12538,280.28
OUT_12539,168.66
OUT_12540,153.81
OUT_12541,126.58
OUT_12542,337.2
OUT_12543,175.23
OUT_12544,319.39
OUT_12545,139.67
OUT_12546,139.68
OUT_12547,151.53
OUT_12548,163.33
OUT_12549,203.62
OUT_12550,158.66
OUT_12551,163.16
OUT_12552,1017.06
OUT_12553,285.12
OUT_12554,189.94
OUT_12555,141.08
OUT_12556,129.65
OUT_12557,157.61
OUT_12558,143.0
OUT_12559,161.36
OUT_12560,164.49
OUT_12561,2198.49
OUT_12562,1062.32
OUT_12563,982.52
OUT_12564,302.86
OUT_12565,173.04
OUT_12566,156.95
OUT_12567,189.75
OUT_12568,151.41
OUT_12569,975.08
OUT_12570,357.81
OUT_12571,151.97
OUT_12572,1105.11
OUT_12573,170.46
OUT_12574,131.42
OUT_12575,279.67
OUT_12576,157.03
OUT_12577,122.16
OUT_12578,289.04
OUT_12579,294.33
OUT_12580,1041.45
OUT_12581,1040.88
OUT_12582,1010.68
OUT_12583,181.48
OUT_12584,149.13
OUT_12585,159.23
OUT_12586,159.26
OUT_12587,1042.83
OUT_12588,2462.94
OUT_12589,176.39
OUT_12590,126.46
OUT_12591,313.38
OUT_12592,2180.33
OUT_12593,356.96
OUT_12594,955.67
OUT_12595,323.66
OUT_12596,1310.74
OUT_12597,156.96
OUT_12598,1268.89
OUT_12599,183.04
OUT_12600,323.54
OUT_12601,177.94
OUT_12602,159.64
OUT_12603,1080.46
OUT_12604,311.42
OUT_12605,366.82
OUT_12606,303.96
OUT_12607,291.96
OUT_12608,161.66
OUT_12609,189.15
OUT_12610,193.66
OUT_12611,306.92
OUT_12612,173.06
OUT_12613,169.6
OUT_12614,192.14
OUT_12615,351.84
OUT_12616,168.62
OUT_12617,129.08
OUT_12618,243.15
OUT_12619,188.16
OUT_12620,163.47
OUT_12621,1246.63
OUT_12622,158.56
OUT_12623,1013.28
OUT_12624,2155.08
OUT_12625,2226.35
OUT_12626,175.86
OUT_12627,142.71
OUT_12628,298.05
OUT_12629,1034.45
OUT_12630,342.1
OUT_12631,161.34
OUT_12632,1087.77
OUT_12633,143.85
OUT_12634,149.81
OUT_12635,331.06
OUT_12636,161.76
OUT_12637,154.3
OUT_12638,2265.64
OUT_12639,146.23
OUT_12640,157.66
OUT_12641,1064.06
OUT_12642,2184.16
OUT_12643,297.82
OUT_12644,339.83
OUT_12645,157.97
OUT_12646,159.37
OUT_12647,193.53
OUT_12648,139.28
OUT_12649,158.28
OUT_12650,169.49
OUT_12651,129.96
OUT_12652,287.57
OUT_12653,307.86
OUT_12654,1058.97
OUT_12655,168.45
OUT_12656,172.4
OUT_12657,182.98
OUT_12658,2442.26
OUT_12659,168.55
OUT_12660,303.48
OUT_12661,146.68
OUT_12662,160.49
OUT_12663,176.22
OUT_12664,279.66
OUT_12665,192.32
OUT_12666,1032.49
OUT_12667,169.97
OUT_12668,341.22
OUT_12669,145.41
OUT_12670,268.28
OUT_12671,174.69
OUT_12672,1039.37
OUT_12673,178.74
OUT_12674,178.14
OUT_12675,2396.87
OUT_12676,130.93
OUT_12677,312.72
OUT_12678,271.17
OUT_12679,194.95
OUT_12680,154.89
OUT_12681,153.16
OUT_12682,1251.33
OUT_12683,2219.5
OUT_12684,148.85
OUT_12685,156.35
OUT_12686,175.25
OUT_12687,133.03
OUT_12688,149.09
OUT_12689,340.35
OUT_12690,295.57
OUT_12691,2270.15
OUT_12692,255.58
OUT_12693,314.73
OUT_12694,193.99
OUT_12695,125.96
OUT_12696,178.33
OUT_12697,1079.87
OUT_12698,254.08
OUT_12699,135.53
OUT_12700,140.6
OUT_12701,167.09
OUT_12702,957.27
OUT_12703,142.28
OUT_12704,1045.4
OUT_12705,1032.74
OUT_12706,304.71
OUT_12707,281.68
OUT_12708,159.27
OUT_12709,301.25
OUT_12710,148.28
OUT_12711,120.92
OUT_12712,250.95
OUT_12713,181.46
OUT_12714,282.14
OUT_12715,141.5
OUT_12716,323.98
OUT_12717,290.51
OUT_12718,131.92
OUT_12719,302.58
OUT_12720,197.32
OUT_12721,152.98
OUT_12722,309.29
OUT_12723,155.24
OUT_12724,155.06
OUT_12725,124.36
OUT_12726,155.8
OUT_12727,158.6
OUT_12728,2226.51
OUT_12729,308.75
OUT_12730,1034.31
OUT_12731,313.62
OUT_12732,159.71
OUT_12733,171.37
OUT_12734,952.86
OUT_12735,333.36
OUT_12736,141.1
OUT_12737,158.61
OUT_12738,154.61
OUT_12739,159.17
OUT_12740,1169.66
OUT_12741,175.02
OUT_12742,2309.05
OUT_12743,352.91
OUT_12744,324.17
OUT_12745,971.21
OUT_12746,156.72
OUT_12747,154.68
OUT_12748,197.92
OUT_12749,168.11
OUT_12750,227.34
OUT_12751,159.17
OUT_12752,143.8
OUT_12753,320.26
OUT_12754,988.14
OUT_12755,310.07
OUT_12756,162.5
OUT_12757,139.52
OUT_12758,137.73
OUT_12759,161.45
OUT_12760,149.4
OUT_12761,133.51
OUT_12762,167.85
OUT_12763,249.35
OUT_12764,144.35
OUT_12765,133.66
OUT_12766,177.61
OUT_12767,153.02
OUT_12768,167.94
OUT_12769,1079.91
OUT_12770,155.08
OUT_12771,164.92
OUT_12772,144.63
OUT_12773,147.99
OUT_12774,168.95
OUT_12775,162.9
OUT_12776,148.86
OUT_12777,304.59
OUT_12778,126.41
OUT_12779,147.77
OUT_12780,132.23
OUT_12781,169.72
OUT_12782,304.55
OUT_12783,1043.89
OUT_12784,318.56
OUT_12785,290.99
OUT_12786,149.59
OUT_12787,193.76
OUT_12788,279.78
OUT_12789,332.69
OUT_12790,290.35
OUT_12791,153.83
OUT_12792,295.42
OUT_12793,382.91
OUT_12794,152.04
OUT_12795,122.08
OUT_12796,170.06
OUT_12797,167.32
OUT_12798,157.9
OUT_12799,154.59
OUT_12800,167.58
OUT_12801,288.97
OUT_12802,137.24
OUT_12803,140.94
OUT_12804,1021.41
OUT_12805,170.82
OUT_12806,299.89
OUT_12807,1042.94
OUT_12808,179.72
OUT_12809,241.01
OUT_12810,300.41
OUT_12811,278.61
OUT_12812,170.77
OUT_12813,326.25
OUT_12814,342.15
OUT_12815,912.79
OUT_12816,325.17
OUT_12817,276.99
OUT_12818,158.6
OUT_12819,141.68
OUT_12820,943.54
OUT_12821,257.56
OUT_12822,166.15
OUT_12823,119.21
OUT_12824,146.78
OUT_12825,157.08
OUT_12826,163.02
OUT_12827,127.43
OUT_12828,163.9
OUT_12829,158.69
OUT_12830,159.1
OUT_12831,157.79
OUT_12832,319.47
OUT_12833,345.6
OUT_12834,2386.85
OUT_12835,183.1
OUT_12836,312.23
OUT_12837,169.14
OUT_12838,120.18
OUT_12839,147.51
OUT_12840,162.36
OUT_12841,157.64
OUT_12842,881.05
OUT_12843,353.38
OUT_12844,298.56
OUT_12845,322.66
OUT_12846,159.67
OUT_12847,137.26
OUT_12848,2297.42
OUT_12849,296.97
OUT_12850,167.82
OUT_12851,252.99
OUT_12852,160.55
OUT_12853,170.01
OUT_12854,171.57
OUT_12855,2305.46
OUT_12856,148.85
OUT_12857,950.09
OUT_12858,156.76
OUT_12859,176.36
OUT_12860,186.15
OUT_12861,305.14
OUT_12862,301.32
OUT_12863,1248.11
OUT_12864,165.07
OUT_12865,2519.5
OUT_12866,161.88
OUT_12867,321.0
OUT_12868,159.13
OUT_12869,128.27
OUT_12870,203.49
OUT_12871,175.2
OUT_12872,155.25
OUT_12873,2177.35
OUT_12874,2465.69
OUT_12875,1044.92
OUT_12876,253.84
OUT_12877,185.2
OUT_12878,151.15
OUT_12879,304.67
OUT_12880,166.78
OUT_12881,318.48
OUT_12882,2205.13
OUT_12883,335.6
OUT_12884,166.07
OUT_12885,280.82
OUT_12886,250.56
OUT_12887,169.79
OUT_12888,175.25
OUT_12889,278.37
OUT_12890,2183.62
OUT_12891,294.5
OUT_12892,289.78
OUT_12893,158.71
OUT_12894,180.99
OUT_12895,121.15
OUT_12896,322.77
OUT_12897,174.66
OUT_12898,152.18
OUT_12899,147.65
OUT_12900,1023.27
OUT_12901,130.53
OUT_12902,131.78
OUT_12903,180.02
OUT_12904,280.69
OUT_12905,1054.53
OUT_12906,1064.72
OUT_12907,1029.28
OUT_12908,153.34
OUT_12909,258.75
OUT_12910,175.68
OUT_12911,1072.81
OUT_12912,153.04
OUT_12913,326.46
OUT_12914,135.94
OUT_12915,349.46
OUT_12916,184.04
OUT_12917,149.28
OUT_12918,263.24
OUT_12919,157.88
OUT_12920,176.31
OUT_12921,243.89
OUT_12922,130.22
OUT_12923,1187.75
OUT_12924,350.42
OUT_12925,318.37
OUT_12926,960.08
OUT_12927,177.27
OUT_12928,148.71
OUT_12929,145.57
OUT_12930,346.72
OUT_12931,182.89
OUT_12932,2360.02
OUT_12933,307.95
OUT_12934,340.67
OUT_12935,1030.39
OUT_12936,165.54
OUT_12937,171.22
OUT_12938,156.21
OUT_12939,2134.58
OUT_12940,133.1
OUT_12941,1033.76
OUT_12942,322.24
OUT_12943,161.95
OUT_12944,298.96
OUT_12945,304.25
OUT_12946,265.94
OUT_12947,165.17
OUT_12948,133.29
OUT_12949,988.05
OUT_12950,309.43
OUT_12951,376.33
OUT_12952,150.09
OUT_12953,1058.92
OUT_12954,179.4
OUT_12955,124.19
OUT_12956,146.81
OUT_12957,149.95
OUT_12958,366.45
OUT_12959,159.64
OUT_12960,290.15
OUT_12961,918.39
OUT_12962,147.71
OUT_12963,273.38
OUT_12964,148.69
OUT_12965,1046.97
OUT_12966,166.46
OUT_12967,152.78
OUT_12968,166.88
OUT_12969,2391.78
OUT_12970,302.37
OUT_12971,985.19
OUT_12972,284.31
OUT_12973,134.07
OUT_12974,2345.06
OUT_12975,150.66
OUT_12976,940.38
OUT_12977,1040.3
OUT_12978,2183.08
OUT_12979,306.02
OUT_12980,138.86
OUT_12981,151.76
OUT_12982,361.82
OUT_12983,160.23
OUT_12984,154.5
OUT_12985,976.2
OUT_12986,1055.01
OUT_12987,2450.81
OUT_12988,179.05
OUT_12989,192.26
OUT_12990,337.22
OUT_12991,1051.35
OUT_12992,289.77
OUT_12993,1056.4
OUT_12994,261.42
OUT_12995,133.2
OUT_12996,306.22
OUT_12997,283.73
OUT_12998,160.86
OUT_12999,133.19
OUT_13000,283.34
OUT_13001,166.54
OUT_13002,143.55
OUT_13003,134.89
OUT_13004,310.16
OUT_13005,184.59
OUT_13006,139.45
OUT_13007,131.85
OUT_13008,2231.2
OUT_13009,127.98
OUT_13010,938.58
OUT_13011,153.91
OUT_13012,173.62
OUT_13013,146.3
OUT_13014,186.93
OUT_13015,287.21
OUT_13016,144.62
OUT_13017,1115.71
OUT_13018,252.3
OUT_13019,1070.5
OUT_13020,287.58
OUT_13021,143.43
OUT_13022,137.14
OUT_13023,2416.29
OUT_13024,163.28
OUT_13025,160.48
OUT_13026,943.72
OUT_13027,235.81
OUT_13028,160.53
OUT_13029,281.96
OUT_13030,127.6
OUT_13031,127.28
OUT_13032,1092.47
OUT_13033,149.38
OUT_13034,140.77
OUT_13035,2285.29
OUT_13036,238.62
OUT_13037,152.05
OUT_13038,148.78
OUT_13039,294.92
OUT_13040,166.83
OUT_13041,146.14
OUT_13042,133.53
OUT_13043,134.81
OUT_13044,310.23
OUT_13045,147.27
OUT_13046,152.98
OUT_13047,156.32
OUT_13048,149.09
OUT_13049,182.76
OUT_13050,151.32
OUT_13051,146.23
OUT_13052,903.03
OUT_13053,309.68
OUT_13054,135.24
OUT_13055,2106.86
OUT_13056,249.23
OUT_13057,1266.47
OUT_13058,166.1
OUT_13059,130.26
OUT_13060,142.67
OUT_13061,148.63
OUT_13062,127.11
OUT_13063,907.28
OUT_13064,153.39
OUT_13065,148.53
OUT_13066,245.87
OUT_13067,141.52
OUT_13068,178.92
OUT_13069,121.05
OUT_13070,141.91
OUT_13071,157.36
OUT_13072,895.03
OUT_13073,142.04
OUT_13074,141.98
OUT_13075,304.24
OUT_13076,257.98
OUT_13077,171.43
OUT_13078,147.28
OUT_13079,169.27
OUT_13080,131.58
OUT_13081,146.35
OUT_13082,180.27
OUT_13083,156.38
OUT_13084,180.24
OUT_13085,140.29
OUT_13086,143.33
OUT_13087,154.31
OUT_13088,1015.56
OUT_13089,151.96
OUT_13090,138.07
OUT_13091,302.2
OUT_13092,338.42
OUT_13093,265.54
OUT_13094,182.28
OUT_13095,230.06
OUT_13096,331.35
OUT_13097,988.46
OUT_13098,175.41
OUT_13099,174.19
OUT_13100,134.47
OUT_13101,285.83
OUT_13102,131.06
OUT_13103,142.58
OUT_13104,295.02
OUT_13105,939.75
OUT_13106,139.3
OUT_13107,136.49
OUT_13108,148.26
OUT_13109,282.65
OUT_13110,146.25
OUT_13111,268.99
OUT_13112,177.74
OUT_13113,2403.19
OUT_13114,146.31
OUT_13115,154.1
OUT_13116,370.38
OUT_13117,156.91
OUT_13118,2105.16
OUT_13119,243.56
OUT_13120,253.41
OUT_13121,132.36
OUT_13122,135.4
OUT_13123,129.18
OUT_13124,123.75
OUT_13125,251.29
OUT_13126,141.57
OUT_13127,129.52
OUT_13128,913.33
OUT_13129,251.84
OUT_13130,285.03
OUT_13131,167.9
OUT_13132,145.78
OUT_13133,123.06
OUT_13134,148.23
OUT_13135,1028.96
OUT_13136,142.61
OUT_13137,146.83
OUT_13138,129.33
OUT_13139,183.89
OUT_13140,2141.09
OUT_13141,285.85
OUT_13142,173.42
OUT_13143,165.2
OUT_13144,976.88
OUT_13145,131.24
OUT_13146,137.72
OUT_13147,148.05
OUT_13148,277.51
OUT_13149,1046.98
OUT_13150,265.25
OUT_13151,349.15
OUT_13152,247.44
OUT_13153,269.85
OUT_13154,129.57
OUT_13155,139.33
OUT_13156,153.28
OUT_13157,268.99
OUT_13158,1051.11
OUT_13159,153.16
OUT_13160,163.72
OUT_13161,143.36
OUT_13162,162.85
OUT_13163,131.19
OUT_13164,169.73
OUT_13165,312.25
OUT_13166,158.32
OUT_13167,323.31
OUT_13168,968.35
OUT_13169,144.28
OUT_13170,302.78
OUT_13171,253.23
OUT_13172,256.16
OUT_13173,944.93
OUT_13174,138.04
OUT_13175,132.72
OUT_13176,122.76
OUT_13177,324.59
OUT_13178,137.58
OUT_13179,137.35
OUT_13180,252.16
OUT_13181,146.05
OUT_13182,153.37
OUT_13183,151.45
OUT_13184,269.97
OUT_13185,274.09
OUT_13186,240.04
OUT_13187,152.96
OUT_13188,324.37
OUT_13189,254.07
OUT_13190,164.07
OUT_13191,144.98
OUT_13192,138.67
OUT_13193,147.99
OUT_13194,310.31
OUT_13195,161.19
OUT_13196,136.9
OUT_13197,164.62
OUT_13198,287.88
OUT_13199,129.08
OUT_13200,132.37
OUT_13201,372.01
OUT_13202,160.3
OUT_13203,298.39
OUT_13204,130.4
OUT_13205,159.09
OUT_13206,1006.37
OUT_13207,180.61
OUT_13208,183.6
OUT_13209,155.69
OUT_13210,236.17
OUT_13211,154.62
OUT_13212,135.35
OUT_13213,268.99
OUT_13214,151.81
OUT_13215,150.26
OUT_13216,157.58
OUT_13217,123.95
OUT_13218,159.66
OUT_13219,170.04
OUT_13220,960.11
OUT_13221,145.56
OUT_13222,161.73
OUT_13223,284.72
OUT_13224,170.11
OUT_13225,171.61
OUT_13226,162.23
OUT_13227,313.59
OUT_13228,1076.54
OUT_13229,144.62
OUT_13230,2178.8
OUT_13231,962.74
OUT_13232,2103.3
OUT_13233,180.51
OUT_13234,2378.38
OUT_13235,179.73
OUT_13236,162.27
OUT_13237,2296.22
OUT_13238,1030.77
OUT_13239,172.88
OUT_13240,2379.18
OUT_13241,312.83
OUT_13242,179.6
OUT_13243,242.18
OUT_13244,154.16
OUT_13245,147.34
OUT_13246,265.5
OUT_13247,169.32
OUT_13248,145.37
OUT_13249,136.81
OUT_13250,168.99
OUT_13251,147.8
OUT_13252,997.91
OUT_13253,139.35
OUT_13254,2238.85
OUT_13255,132.21
OUT_13256,1273.63
OUT_13257,127.5
OUT_13258,295.86
OUT_13259,153.07
OUT_13260,148.59
OUT_13261,173.2
OUT_13262,133.36
OUT_13263,127.11
OUT_13264,285.22
OUT_13265,132.11
OUT_13266,2353.74
OUT_13267,153.47
OUT_13268,166.92
OUT_13269,1070.09
OUT_13270,967.46
OUT_13271,1094.61
OUT_13272,991.38
OUT_13273,156.18
OUT_13274,149.87
OUT_13275,142.85
OUT_13276,175.1
OUT_13277,326.5
OUT_13278,155.2
OUT_13279,288.75
OUT_13280,254.22
OUT_13281,937.25
OUT_13282,134.97
OUT_13283,136.36
OUT_13284,963.9
OUT_13285,972.81
OUT_13286,299.06
OUT_13287,155.51
OUT_13288,952.68
OUT_13289,1072.8
OUT_13290,127.35
OUT_13291,166.98
OUT_13292,278.11
OUT_13293,259.75
OUT_13294,276.54
OUT_13295,121.3
OUT_13296,2081.1
OUT_13297,273.89
OUT_13298,252.39
OUT_13299,132.63
OUT_13300,153.13
OUT_13301,145.33
OUT_13302,255.34
OUT_13303,278.65
OUT_13304,133.34
OUT_13305,131.15
OUT_13306,177.39
OUT_13307,138.2
OUT_13308,137.41
OUT_13309,286.68
OUT_13310,166.03
OUT_13311,302.4
OUT_13312,141.77
OUT_13313,153.95
OUT_13314,2218.79
OUT_13315,155.18
OUT_13316,167.14
OUT_13317,136.24
OUT_13318,940.99
OUT_13319,1318.57
OUT_13320,964.51
OUT_13321,156.31
OUT_13322,123.38
OUT_13323,153.44
OUT_13324,265.51
OUT_13325,126.25
OUT_13326,152.98
OUT_13327,157.81
OUT_13328,176.69
OUT_13329,162.0
OUT_13330,131.9
OUT_13331,149.65
OUT_13332,173.07
OUT_13333,2338.41
OUT_13334,336.76
OUT_13335,2241.22
OUT_13336,169.74
OUT_13337,122.6
OUT_13338,1025.73
OUT_13339,1278.05
OUT_13340,162.08
OUT_13341,164.53
OUT_13342,155.12
OUT_13343,1247.68
OUT_13344,137.36
OUT_13345,174.83
OUT_13346,170.77
OUT_13347,2267.94
OUT_13348,136.77
OUT_13349,146.38
OUT_13350,1186.01
OUT_13351,294.07
OUT_13352,298.83
OUT_13353,324.38
OUT_13354,165.1
OUT_13355,246.13
OUT_13356,132.85
OUT_13357,137.34
OUT_13358,162.91
OUT_13359,190.82
OUT_13360,269.0
OUT_13361,145.54
OUT_13362,126.1
OUT_13363,133.25
OUT_13364,313.2
OUT_13365,156.84
OUT_13366,269.71
OUT_13367,135.07
OUT_13368,262.65
OUT_13369,293.64
OUT_13370,1102.83
OUT_13371,143.38
OUT_13372,149.61
OUT_13373,149.18
OUT_13374,127.32
OUT_13375,136.41
OUT_13376,376.42
OUT_13377,323.23
OUT_13378,161.02
OUT_13379,2161.56
OUT_13380,297.75
OUT_13381,154.4
OUT_13382,191.58
OUT_13383,158.54
OUT_13384,275.97
OUT_13385,311.49
OUT_13386,140.41
OUT_13387,255.83
OUT_13388,237.01
OUT_13389,283.13
OUT_13390,1267.8
OUT_13391,299.66
OUT_13392,1070.59
OUT_13393,131.28
OUT_13394,160.49
OUT_13395,900.92
OUT_13396,147.18
OUT_13397,161.4
OUT_13398,169.98
OUT_13399,160.69
OUT_13400,135.81
OUT_13401,245.88
OUT_13402,365.21
OUT_13403,2315.28
OUT_13404,155.04
OUT_13405,328.37
OUT_13406,180.99
OUT_13407,142.35
OUT_13408,153.43
OUT_13409,228.09
OUT_13410,1009.22
OUT_13411,160.73
OUT_13412,2186.22
OUT_13413,277.97
OUT_13414,1007.94
OUT_13415,144.75
OUT_13416,262.9
OUT_13417,1147.66
OUT_13418,170.19
OUT_13419,136.74
OUT_13420,131.6
OUT_13421,165.55
OUT_13422,151.29
OUT_13423,164.27
OUT_13424,174.96
OUT_13425,139.75
OUT_13426,146.56
OUT_13427,155.44
OUT_13428,151.18
OUT_13429,140.38
OUT_13430,931.63
OUT_13431,139.78
OUT_13432,146.84
OUT_13433,153.57
OUT_13434,174.96
OUT_13435,138.52
OUT_13436,171.08
OUT_13437,172.63
OUT_13438,148.49
OUT_13439,166.99
OUT_13440,1052.5
OUT_13441,142.66
OUT_13442,1232.64
OUT_13443,267.28
OUT_13444,145.32
OUT_13445,164.88
OUT_13446,993.71
OUT_13447,311.26
OUT_13448,1038.08
OUT_13449,135.89
OUT_13450,275.78
OUT_13451,144.16
OUT_13452,161.92
OUT_13453,1086.08
OUT_13454,162.73
OUT_13455,279.94
OUT_13456,179.73
OUT_13457,243.24
OUT_13458,1021.6
OUT_13459,164.29
OUT_13460,171.1
OUT_13461,160.77
OUT_13462,292.62
OUT_13463,161.09
OUT_13464,288.72
OUT_13465,161.4
OUT_13466,141.9
OUT_13467,179.98
OUT_13468,1240.36
OUT_13469,974.36
OUT_13470,255.37
OUT_13471,155.09
OUT_13472,252.17
OUT_13473,193.54
OUT_13474,163.43
OUT_13475,151.42
OUT_13476,259.33
OUT_13477,1008.16
OUT_13478,254.81
OUT_13479,84.44
OUT_13480,171.9
OUT_13481,2195.48
OUT_13482,247.43
OUT_13483,124.41
OUT_13484,244.22
OUT_13485,833.62
OUT_13486,148.71
OUT_13487,134.95
OUT_13488,281.46
OUT_13489,291.25
OUT_13490,326.57
OUT_13491,136.95
OUT_13492,166.93
OUT_13493,149.7
OUT_13494,155.31
OUT_13495,157.59
OUT_13496,1231.75
OUT_13497,193.35
OUT_13498,290.43
OUT_13499,308.51
OUT_13500,263.08
OUT_13501,297.63
OUT_13502,152.09
OUT_13503,169.51
OUT_13504,970.39
OUT_13505,986.31
OUT_13506,1240.55
OUT_13507,290.84
OUT_13508,178.03
OUT_13509,287.58
OUT_13510,168.84
OUT_13511,163.84
OUT_13512,169.29
OUT_13513,159.36
OUT_13514,2240.09
OUT_13515,282.37
OUT_13516,901.36
OUT_13517,255.61
OUT_13518,123.48
OUT_13519,150.93
OUT_13520,928.62
OUT_13521,173.48
OUT_13522,1213.13
OUT_13523,173.55
OUT_13524,270.8
OUT_13525,160.94
OUT_13526,1037.31
OUT_13527,1023.35
OUT_13528,166.33
OUT_13529,132.04
OUT_13530,969.16
OUT_13531,258.49
OUT_13532,149.17
OUT_13533,270.74
OUT_13534,2312.22
OUT_13535,151.6
OUT_13536,970.25
OUT_13537,165.12
OUT_13538,140.45
OUT_13539,282.86
OUT_13540,2241.74
OUT_13541,149.17
OUT_13542,161.79
OUT_13543,297.85
OUT_13544,243.32
OUT_13545,234.19
OUT_13546,256.82
OUT_13547,284.05
OUT_13548,161.85
OUT_13549,324.67
OUT_13550,142.15
OUT_13551,275.82
OUT_13552,185.68
OUT_13553,156.87
OUT_13554,300.71
OUT_13555,141.76
OUT_13556,1126.09
OUT_13557,159.29
OUT_13558,176.19
OUT_13559,143.4
OUT_13560,2350.53
OUT_13561,182.41
OUT_13562,942.24
OUT_13563,956.87
OUT_13564,163.5
OUT_13565,152.26
OUT_13566,150.51
OUT_13567,148.28
OUT_13568,295.41
OUT_13569,126.08
OUT_13570,173.96
OUT_13571,169.71
OUT_13572,138.32
OUT_13573,161.17
OUT_13574,1066.24
OUT_13575,1033.03
OUT_13576,145.93
OUT_13577,145.98
OUT_13578,159.44
OUT_13579,1161.76
OUT_13580,263.71
OUT_13581,157.34
OUT_13582,249.99
OUT_13583,156.01
OUT_13584,155.09
OUT_13585,183.65
OUT_13586,130.3
OUT_13587,168.08
OUT_13588,156.97
OUT_13589,151.45
OUT_13590,280.18
OUT_13591,120.3
OUT_13592,296.33
OUT_13593,142.79
OUT_13594,154.38
OUT_13595,1028.33
OUT_13596,877.62
OUT_13597,146.54
OUT_13598,179.98
OUT_13599,2147.14
OUT_13600,196.77
OUT_13601,152.98
OUT_13602,321.4
OUT_13603,933.09
OUT_13604,143.51
OUT_13605,299.96
OUT_13606,148.59
OUT_13607,256.39
OUT_13608,252.09
OUT_13609,177.02
OUT_13610,158.97
OUT_13611,898.68
OUT_13612,146.88
OUT_13613,2352.37
OUT_13614,332.0
OUT_13615,148.48
OUT_13616,141.86
OUT_13617,275.19
OUT_13618,2141.84
OUT_13619,248.47
OUT_13620,1232.85
OUT_13621,164.04
OUT_13622,271.16
OUT_13623,315.38
OUT_13624,248.33
OUT_13625,274.57
OUT_13626,317.89
OUT_13627,343.49
OUT_13628,156.34
OUT_13629,138.15
OUT_13630,144.09
OUT_13631,340.26
OUT_13632,168.9
OUT_13633,293.58
OUT_13634,1021.3
OUT_13635,134.69
OUT_13636,148.48
OUT_13637,137.84
OUT_13638,287.21
OUT_13639,2213.41
OUT_13640,284.96
OUT_13641,278.35
OUT_13642,989.3
OUT_13643,156.4
OUT_13644,950.39
OUT_13645,921.11
OUT_13646,129.45
OUT_13647,2139.54
OUT_13648,2225.04
OUT_13649,1133.43
OUT_13650,139.61
OUT_13651,331.15
OUT_13652,174.68
OUT_13653,151.07
OUT_13654,259.91
OUT_13655,128.36
OUT_13656,189.7
OUT_13657,281.94
OUT_13658,150.91
OUT_13659,150.7
OUT_13660,225.61
OUT_13661,139.65
OUT_13662,314.25
OUT_13663,274.19
OUT_13664,854.67
OUT_13665,2280.2
OUT_13666,156.83
OUT_13667,160.3
OUT_13668,296.17
OUT_13669,165.79
OUT_13670,1063.05
OUT_13671,240.27
OUT_13672,296.82
OUT_13673,142.74
OUT_13674,148.37
OUT_13675,173.01
OUT_13676,143.3
OUT_13677,997.19
OUT_13678,1058.54
OUT_13679,138.72
OUT_13680,156.91
OUT_13681,155.97
OUT_13682,140.15
OUT_13683,332.5
OUT_13684,252.94
OUT_13685,133.25
OUT_13686,125.31
OUT_13687,269.57
OUT_13688,163.65
OUT_13689,169.12
OUT_13690,170.19
OUT_13691,245.74
OUT_13692,174.26
OUT_13693,252.35
OUT_13694,2266.6
OUT_13695,155.15
OUT_13696,280.6
OUT_13697,256.29
OUT_13698,142.54
OUT_13699,271.64
OUT_13700,137.06
OUT_13701,132.97
OUT_13702,304.54
OUT_13703,134.16
OUT_13704,140.57
OUT_13705,171.21
OUT_13706,137.27
OUT_13707,166.92
OUT_13708,142.32
OUT_13709,139.66
OUT_13710,140.52
OUT_13711,153.88
OUT_13712,189.44
OUT_13713,156.59
OUT_13714,128.3
OUT_13715,1046.18
OUT_13716,1054.84
OUT_13717,252.92
OUT_13718,982.97
OUT_13719,290.66
OUT_13720,131.78
OUT_13721,295.85
OUT_13722,255.98
OUT_13723,311.56
OUT_13724,141.0
OUT_13725,166.12
OUT_13726,277.35
OUT_13727,173.56
OUT_13728,157.84
OUT_13729,143.01
OUT_13730,167.78
OUT_13731,126.69
OUT_13732,246.85
OUT_13733,181.64
OUT_13734,1201.52
OUT_13735,119.63
OUT_13736,986.14
OUT_13737,1031.9
OUT_13738,189.77
OUT_13739,144.23
OUT_13740,132.63
OUT_13741,132.9
OUT_13742,1280.47
OUT_13743,143.18
OUT_13744,169.65
OUT_13745,133.85
OUT_13746,142.47
OUT_13747,274.79
OUT_13748,130.44
OUT_13749,156.05
OUT_13750,317.02
OUT_13751,166.92
OUT_13752,246.5
OUT_13753,2528.96
OUT_13754,156.93
OUT_13755,266.37
OUT_13756,158.04
OUT_13757,983.54
OUT_13758,1196.74
OUT_13759,186.73
OUT_13760,278.37
OUT_13761,1036.07
OUT_13762,1028.39
OUT_13763,998.04
OUT_13764,141.26
OUT_13765,122.85
OUT_13766,136.64
OUT_13767,230.02
OUT_13768,233.69
OUT_13769,173.58
OUT_13770,130.89
OUT_13771,165.33
OUT_13772,134.84
OUT_13773,265.33
OUT_13774,144.02
OUT_13775,150.49
OUT_13776,287.59
OUT_13777,244.19
OUT_13778,161.44
OUT_13779,142.05
OUT_13780,970.28
OUT_13781,136.49
OUT_13782,154.18
OUT_13783,144.02
OUT_13784,157.91
OUT_13785,170.9
OUT_13786,323.94
OUT_13787,135.45
OUT_13788,133.69
OUT_13789,257.13
OUT_13790,334.32
OUT_13791,1081.33
OUT_13792,124.34
OUT_13793,272.29
OUT_13794,166.76
OUT_13795,164.96
OUT_13796,266.32
OUT_13797,141.19
OUT_13798,129.13
OUT_13799,175.95
OUT_13800,881.8
OUT_13801,2315.42
OUT_13802,940.64
OUT_13803,143.77
OUT_13804,149.16
OUT_13805,155.34
OUT_13806,258.47
OUT_13807,307.16
OUT_13808,2279.99
OUT_13809,130.09
OUT_13810,168.87
OUT_13811,296.77
OUT_13812,886.94
OUT_13813,2160.49
OUT_13814,163.35
OUT_13815,1006.6
OUT_13816,164.8
OUT_13817,212.77
OUT_13818,280.99
OUT_13819,274.33
OUT_13820,135.96
OUT_13821,1061.07
OUT_13822,144.05
OUT_13823,282.1
OUT_13824,185.06
OUT_13825,148.65
OUT_13826,245.45
OUT_13827,238.22
OUT_13828,2182.39
OUT_13829,274.71
OUT_13830,169.92
OUT_13831,271.8
OUT_13832,176.49
OUT_13833,325.4
OUT_13834,285.87
OUT_13835,226.81
OUT_13836,127.21
OUT_13837,130.48
OUT_13838,129.48
OUT_13839,347.81
OUT_13840,331.48
OUT_13841,162.84
OUT_13842,165.3
OUT_13843,297.48
OUT_13844,180.28
OUT_13845,137.65
OUT_13846,159.32
OUT_13847,264.1
OUT_13848,174.27
OUT_13849,132.27
OUT_13850,159.21
OUT_13851,910.32
OUT_13852,187.58
OUT_13853,173.03
OUT_13854,165.31
OUT_13855,173.39
OUT_13856,181.65
OUT_13857,987.41
OUT_13858,993.15
OUT_13859,156.04
OUT_13860,133.71
OUT_13861,160.04
OUT_13862,170.36
OUT_13863,154.7
OUT_13864,153.15
OUT_13865,140.69
OUT_13866,146.57
OUT_13867,152.13
OUT_13868,161.22
OUT_13869,175.55
OUT_13870,119.53
OUT_13871,252.56
OUT_13872,154.83
OUT_13873,296.99
OUT_13874,130.57
OUT_13875,999.62
OUT_13876,308.35
OUT_13877,875.43
OUT_13878,254.61
OUT_13879,238.54
OUT_13880,2325.99
OUT_13881,249.52
OUT_13882,184.01
OUT_13883,2152.22
OUT_13884,994.91
OUT_13885,136.76
OUT_13886,130.84
OUT_13887,130.83
OUT_13888,161.09
OUT_13889,159.02
OUT_13890,177.96
OUT_13891,251.9
OUT_13892,162.01
OUT_13893,155.27
OUT_13894,265.41
OUT_13895,152.63
OUT_13896,308.76
OUT_13897,256.96
OUT_13898,120.23
OUT_13899,200.28
OUT_13900,269.4
OUT_13901,114.25
OUT_13902,275.45
OUT_13903,141.75
OUT_13904,924.82
OUT_13905,2211.55
OUT_13906,167.34
OUT_13907,282.86
OUT_13908,2400.83
OUT_13909,186.49
OUT_13910,153.44
OUT_13911,138.83
OUT_13912,931.92
OUT_13913,287.2
OUT_13914,340.64
OUT_13915,337.63
OUT_13916,274.62
OUT_13917,307.9
OUT_13918,229.99
OUT_13919,307.63
OUT_13920,162.28
OUT_13921,2278.29
OUT_13922,152.25
OUT_13923,171.05
OUT_13924,251.05
OUT_13925,995.02
OUT_13926,294.51
OUT_13927,178.03
OUT_13928,136.18
OUT_13929,127.41
OUT_13930,156.32
OUT_13931,281.98
OUT_13932,276.3
OUT_13933,310.04
OUT_13934,162.3
OUT_13935,248.0
OUT_13936,162.59
OUT_13937,1061.7
OUT_13938,270.03
OUT_13939,151.58
OUT_13940,266.06
OUT_13941,137.4
OUT_13942,159.5
OUT_13943,1048.99
OUT_13944,991.73
OUT_13945,127.28
OUT_13946,301.83
OUT_13947,305.85
OUT_13948,168.71
OUT_13949,152.39
OUT_13950,873.23
OUT_13951,268.88
OUT_13952,153.7
OUT_13953,276.77
OUT_13954,2089.24
OUT_13955,164.21
OUT_13956,931.3
OUT_13957,148.79
OUT_13958,311.01
OUT_13959,313.34
OUT_13960,136.31
OUT_13961,259.37
OUT_13962,142.68
OUT_13963,973.34
OUT_13964,144.36
OUT_13965,265.97
OUT_13966,176.44
OUT_13967,129.58
OUT_13968,175.23
OUT_13969,309.99
OUT_13970,960.94
OUT_13971,140.15
OUT_13972,985.76
OUT_13973,254.2
OUT_13974,173.06
OUT_13975,1145.95
OUT_13976,137.1
OUT_13977,933.69
OUT_13978,173.33
OUT_13979,241.89
OUT_13980,251.22
OUT_13981,2335.81
OUT_13982,2357.9
OUT_13983,154.49
OUT_13984,150.2
OUT_13985,182.19
OUT_13986,2270.62
OUT_13987,153.33
OUT_13988,290.31
OUT_13989,154.29
OUT_13990,160.66
OUT_13991,244.53
OUT_13992,1102.97
OUT_13993,128.1
OUT_13994,280.6
OUT_13995,142.36
OUT_13996,2301.2
OUT_13997,126.66
OUT_13998,2340.96
OUT_13999,121.03
OUT_14000,140.67
OUT_14001,134.13
OUT_14002,163.83
OUT_14003,133.08
OUT_14004,177.01
OUT_14005,261.91
OUT_14006,142.4
OUT_14007,298.18
OUT_14008,285.35
OUT_14009,271.31
OUT_14010,131.5
OUT_14011,318.71
OUT_14012,152.28
OUT_14013,135.73
OUT_14014,1349.06
OUT_14015,1065.03
OUT_14016,211.41
OUT_14017,268.7
OUT_14018,225.81
OUT_14019,233.48
OUT_14020,134.4
OUT_14021,257.33
OUT_14022,172.81
OUT_14023,2173.1
OUT_14024,1023.6
OUT_14025,984.0
OUT_14026,136.24
OUT_14027,145.73
OUT_14028,144.66
OUT_14029,1262.02
OUT_14030,943.96
OUT_14031,258.6
OUT_14032,1007.73
OUT_14033,1029.96
OUT_14034,2148.08
OUT_14035,163.21
OUT_14036,905.06
OUT_14037,967.5
OUT_14038,144.69
OUT_14039,300.96
OUT_14040,289.27
OUT_14041,157.73
OUT_14042,183.97
OUT_14043,179.17
OUT_14044,192.95
OUT_14045,227.01
OUT_14046,150.74
OUT_14047,294.33
OUT_14048,153.8
OUT_14049,147.64
OUT_14050,2168.59
OUT_14051,281.49
OUT_14052,160.66
OUT_14053,133.52
OUT_14054,147.65
OUT_14055,132.91
OUT_14056,246.66
OUT_14057,1022.39
OUT_14058,251.51
OUT_14059,180.24
OUT_14060,309.31
OUT_14061,242.48
OUT_14062,1114.35
OUT_14063,2116.0
OUT_14064,130.66
OUT_14065,930.94
OUT_14066,121.9
OUT_14067,149.28
OUT_14068,260.23
OUT_14069,145.9
OUT_14070,236.06
OUT_14071,161.73
OUT_14072,285.92
OUT_14073,123.2
OUT_14074,853.44
OUT_14075,183.37
OUT_14076,963.68
OUT_14077,151.83
OUT_14078,258.12
OUT_14079,140.83
OUT_14080,270.44
OUT_14081,151.11
OUT_14082,861.71
OUT_14083,175.89
OUT_14084,156.84
OUT_14085,268.09
OUT_14086,1242.04
OUT_14087,129.78
OUT_14088,309.92
OUT_14089,1093.52
OUT_14090,904.8
OUT_14091,158.05
OUT_14092,158.75
OUT_14093,2243.12
OUT_14094,186.92
OUT_14095,343.91
OUT_14096,130.71
OUT_14097,128.02
OUT_14098,283.97
OUT_14099,331.44
OUT_14100,155.59
OUT_14101,153.89
OUT_14102,267.9
OUT_14103,139.59
OUT_14104,165.83
OUT_14105,127.06
OUT_14106,277.93
OUT_14107,171.88
OUT_14108,149.33
OUT_14109,1108.66
OUT_14110,281.15
OUT_14111,865.27
OUT_14112,163.48
OUT_14113,143.68
OUT_14114,1037.71
OUT_14115,170.48
OUT_14116,143.49
OUT_14117,290.83
OUT_14118,2130.31
OUT_14119,279.22
OUT_14120,159.32
OUT_14121,166.21
OUT_14122,175.58
OUT_14123,149.93
OUT_14124,133.41
OUT_14125,158.63
OUT_14126,281.38
OUT_14127,903.62
OUT_14128,131.82
OUT_14129,165.95
OUT_14130,121.06
OUT_14131,983.21
OUT_14132,364.89
OUT_14133,966.05
OUT_14134,151.0
OUT_14135,280.35
OUT_14136,154.21
OUT_14137,132.52
OUT_14138,139.73
OUT_14139,2272.15
OUT_14140,132.64
OUT_14141,152.47
OUT_14142,256.38
OUT_14143,149.85
OUT_14144,298.11
OUT_14145,265.04
OUT_14146,311.89
OUT_14147,257.65
OUT_14148,141.52
OUT_14149,163.9
OUT_14150,164.85
OUT_14151,133.98
OUT_14152,258.67
OUT_14153,132.88
OUT_14154,264.67
OUT_14155,142.37
OUT_14156,293.96
OUT_14157,162.21
OUT_14158,183.9
OUT_14159,252.57
OUT_14160,135.98
OUT_14161,145.51
OUT_14162,324.37
OUT_14163,133.72
OUT_14164,299.04
OUT_14165,247.38
OUT_14166,245.92
OUT_14167,131.83
OUT_14168,164.39
OUT_14169,246.63
OUT_14170,247.71
OUT_14171,146.78
OUT_14172,265.2
OUT_14173,265.39
OUT_14174,152.09
OUT_14175,958.17
OUT_14176,182.4
OUT_14177,151.35
OUT_14178,156.15
OUT_14179,239.23
OUT_14180,162.25
OUT_14181,157.84
OUT_14182,355.66
OUT_14183,183.84
OUT_14184,140.03
OUT_14185,157.99
OUT_14186,983.39
OUT_14187,173.11
OUT_14188,150.07
OUT_14189,240.47
OUT_14190,124.65
OUT_14191,909.9
OUT_14192,1206.71
OUT_14193,165.82
OUT_14194,124.96
OUT_14195,899.85
OUT_14196,141.25
OUT_14197,893.08
OUT_14198,160.99
OUT_14199,171.83
OUT_14200,2305.07
OUT_14201,157.72
OUT_14202,144.03
OUT_14203,263.58
OUT_14204,152.39
OUT_14205,152.72
OUT_14206,139.49
OUT_14207,249.36
OUT_14208,2426.21
OUT_14209,275.07
OUT_14210,363.08
OUT_14211,178.4
OUT_14212,348.05
OUT_14213,143.32
OUT_14214,171.94
OUT_14215,292.58
OUT_14216,145.99
OUT_14217,2129.81
OUT_14218,137.5
OUT_14219,160.75
OUT_14220,143.24
OUT_14221,273.34
OUT_14222,2387.23
OUT_14223,125.3
OUT_14224,165.93
OUT_14225,942.02
OUT_14226,929.23
OUT_14227,142.41
OUT_14228,260.85
OUT_14229,316.82
OUT_14230,141.3
OUT_14231,1029.99
OUT_14232,129.07
OUT_14233,302.72
OUT_14234,157.72
OUT_14235,137.98
OUT_14236,257.45
OUT_14237,279.43
OUT_14238,255.95
OUT_14239,156.25
OUT_14240,2138.72
OUT_14241,1087.19
OUT_14242,947.78
OUT_14243,277.42
OUT_14244,145.89
OUT_14245,126.79
OUT_14246,145.2
OUT_14247,264.02
OUT_14248,223.53
OUT_14249,271.11
OUT_14250,161.98
OUT_14251,1041.3
OUT_14252,303.21
OUT_14253,237.45
OUT_14254,180.19
OUT_14255,139.56
OUT_14256,140.06
OUT_14257,303.08
OUT_14258,281.9
OUT_14259,159.13
OUT_14260,288.7
OUT_14261,140.26
OUT_14262,959.05
OUT_14263,321.75
OUT_14264,154.13
OUT_14265,246.7
OUT_14266,288.13
OUT_14267,276.54
OUT_14268,255.8
OUT_14269,296.24
OUT_14270,143.97
OUT_14271,263.06
OUT_14272,290.41
OUT_14273,346.97
OUT_14274,2425.29
OUT_14275,318.77
OUT_14276,193.97
OUT_14277,291.22
OUT_14278,163.59
OUT_14279,151.7
OUT_14280,895.17
OUT_14281,2193.05
OUT_14282,1240.47
OUT_14283,295.82
OUT_14284,135.16
OUT_14285,133.07
OUT_14286,146.26
OUT_14287,349.69
OUT_14288,129.36
OUT_14289,167.26
OUT_14290,281.17
OUT_14291,280.64
OUT_14292,995.99
OUT_14293,150.31
OUT_14294,2200.45
OUT_14295,148.48
OUT_14296,178.29
OUT_14297,906.1
OUT_14298,258.69
OUT_14299,245.97
OUT_14300,929.0
OUT_14301,113.64
OUT_14302,139.61
OUT_14303,255.18
OUT_14304,135.41
OUT_14305,1027.12
OUT_14306,146.75
OUT_14307,157.14
OUT_14308,134.99
OUT_14309,153.36
OUT_14310,290.62
OUT_14311,141.41
OUT_14312,154.03
OUT_14313,144.4
OUT_14314,307.49
OUT_14315,172.02
OUT_14316,304.95
OUT_14317,139.8
OUT_14318,1072.66
OUT_14319,254.85
OUT_14320,148.07
OUT_14321,159.5
OUT_14322,359.61
OUT_14323,1026.93
OUT_14324,161.75
OUT_14325,154.32
OUT_14326,358.48
OUT_14327,146.92
OUT_14328,1008.45
OUT_14329,134.77
OUT_14330,127.58
OUT_14331,168.07
OUT_14332,260.46
OUT_14333,130.87
OUT_14334,1064.6
OUT_14335,165.24
OUT_14336,1055.54
OUT_14337,2175.63
OUT_14338,309.54
OUT_14339,156.98
OUT_14340,369.08
OUT_14341,276.98
OUT_14342,239.21
OUT_14343,255.18
OUT_14344,134.95
OUT_14345,149.16
OUT_14346,1033.3
OUT_14347,139.67
OUT_14348,187.4
OUT_14349,314.41
OUT_14350,975.11
OUT_14351,1298.95
OUT_14352,982.18
OUT_14353,147.57
OUT_14354,130.68
OUT_14355,959.94
OUT_14356,375.48
OUT_14357,962.48
OUT_14358,151.01
OUT_14359,1022.16
OUT_14360,134.27
OUT_14361,943.03
OUT_14362,169.13
OUT_14363,268.69
OUT_14364,1247.04
OUT_14365,287.88
OUT_14366,131.06
OUT_14367,2301.17
OUT_14368,274.06
OUT_14369,145.56
OUT_14370,279.77
OUT_14371,170.89
OUT_14372,156.42
OUT_14373,967.14
OUT_14374,1284.03
OUT_14375,274.7
OUT_14376,1228.76
OUT_14377,160.89
OUT_14378,137.84
OUT_14379,305.77
OUT_14380,256.99
OUT_14381,346.12
OUT_14382,144.85
OUT_14383,312.23
OUT_14384,953.94
OUT_14385,152.07
OUT_14386,217.18
OUT_14387,184.89
OUT_14388,264.66
OUT_14389,311.01
OUT_14390,292.09
OUT_14391,903.49
OUT_14392,175.27
OUT_14393,283.16
OUT_14394,140.78
OUT_14395,161.7
OUT_14396,327.75
OUT_14397,127.32
OUT_14398,245.25
OUT_14399,161.19
OUT_14400,120.66
OUT_14401,152.81
OUT_14402,160.38
OUT_14403,167.04
OUT_14404,132.7
OUT_14405,159.53
OUT_14406,142.14
OUT_14407,136.05
OUT_14408,310.99
OUT_14409,165.3
OUT_14410,175.81
OUT_14411,134.0
OUT_14412,142.35
OUT_14413,184.97
OUT_14414,297.75
OUT_14415,1042.21
OUT_14416,157.29
OUT_14417,157.78
OUT_14418,152.06
OUT_14419,133.18
OUT_14420,162.01
OUT_14421,199.24
OUT_14422,164.94
OUT_14423,894.94
OUT_14424,211.78
OUT_14425,195.93
OUT_14426,163.57
OUT_14427,128.91
OUT_14428,140.3
OUT_14429,1190.68
OUT_14430,283.43
OUT_14431,150.04
OUT_14432,148.25
OUT_14433,936.21
OUT_14434,170.42
OUT_14435,250.61
OUT_14436,2338.48
OUT_14437,138.91
OUT_14438,1061.2
OUT_14439,166.75
OUT_14440,285.28
OUT_14441,1020.6
OUT_14442,1068.48
OUT_14443,163.91
OUT_14444,285.75
OUT_14445,154.81
OUT_14446,163.06
OUT_14447,133.59
OUT_14448,129.62
OUT_14449,129.93
OUT_14450,861.41
OUT_14451,330.31
OUT_14452,173.14
OUT_14453,2339.75
OUT_14454,251.67
OUT_14455,150.43
OUT_14456,175.97
OUT_14457,316.64
OUT_14458,293.88
OUT_14459,322.38
OUT_14460,175.84
OUT_14461,278.4
OUT_14462,259.31
OUT_14463,232.63
OUT_14464,159.34
OUT_14465,139.15
OUT_14466,166.59
OUT_14467,1068.8
OUT_14468,2391.99
OUT_14469,299.77
OUT_14470,314.4
OUT_14471,274.62
OUT_14472,323.8
OUT_14473,154.48
OUT_14474,147.08
OUT_14475,166.91
OUT_14476,859.66
OUT_14477,172.23
OUT_14478,158.13
OUT_14479,320.0
OUT_14480,166.09
OUT_14481,151.18
OUT_14482,1028.6
OUT_14483,301.37
OUT_14484,141.42
OUT_14485,919.99
OUT_14486,177.89
OUT_14487,151.87
OUT_14488,288.97
OUT_14489,140.48
OUT_14490,254.36
OUT_14491,141.82
OUT_14492,154.74
OUT_14493,2229.85
OUT_14494,297.36
OUT_14495,287.46
OUT_14496,151.84
OUT_14497,138.0
OUT_14498,135.38
OUT_14499,149.31
OUT_14500,192.69
OUT_14501,181.02
OUT_14502,885.03
OUT_14503,162.89
OUT_14504,133.44
OUT_14505,1049.23
OUT_14506,175.62
OUT_14507,178.41
OUT_14508,2365.29
OUT_14509,168.75
OUT_14510,311.88
OUT_14511,153.63
OUT_14512,158.96
OUT_14513,908.65
OUT_14514,2350.9
OUT_14515,298.24
OUT_14516,284.14
OUT_14517,144.16
OUT_14518,259.58
OUT_14519,1008.55
OUT_14520,286.58
OUT_14521,274.61
OUT_14522,244.97
OUT_14523,156.94
OUT_14524,1061.69
OUT_14525,2395.05
OUT_14526,974.39
OUT_14527,118.49
OUT_14528,147.68
OUT_14529,303.21
OUT_14530,243.75
OUT_14531,318.74
OUT_14532,156.58
OUT_14533,139.29
OUT_14534,142.42
OUT_14535,317.74
OUT_14536,1212.96
OUT_14537,336.89
OUT_14538,519.5
OUT_14539,149.92
OUT_14540,260.74
OUT_14541,160.38
OUT_14542,186.37
OUT_14543,159.48
OUT_14544,139.12
OUT_14545,140.85
OUT_14546,158.35
OUT_14547,2317.89
OUT_14548,166.75
OUT_14549,144.03
OUT_14550,160.45
OUT_14551,2325.11
OUT_14552,153.38
OUT_14553,973.25
OUT_14554,144.24
OUT_14555,305.44
OUT_14556,1026.58
OUT_14557,290.94
OUT_14558,1174.64
OUT_14559,133.87
OUT_14560,169.13
OUT_14561,299.51
OUT_14562,142.58
OUT_14563,143.28
OUT_14564,300.88
OUT_14565,184.41
OUT_14566,1043.84
OUT_14567,141.17
OUT_14568,305.39
OUT_14569,134.55
OUT_14570,130.02
OUT_14571,312.56
OUT_14572,258.17
OUT_14573,283.35
OUT_14574,136.1
OUT_14575,176.31
OUT_14576,354.4
OUT_14577,1054.36
OUT_14578,152.93
OUT_14579,158.29
OUT_14580,158.88
OUT_14581,172.44
OUT_14582,156.28
OUT_14583,152.77
OUT_14584,1005.12
OUT_14585,166.9
OUT_14586,2298.65
OUT_14587,137.79
OUT_14588,978.98
OUT_14589,302.13
OUT_14590,308.1
OUT_14591,165.29
OUT_14592,147.19
OUT_14593,159.49
OUT_14594,248.56
OUT_14595,206.92
OUT_14596,162.86
OUT_14597,117.26
OUT_14598,161.82
OUT_14599,146.2
OUT_14600,914.35
OUT_14601,920.41
OUT_14602,2252.55
OUT_14603,321.52
OUT_14604,135.72
OUT_14605,162.96
OUT_14606,302.97
OUT_14607,264.01
OUT_14608,1050.25
OUT_14609,143.47
OUT_14610,164.74
OUT_14611,319.74
OUT_14612,1095.55
OUT_14613,252.3
OUT_14614,274.18
OUT_14615,2219.54
OUT_14616,164.11
OUT_14617,128.53
OUT_14618,154.71
OUT_14619,1082.98
OUT_14620,174.99
OUT_14621,153.68
OUT_14622,265.11
OUT_14623,309.46
OUT_14624,154.11
OUT_14625,140.72
OUT_14626,261.33
OUT_14627,154.14
OUT_14628,354.39
OUT_14629,235.08
OUT_14630,2172.21
OUT_14631,1004.68
OUT_14632,127.05
OUT_14633,168.3
OUT_14634,132.4
OUT_14635,900.63
OUT_14636,250.82
OUT_14637,162.88
OUT_14638,274.48
OUT_14639,280.44
OUT_14640,147.76
OUT_14641,291.36
OUT_14642,145.27
OUT_14643,129.39
OUT_14644,247.95
OUT_14645,956.47
OUT_14646,158.06
OUT_14647,160.82
OUT_14648,178.58
OUT_14649,275.49
OUT_14650,133.45
OUT_14651,310.13
OUT_14652,165.3
OUT_14653,154.82
OUT_14654,143.27
OUT_14655,119.98
OUT_14656,178.9
OUT_14657,134.69
OUT_14658,137.38
OUT_14659,174.34
OUT_14660,127.68
OUT_14661,135.91
OUT_14662,896.03
OUT_14663,2265.96
OUT_14664,937.04
OUT_14665,139.5
OUT_14666,133.22
OUT_14667,155.21
OUT_14668,137.39
OUT_14669,143.2
OUT_14670,328.73
OUT_14671,2215.02
OUT_14672,928.93
OUT_14673,309.06
OUT_14674,247.02
OUT_14675,131.05
OUT_14676,175.51
OUT_14677,164.37
OUT_14678,136.78
OUT_14679,301.15
OUT_14680,240.91
OUT_14681,1021.95
OUT_14682,156.39
OUT_14683,941.54
OUT_14684,169.04
OUT_14685,265.08
OUT_14686,235.95
OUT_14687,282.94
OUT_14688,286.17
OUT_14689,157.86
OUT_14690,283.7
OUT_14691,147.12
OUT_14692,169.87
OUT_14693,281.63
OUT_14694,962.69
OUT_14695,161.81
OUT_14696,138.74
OUT_14697,152.73
OUT_14698,966.73
OUT_14699,1045.75
OUT_14700,161.57
OUT_14701,151.41
OUT_14702,159.27
OUT_14703,125.52
OUT_14704,163.05
OUT_14705,313.28
OUT_14706,135.83
OUT_14707,149.37
OUT_14708,880.64
OUT_14709,987.89
OUT_14710,241.72
OUT_14711,140.41
OUT_14712,958.8
OUT_14713,156.87
OUT_14714,265.47
OUT_14715,140.97
OUT_14716,164.05
OUT_14717,153.09
OUT_14718,185.65
OUT_14719,280.32
OUT_14720,2123.01
OUT_14721,319.99
OUT_14722,293.51
OUT_14723,320.94
OUT_14724,232.25
OUT_14725,1103.05
OUT_14726,249.81
OUT_14727,161.41
OUT_14728,277.92
OUT_14729,152.65
OUT_14730,325.35
OUT_14731,152.63
OUT_14732,123.17
OUT_14733,187.0
OUT_14734,116.88
OUT_14735,304.08
OUT_14736,313.27
OUT_14737,143.89
OUT_14738,282.3
OUT_14739,263.64
OUT_14740,135.45
OUT_14741,924.43
OUT_14742,134.97
OUT_14743,1054.66
OUT_14744,139.35
OUT_14745,252.2
OUT_14746,168.3
OUT_14747,190.24
OUT_14748,135.35
OUT_14749,897.26
OUT_14750,260.24
OUT_14751,332.4
OUT_14752,1055.35
OUT_14753,276.37
OUT_14754,1000.05
OUT_14755,252.29
OUT_14756,253.73
OUT_14757,972.54
OUT_14758,275.44
OUT_14759,337.31
OUT_14760,1041.12
OUT_14761,178.63
OUT_14762,324.12
OUT_14763,144.94
OUT_14764,141.5
OUT_14765,241.65
OUT_14766,329.81
OUT_14767,953.81
OUT_14768,248.04
OUT_14769,150.27
OUT_14770,314.72
OUT_14771,2373.17
OUT_14772,153.21
OUT_14773,962.19
OUT_14774,897.1
OUT_14775,134.76
OUT_14776,136.78
OUT_14777,338.3
OUT_14778,950.05
OUT_14779,170.02
OUT_14780,195.51
OUT_14781,149.77
OUT_14782,934.06
OUT_14783,322.91
OUT_14784,128.07
OUT_14785,147.23
OUT_14786,126.56
OUT_14787,1071.06
OUT_14788,143.62
OUT_14789,155.94
OUT_14790,159.5
OUT_14791,290.28
OUT_14792,145.42
OUT_14793,196.06
OUT_14794,143.12
OUT_14795,156.49
OUT_14796,156.24
OUT_14797,142.78
OUT_14798,346.28
OUT_14799,996.87
OUT_14800,1137.49
OUT_14801,149.5
OUT_14802,353.72
OUT_14803,230.2
OUT_14804,177.95
OUT_14805,149.27
OUT_14806,161.9
OUT_14807,117.62
OUT_14808,173.52
OUT_14809,2180.77
OUT_14810,321.63
OUT_14811,231.1
OUT_14812,136.12
OUT_14813,125.33
OUT_14814,215.76
OUT_14815,166.44
OUT_14816,136.46
OUT_14817,182.53
OUT_14818,1012.94
OUT_14819,137.95
OUT_14820,1322.13
OUT_14821,153.49
OUT_14822,2326.56
OUT_14823,1266.11
OUT_14824,124.43
OUT_14825,293.62
OUT_14826,129.06
OUT_14827,113.59
OUT_14828,166.34
OUT_14829,129.15
OUT_14830,2210.08
OUT_14831,165.27
OUT_14832,144.22
OUT_14833,2311.92
OUT_14834,1018.65
OUT_14835,124.1
OUT_14836,292.2
OUT_14837,142.8
OUT_14838,193.35
OUT_14839,316.08
OUT_14840,140.72
OUT_14841,140.02
OUT_14842,301.6
OUT_14843,294.82
OUT_14844,141.79
OUT_14845,163.56
OUT_14846,1056.2
OUT_14847,295.46
OUT_14848,169.81
OUT_14849,147.83
OUT_14850,134.07
OUT_14851,140.54
OUT_14852,228.61
OUT_14853,363.52
OUT_14854,145.54
OUT_14855,173.34
OUT_14856,1288.24
OUT_14857,272.52
OUT_14858,271.55
OUT_14859,1037.36
OUT_14860,111.73
OUT_14861,150.68
OUT_14862,332.17
OUT_14863,313.65
OUT_14864,880.14
OUT_14865,234.68
OUT_14866,143.67
OUT_14867,138.92
OUT_14868,900.57
OUT_14869,948.17
OUT_14870,311.35
OUT_14871,247.84
OUT_14872,2310.41
OUT_14873,184.81
OUT_14874,2255.63
OUT_14875,2207.63
OUT_14876,1021.22
OUT_14877,145.64
OUT_14878,331.31
OUT_14879,157.69
OUT_14880,154.1
OUT_14881,930.91
OUT_14882,851.12
OUT_14883,265.03
OUT_14884,978.13
OUT_14885,934.5
OUT_14886,179.43
OUT_14887,253.69
OUT_14888,163.47
OUT_14889,267.63
OUT_14890,165.74
OUT_14891,142.98
OUT_14892,143.1
OUT_14893,171.46
OUT_14894,235.22
OUT_14895,151.83
OUT_14896,138.34
OUT_14897,289.31
OUT_14898,180.12
OUT_14899,154.88
OUT_14900,154.5
OUT_14901,343.37
OUT_14902,238.12
OUT_14903,194.09
OUT_14904,304.79
OUT_14905,278.35
OUT_14906,148.92
OUT_14907,176.94
OUT_14908,282.93
OUT_14909,134.16
OUT_14910,186.4
OUT_14911,939.34
OUT_14912,139.12
OUT_14913,331.32
OUT_14914,1072.83
OUT_14915,172.24
OUT_14916,255.66
OUT_14917,151.86
OUT_14918,149.59
OUT_14919,123.06
OUT_14920,126.41
OUT_14921,169.11
OUT_14922,2368.75
OUT_14923,367.86
OUT_14924,290.45
OUT_14925,257.97
OUT_14926,250.35
OUT_14927,250.09
OUT_14928,1093.88
OUT_14929,285.93
OUT_14930,964.88
OUT_14931,138.6
OUT_14932,157.22
OUT_14933,154.31
OUT_14934,288.19
OUT_14935,291.35
OUT_14936,274.74
OUT_14937,995.68
OUT_14938,298.35
OUT_14939,164.1
OUT_14940,967.23
OUT_14941,912.99
OUT_14942,156.93
OUT_14943,165.08
OUT_14944,148.42
OUT_14945,176.65
OUT_14946,1010.23
OUT_14947,1108.12
OUT_14948,163.75
OUT_14949,158.8
OUT_14950,156.08
OUT_14951,160.22
OUT_14952,183.75
OUT_14953,296.33
OUT_14954,272.72
OUT_14955,162.55
OUT_14956,253.85
OUT_14957,142.49
OUT_14958,947.56
OUT_14959,2313.77
OUT_14960,275.87
OUT_14961,123.4
OUT_14962,256.85
OUT_14963,280.25
OUT_14964,130.43
OUT_14965,244.63
OUT_14966,144.61
OUT_14967,278.18
OUT_14968,298.66
OUT_14969,174.11
OUT_14970,166.47
OUT_14971,286.23
OUT_14972,248.79
OUT_14973,175.89
OUT_14974,912.01
OUT_14975,153.83
OUT_14976,247.3
OUT_14977,282.35
OUT_14978,138.61
OUT_14979,143.75
OUT_14980,164.7
OUT_14981,1062.59
OUT_14982,333.33
OUT_14983,280.13
OUT_14984,161.07
OUT_14985,145.48
OUT_14986,1012.31
OUT_14987,265.34
OUT_14988,233.51
OUT_14989,274.21
OUT_14990,240.02
OUT_14991,914.25
OUT_14992,1005.37
OUT_14993,987.8
OUT_14994,1064.56
OUT_14995,175.32
OUT_14996,149.09
OUT_14997,139.65
OUT_14998,253.81
OUT_14999,140.8
OUT_15000,141.52
OUT_15001,297.51
OUT_15002,144.7
OUT_15003,166.18
OUT_15004,278.76
OUT_15005,2350.33
OUT_15006,249.11
OUT_15007,2204.06
OUT_15008,290.29
OUT_15009,161.07
OUT_15010,172.77
OUT_15011,163.09
OUT_15012,238.81
OUT_15013,288.8
OUT_15014,164.0
OUT_15015,147.36
OUT_15016,169.11
OUT_15017,170.6
OUT_15018,111.77
OUT_15019,255.33
OUT_15020,945.05
OUT_15021,153.05
OUT_15022,244.95
OUT_15023,148.34
OUT_15024,240.44
OUT_15025,1355.07
OUT_15026,158.77
OUT_15027,293.14
OUT_15028,304.88
OUT_15029,151.71
OUT_15030,145.88
OUT_15031,142.39
OUT_15032,167.14
OUT_15033,294.37
OUT_15034,135.7
OUT_15035,302.93
OUT_15036,151.65
OUT_15037,147.41
OUT_15038,260.27
OUT_15039,295.44
OUT_15040,149.51
OUT_15041,916.33
OUT_15042,942.47
OUT_15043,254.87
OUT_15044,143.45
OUT_15045,178.6
OUT_15046,1029.71
OUT_15047,2348.78
OUT_15048,126.74
OUT_15049,969.28
OUT_15050,151.47
OUT_15051,999.9
OUT_15052,1190.14
OUT_15053,913.71
OUT_15054,266.83
OUT_15055,2199.62
OUT_15056,144.23
OUT_15057,2105.8
OUT_15058,149.79
OUT_15059,147.04
OUT_15060,168.54
OUT_15061,1109.57
OUT_15062,278.73
OUT_15063,1268.72
OUT_15064,130.49
OUT_15065,960.56
OUT_15066,167.96
OUT_15067,285.52
OUT_15068,131.57
OUT_15069,132.24
OUT_15070,316.66
OUT_15071,186.3
OUT_15072,250.18
OUT_15073,131.49
OUT_15074,151.71
OUT_15075,174.2
OUT_15076,1206.37
OUT_15077,174.96
OUT_15078,936.51
OUT_15079,130.67
OUT_15080,135.82
OUT_15081,1152.89
OUT_15082,1085.6
OUT_15083,974.8
OUT_15084,157.76
OUT_15085,313.77
OUT_15086,114.1
OUT_15087,145.07
OUT_15088,128.42
OUT_15089,2214.47
OUT_15090,151.23
OUT_15091,933.95
OUT_15092,235.7
OUT_15093,938.07
OUT_15094,154.67
OUT_15095,155.56
OUT_15096,372.99
OUT_15097,145.63
OUT_15098,1038.16
OUT_15099,137.04
OUT_15100,328.56
OUT_15101,241.73
OUT_15102,181.68
OUT_15103,895.38
OUT_15104,338.87
OUT_15105,162.44
OUT_15106,139.42
OUT_15107,122.55
OUT_15108,804.36
OUT_15109,148.08
OUT_15110,151.56
OUT_15111,312.08
OUT_15112,150.56
OUT_15113,186.08
OUT_15114,1124.37
OUT_15115,274.1
OUT_15116,243.33
OUT_15117,160.43
OUT_15118,153.38
OUT_15119,170.9
OUT_15120,121.85
OUT_15121,166.04
OUT_15122,914.27
OUT_15123,126.26
OUT_15124,183.35
OUT_15125,935.88
OUT_15126,160.43
OUT_15127,182.74
OUT_15128,130.2
OUT_15129,252.8
OUT_15130,176.21
OUT_15131,165.25
OUT_15132,962.6
OUT_15133,171.13
OUT_15134,282.64
OUT_15135,994.56
OUT_15136,155.81
OUT_15137,126.18
OUT_15138,149.29
OUT_15139,298.48
OUT_15140,140.11
OUT_15141,150.69
OUT_15142,139.27
OUT_15143,151.63
OUT_15144,164.67
OUT_15145,2095.19
OUT_15146,279.11
OUT_15147,1088.92
OUT_15148,243.98
OUT_15149,243.39
OUT_15150,145.43
OUT_15151,178.13
OUT_15152,153.06
OUT_15153,266.55
OUT_15154,1074.83
OUT_15155,280.62
OUT_15156,1007.57
OUT_15157,163.37
OUT_15158,1236.23
OUT_15159,1051.37
OUT_15160,2392.77
OUT_15161,296.37
OUT_15162,128.38
OUT_15163,877.19
OUT_15164,139.42
OUT_15165,298.34
OUT_15166,302.83
OUT_15167,242.48
OUT_15168,945.03
OUT_15169,140.38
OUT_15170,283.43
OUT_15171,159.22
OUT_15172,143.59
OUT_15173,293.36
OUT_15174,137.15
OUT_15175,148.96
OUT_15176,253.92
OUT_15177,309.76
OUT_15178,151.2
OUT_15179,2216.09
OUT_15180,178.82
OUT_15181,278.31
OUT_15182,120.53
OUT_15183,1035.32
OUT_15184,1074.27
OUT_15185,941.54
OUT_15186,180.41
OUT_15187,226.66
OUT_15188,133.65
OUT_15189,247.48
OUT_15190,156.67
OUT_15191,143.64
OUT_15192,150.85
OUT_15193,263.75
OUT_15194,271.76
OUT_15195,146.07
OUT_15196,240.45
OUT_15197,131.83
OUT_15198,963.18
OUT_15199,250.27
OUT_15200,244.95
OUT_15201,145.61
OUT_15202,833.73
OUT_15203,317.37
OUT_15204,295.59
OUT_15205,187.11
OUT_15206,178.46
OUT_15207,136.8
OUT_15208,978.36
OUT_15209,149.02
OUT_15210,125.44
OUT_15211,153.93
OUT_15212,1157.95
OUT_15213,162.8
OUT_15214,304.86
OUT_15215,301.99
OUT_15216,277.18
OUT_15217,154.04
OUT_15218,255.83
OUT_15219,277.73
OUT_15220,325.76
OUT_15221,160.96
OUT_15222,996.04
OUT_15223,199.15
OUT_15224,254.26
OUT_15225,182.01
OUT_15226,174.79
OUT_15227,140.76
OUT_15228,1093.34
OUT_15229,131.24
OUT_15230,143.21
OUT_15231,372.57
OUT_15232,2203.12
OUT_15233,276.22
OUT_15234,159.68
OUT_15235,2231.39
OUT_15236,881.85
OUT_15237,152.09
OUT_15238,2267.33
OUT_15239,144.02
OUT_15240,285.93
OUT_15241,124.52
OUT_15242,164.93
OUT_15243,290.63
OUT_15244,133.58
OUT_15245,151.29
OUT_15246,1226.02
OUT_15247,181.76
OUT_15248,156.99
OUT_15249,968.37
OUT_15250,951.73
OUT_15251,235.31
OUT_15252,2064.83
OUT_15253,282.3
OUT_15254,127.0
OUT_15255,1041.09
OUT_15256,1329.84
OUT_15257,177.64
OUT_15258,122.67
OUT_15259,965.87
OUT_15260,1331.24
OUT_15261,138.68
OUT_15262,160.27
OUT_15263,249.05
OUT_15264,248.88
OUT_15265,147.57
OUT_15266,2348.68
OUT_15267,962.37
OUT_15268,174.38
OUT_15269,179.07
OUT_15270,151.87
OUT_15271,179.17
OUT_15272,1014.56
OUT_15273,244.56
OUT_15274,215.49
OUT_15275,133.4
OUT_15276,155.98
OUT_15277,316.72
OUT_15278,137.98
OUT_15279,141.08
OUT_15280,306.04
OUT_15281,144.39
OUT_15282,305.18
OUT_15283,2358.03
OUT_15284,169.03
OUT_15285,2179.45
OUT_15286,157.99
OUT_15287,306.44
OUT_15288,149.72
OUT_15289,295.03
OUT_15290,249.94
OUT_15291,930.84
OUT_15292,113.54
OUT_15293,141.68
OUT_15294,2223.95
OUT_15295,144.05
OUT_15296,149.36
OUT_15297,173.85
OUT_15298,292.43
OUT_15299,1023.81
OUT_15300,260.82
OUT_15301,280.23
OUT_15302,147.78
OUT_15303,354.04
OUT_15304,281.33
OUT_15305,172.28
OUT_15306,167.04
OUT_15307,160.49
OUT_15308,280.78
OUT_15309,152.78
OUT_15310,244.68
OUT_15311,278.93
OUT_15312,154.86
OUT_15313,289.64
OUT_15314,154.88
OUT_15315,2205.83
OUT_15316,1072.03
OUT_15317,937.43
OUT_15318,325.76
OUT_15319,264.11
OUT_15320,296.15
OUT_15321,130.06
OUT_15322,969.85
OUT_15323,311.79
OUT_15324,228.99
OUT_15325,143.98
OUT_15326,134.31
OUT_15327,1013.47
OUT_15328,166.33
OUT_15329,1004.34
OUT_15330,150.95
OUT_15331,255.72
OUT_15332,156.78
OUT_15333,890.57
OUT_15334,274.54
OUT_15335,1195.14
OUT_15336,153.04
OUT_15337,820.47
OUT_15338,141.5
OUT_15339,143.44
OUT_15340,937.1
OUT_15341,349.04
OUT_15342,2247.23
OUT_15343,277.11
OUT_15344,1000.71
OUT_15345,152.96
OUT_15346,326.4
OUT_15347,162.51
OUT_15348,147.79
OUT_15349,289.83
OUT_15350,132.7
OUT_15351,244.53
OUT_15352,302.91
OUT_15353,2121.12
OUT_15354,145.56
OUT_15355,158.95
OUT_15356,2080.14
OUT_15357,165.95
OUT_15358,958.78
OUT_15359,141.59
OUT_15360,150.73
OUT_15361,285.71
OUT_15362,330.07
OUT_15363,315.44
OUT_15364,261.36
OUT_15365,132.74
OUT_15366,154.74
OUT_15367,175.68
OUT_15368,149.55
OUT_15369,292.75
OUT_15370,247.57
OUT_15371,129.65
OUT_15372,2256.66
OUT_15373,224.07
OUT_15374,155.67
OUT_15375,288.74
OUT_15376,831.29
OUT_15377,374.42
OUT_15378,179.83
OUT_15379,300.58
OUT_15380,166.74
OUT_15381,289.02
OUT_15382,248.82
OUT_15383,129.21
OUT_15384,147.93
OUT_15385,149.87
OUT_15386,167.75
OUT_15387,290.81
OUT_15388,196.65
OUT_15389,138.42
OUT_15390,974.76
OUT_15391,269.26
OUT_15392,282.11
OUT_15393,170.84
OUT_15394,174.47
OUT_15395,123.8
OUT_15396,154.95
OUT_15397,992.67
OUT_15398,1060.22
OUT_15399,1261.02
OUT_15400,947.24
OUT_15401,141.39
OUT_15402,297.25
OUT_15403,172.93
OUT_15404,131.24
OUT_15405,175.51
OUT_15406,141.32
OUT_15407,243.61
OUT_15408,175.13
OUT_15409,297.5
OUT_15410,333.98
OUT_15411,324.12
OUT_15412,863.98
OUT_15413,189.94
OUT_15414,145.58
OUT_15415,2194.16
OUT_15416,300.76
OUT_15417,975.83
OUT_15418,994.85
OUT_15419,335.84
OUT_15420,267.13
OUT_15421,126.88
OUT_15422,130.12
OUT_15423,279.12
OUT_15424,950.91
OUT_15425,319.96
OUT_15426,119.1
OUT_15427,148.99
OUT_15428,2163.46
OUT_15429,251.92
OUT_15430,135.54
OUT_15431,290.33
OUT_15432,127.19
OUT_15433,173.95
OUT_15434,146.12
OUT_15435,922.54
OUT_15436,133.62
OUT_15437,274.48
OUT_15438,303.16
OUT_15439,264.05
OUT_15440,203.4
OUT_15441,178.54
OUT_15442,1071.47
OUT_15443,167.02
OUT_15444,309.86
OUT_15445,174.07
OUT_15446,232.43
OUT_15447,264.35
OUT_15448,144.94
OUT_15449,1133.97
OUT_15450,302.36
OUT_15451,1353.36
OUT_15452,270.56
OUT_15453,153.62
OUT_15454,228.08
OUT_15455,896.89
OUT_15456,148.46
OUT_15457,142.17
OUT_15458,994.89
OUT_15459,172.61
OUT_15460,299.58
OUT_15461,1228.95
OUT_15462,1176.87
OUT_15463,280.72
OUT_15464,285.6
OUT_15465,150.38
OUT_15466,1026.99
OUT_15467,286.91
OUT_15468,2337.29
OUT_15469,400.5
OUT_15470,1190.17
OUT_15471,169.33
OUT_15472,1072.17
OUT_15473,149.83
OUT_15474,306.91
OUT_15475,160.52
OUT_15476,130.38
OUT_15477,296.43
OUT_15478,153.59
OUT_15479,149.95
OUT_15480,1021.25
OUT_15481,942.41
OUT_15482,154.75
OUT_15483,264.4
OUT_15484,296.33
OUT_15485,271.67
OUT_15486,178.95
OUT_15487,1090.07
OUT_15488,169.81
OUT_15489,933.71
OUT_15490,147.36
OUT_15491,136.76
OUT_15492,141.08
OUT_15493,995.34
OUT_15494,311.74
OUT_15495,164.68
OUT_15496,2248.09
OUT_15497,1080.24
OUT_15498,1265.87
OUT_15499,161.89
OUT_15500,133.68
OUT_15501,174.55
OUT_15502,945.8
OUT_15503,160.75
OUT_15504,1233.64
OUT_15505,242.5
OUT_15506,947.72
OUT_15507,234.96
OUT_15508,136.04
OUT_15509,941.47
OUT_15510,157.28
OUT_15511,2393.51
OUT_15512,986.91
OUT_15513,2109.69
OUT_15514,2233.8
OUT_15515,144.07
OUT_15516,308.41
OUT_15517,1140.95
OUT_15518,271.9
OUT_15519,299.73
OUT_15520,156.99
OUT_15521,985.43
OUT_15522,942.58
OUT_15523,231.1
OUT_15524,304.08
OUT_15525,138.88
OUT_15526,286.96
OUT_15527,278.43
OUT_15528,967.76
OUT_15529,129.98
OUT_15530,164.88
OUT_15531,137.06
OUT_15532,1016.86
OUT_15533,158.8
OUT_15534,2374.21
OUT_15535,236.43
OUT_15536,137.0
OUT_15537,319.2
OUT_15538,1043.65
OUT_15539,135.26
OUT_15540,130.86
OUT_15541,142.21
OUT_15542,149.18
OUT_15543,1267.21
OUT_15544,162.04
OUT_15545,265.19
OUT_15546,155.88
OUT_15547,315.71
OUT_15548,943.16
OUT_15549,214.27
OUT_15550,111.39
OUT_15551,290.04
OUT_15552,2371.54
OUT_15553,159.54
OUT_15554,135.25
OUT_15555,136.65
OUT_15556,142.86
OUT_15557,137.56
OUT_15558,138.61
OUT_15559,125.23
OUT_15560,299.02
OUT_15561,135.76
OUT_15562,2123.83
OUT_15563,147.96
OUT_15564,124.23
OUT_15565,1030.91
OUT_15566,142.36
OUT_15567,158.02
OUT_15568,151.66
OUT_15569,141.18
OUT_15570,137.52
OUT_15571,164.27
OUT_15572,142.78
OUT_15573,136.85
OUT_15574,251.21
OUT_15575,156.36
OUT_15576,176.05
OUT_15577,171.09
OUT_15578,1022.4
OUT_15579,291.49
OUT_15580,284.08
OUT_15581,275.92
OUT_15582,257.99
OUT_15583,2199.88
OUT_15584,960.59
OUT_15585,169.59
OUT_15586,258.93
OUT_15587,230.81
OUT_15588,150.49
OUT_15589,150.24
OUT_15590,177.26
OUT_15591,141.86
OUT_15592,2241.48
OUT_15593,953.55
OUT_15594,140.3
OUT_15595,319.1
OUT_15596,1447.39
OUT_15597,138.46
OUT_15598,2292.99
OUT_15599,148.21
OUT_15600,250.78
OUT_15601,1016.81
OUT_15602,171.21
OUT_15603,300.85
OUT_15604,353.93
OUT_15605,134.74
OUT_15606,269.83
OUT_15607,956.63
OUT_15608,331.96
OUT_15609,286.93
OUT_15610,147.95
OUT_15611,151.35
OUT_15612,136.02
OUT_15613,2128.25
OUT_15614,147.73
OUT_15615,308.08
OUT_15616,135.1
OUT_15617,178.41
OUT_15618,150.9
OUT_15619,311.31
OUT_15620,163.57
OUT_15621,320.85
OUT_15622,150.11
OUT_15623,265.24
OUT_15624,975.8
OUT_15625,341.83
OUT_15626,1087.7
OUT_15627,2285.69
OUT_15628,2130.59
OUT_15629,934.2
OUT_15630,154.09
OUT_15631,154.52
OUT_15632,181.79
OUT_15633,171.25
OUT_15634,495.42
OUT_15635,162.02
OUT_15636,137.39
OUT_15637,2134.65
OUT_15638,251.02
OUT_15639,126.26
OUT_15640,180.92
OUT_15641,136.02
OUT_15642,138.92
OUT_15643,151.87
OUT_15644,155.79
OUT_15645,151.05
OUT_15646,289.92
OUT_15647,126.37
OUT_15648,307.59
OUT_15649,288.75
OUT_15650,2239.9
OUT_15651,305.82
OUT_15652,149.74
OUT_15653,180.2
OUT_15654,148.56
OUT_15655,144.02
OUT_15656,143.06
OUT_15657,150.75
OUT_15658,149.24
OUT_15659,288.43
OUT_15660,162.35
OUT_15661,143.3
OUT_15662,291.52
OUT_15663,137.5
OUT_15664,1067.31
OUT_15665,2353.68
OUT_15666,251.46
OUT_15667,914.34
OUT_15668,235.24
OUT_15669,996.97
OUT_15670,241.99
OUT_15671,158.2
OUT_15672,264.4
OUT_15673,1006.21
OUT_15674,971.12
OUT_15675,289.73
OUT_15676,145.31
OUT_15677,239.94
OUT_15678,321.65
OUT_15679,139.07
OUT_15680,888.22
OUT_15681,136.11
OUT_15682,159.27
OUT_15683,151.91
OUT_15684,148.53
OUT_15685,233.57
OUT_15686,178.67
OUT_15687,153.7
OUT_15688,2393.93
OUT_15689,172.8
OUT_15690,297.6
OUT_15691,247.04
OUT_15692,135.54
OUT_15693,920.46
OUT_15694,278.14
OUT_15695,137.69
OUT_15696,297.48
OUT_15697,2324.0
OUT_15698,166.01
OUT_15699,147.38
OUT_15700,289.84
OUT_15701,272.37
OUT_15702,941.41
OUT_15703,148.51
OUT_15704,167.05
OUT_15705,153.84
OUT_15706,277.6
OUT_15707,920.91
OUT_15708,1020.74
OUT_15709,184.41
OUT_15710,175.23
OUT_15711,156.38
OUT_15712,268.43
OUT_15713,171.65
OUT_15714,124.73
OUT_15715,147.92
OUT_15716,281.98
OUT_15717,2230.02
OUT_15718,163.42
OUT_15719,1298.93
OUT_15720,138.03
OUT_15721,134.87
OUT_15722,270.04
OUT_15723,151.75
OUT_15724,975.51
OUT_15725,157.3
OUT_15726,175.05
OUT_15727,295.33
OUT_15728,2154.97
OUT_15729,992.02
OUT_15730,256.47
OUT_15731,949.43
OUT_15732,169.58
OUT_15733,1053.34
OUT_15734,162.04
OUT_15735,165.91
OUT_15736,229.96
OUT_15737,277.22
OUT_15738,275.34
OUT_15739,1035.78
OUT_15740,246.65
OUT_15741,171.61
OUT_15742,154.85
OUT_15743,166.62
OUT_15744,137.05
OUT_15745,1004.03
OUT_15746,943.51
OUT_15747,144.1
OUT_15748,961.44
OUT_15749,127.14
OUT_15750,1087.75
OUT_15751,944.89
OUT_15752,155.13
OUT_15753,149.22
OUT_15754,348.91
OUT_15755,999.32
OUT_15756,921.14
OUT_15757,285.72
OUT_15758,282.89
OUT_15759,164.77
OUT_15760,362.73
OUT_15761,128.99
OUT_15762,323.02
OUT_15763,277.88
OUT_15764,298.39
OUT_15765,134.04
OUT_15766,151.21
OUT_15767,139.63
OUT_15768,158.53
OUT_15769,243.83
OUT_15770,137.26
OUT_15771,152.22
OUT_15772,249.52
OUT_15773,315.94
OUT_15774,337.09
OUT_15775,190.21
OUT_15776,172.24
OUT_15777,281.42
OUT_15778,297.59
OUT_15779,278.86
OUT_15780,996.89
OUT_15781,250.6
OUT_15782,2306.01
OUT_15783,315.35
OUT_15784,152.47
OUT_15785,107.85
OUT_15786,142.34
OUT_15787,964.82
OUT_15788,290.51
OUT_15789,161.51
OUT_15790,2146.87
OUT_15791,156.66
OUT_15792,278.28
OUT_15793,2142.74
OUT_15794,284.53
OUT_15795,315.28
OUT_15796,148.46
OUT_15797,985.51
OUT_15798,291.89
OUT_15799,985.28
OUT_15800,1040.06
OUT_15801,1074.6
OUT_15802,2291.15
OUT_15803,122.37
OUT_15804,165.33
OUT_15805,142.19
OUT_15806,141.42
OUT_15807,152.77
OUT_15808,293.74
OUT_15809,330.61
OUT_15810,158.95
OUT_15811,134.57
OUT_15812,242.32
OUT_15813,191.57
OUT_15814,1026.13
OUT_15815,143.04
OUT_15816,141.73
OUT_15817,162.74
OUT_15818,160.51
OUT_15819,135.59
OUT_15820,165.28
OUT_15821,145.45
OUT_15822,139.25
OUT_15823,147.45
OUT_15824,133.99
OUT_15825,1163.17
OUT_15826,314.01
OUT_15827,158.17
OUT_15828,998.29
OUT_15829,279.8
OUT_15830,286.1
OUT_15831,162.88
OUT_15832,310.4
OUT_15833,157.53
OUT_15834,878.49
OUT_15835,146.28
OUT_15836,127.09
OUT_15837,2214.33
OUT_15838,1047.9
OUT_15839,953.02
OUT_15840,901.34
OUT_15841,325.28
OUT_15842,133.03
OUT_15843,311.36
OUT_15844,156.07
OUT_15845,880.79
OUT_15846,250.2
OUT_15847,2362.13
OUT_15848,907.7
OUT_15849,1077.69
OUT_15850,154.41
OUT_15851,158.44
OUT_15852,993.95
OUT_15853,2342.58
OUT_15854,237.76
OUT_15855,141.56
OUT_15856,152.52
OUT_15857,186.66
OUT_15858,158.84
OUT_15859,224.38
OUT_15860,132.03
OUT_15861,2372.47
OUT_15862,899.12
OUT_15863,135.68
OUT_15864,187.3
OUT_15865,280.43
OUT_15866,252.31
OUT_15867,329.13
OUT_15868,153.65
OUT_15869,264.13
OUT_15870,133.36
OUT_15871,2409.18
OUT_15872,231.91
OUT_15873,141.27
OUT_15874,1046.37
OUT_15875,142.92
OUT_15876,149.6
OUT_15877,2227.16
OUT_15878,327.36
OUT_15879,126.78
OUT_15880,295.03
OUT_15881,145.88
OUT_15882,958.83
OUT_15883,161.09
OUT_15884,159.49
OUT_15885,190.14
OUT_15886,1025.1
OUT_15887,154.03
OUT_15888,133.72
OUT_15889,128.72
OUT_15890,2284.04
OUT_15891,150.75
OUT_15892,140.36
OUT_15893,143.25
OUT_15894,195.11
OUT_15895,931.13
OUT_15896,175.55
OUT_15897,159.01
OUT_15898,143.56
OUT_15899,1002.45
OUT_15900,276.71
OUT_15901,293.3
OUT_15902,171.79
OUT_15903,167.82
OUT_15904,144.81
OUT_15905,294.45
OUT_15906,2191.04
OUT_15907,159.49
OUT_15908,311.94
OUT_15909,236.61
OUT_15910,148.79
OUT_15911,339.91
OUT_15912,989.06
OUT_15913,149.87
OUT_15914,163.45
OUT_15915,153.24
OUT_15916,176.17
OUT_15917,177.55
OUT_15918,140.84
OUT_15919,1260.13
OUT_15920,255.49
OUT_15921,1022.07
OUT_15922,957.64
OUT_15923,130.62
OUT_15924,248.84
OUT_15925,150.93
OUT_15926,1033.69
OUT_15927,134.71
OUT_15928,171.14
OUT_15929,278.06
OUT_15930,1000.43
OUT_15931,913.35
OUT_15932,142.84
OUT_15933,141.74
OUT_15934,1072.45
OUT_15935,247.89
OUT_15936,124.87
OUT_15937,166.35
OUT_15938,179.51
OUT_15939,154.34
OUT_15940,143.6
OUT_15941,168.35
OUT_15942,1053.66
OUT_15943,162.05
OUT_15944,167.46
OUT_15945,329.29
OUT_15946,178.56
OUT_15947,133.16
OUT_15948,152.04
OUT_15949,162.22
OUT_15950,134.94
OUT_15951,2053.18
OUT_15952,1015.58
OUT_15953,285.34
OUT_15954,275.89
OUT_15955,959.25
OUT_15956,141.29
OUT_15957,155.53
OUT_15958,972.22
OUT_15959,268.92
OUT_15960,135.56
OUT_15961,222.14
OUT_15962,245.87
OUT_15963,136.23
OUT_15964,141.95
OUT_15965,130.16
OUT_15966,292.82
OUT_15967,136.64
OUT_15968,1024.15
OUT_15969,167.96
OUT_15970,148.85
OUT_15971,2346.51
OUT_15972,256.92
OUT_15973,301.54
OUT_15974,256.74
OUT_15975,232.6
OUT_15976,151.73
OUT_15977,132.9
OUT_15978,311.69
OUT_15979,1246.74
OUT_15980,157.07
OUT_15981,150.71
OUT_15982,125.44
OUT_15983,157.12
OUT_15984,181.05
OUT_15985,978.94
OUT_15986,308.25
OUT_15987,166.53
OUT_15988,149.7
OUT_15989,955.68
OUT_15990,251.4
OUT_15991,158.66
OUT_15992,124.96
OUT_15993,264.26
OUT_15994,288.29
OUT_15995,162.88
OUT_15996,1019.13
OUT_15997,176.38
OUT_15998,280.3
OUT_15999,153.52
OUT_16000,987.7
OUT_16001,298.06
OUT_16002,195.78
OUT_16003,331.55
OUT_16004,1015.16
OUT_16005,168.88
OUT_16006,266.94
OUT_16007,143.36
OUT_16008,290.71
OUT_16009,151.55
OUT_16010,189.47
OUT_16011,153.7
OUT_16012,117.87
OUT_16013,152.16
OUT_16014,139.84
OUT_16015,146.2
OUT_16016,1001.79
OUT_16017,156.51
OUT_16018,163.14
OUT_16019,244.82
OUT_16020,299.03
OUT_16021,148.35
OUT_16022,137.15
OUT_16023,299.26
OUT_16024,155.4
OUT_16025,250.58
OUT_16026,240.26
OUT_16027,140.04
OUT_16028,151.06
OUT_16029,255.59
OUT_16030,138.93
OUT_16031,260.02
OUT_16032,156.51
OUT_16033,159.61
OUT_16034,932.91
OUT_16035,313.43
OUT_16036,274.54
OUT_16037,165.83
OUT_16038,146.22
OUT_16039,155.89
OUT_16040,148.97
OUT_16041,2248.09
OUT_16042,302.54
OUT_16043,1010.4
OUT_16044,160.17
OUT_16045,333.43
OUT_16046,267.86
OUT_16047,151.4
OUT_16048,262.48
OUT_16049,923.04
OUT_16050,120.75
OUT_16051,134.36
OUT_16052,163.93
OUT_16053,137.17
OUT_16054,245.66
OUT_16055,983.25
OUT_16056,161.45
OUT_16057,167.0
OUT_16058,298.36
OUT_16059,151.15
OUT_16060,175.13
OUT_16061,133.14
OUT_16062,274.76
OUT_16063,260.4
OUT_16064,1066.55
OUT_16065,177.7
OUT_16066,147.92
OUT_16067,158.88
OUT_16068,155.46
OUT_16069,267.06
OUT_16070,131.43
OUT_16071,2201.92
OUT_16072,136.76
OUT_16073,182.16
OUT_16074,168.79
OUT_16075,2273.43
OUT_16076,148.66
OUT_16077,291.37
OUT_16078,354.17
OUT_16079,353.02
OUT_16080,158.48
OUT_16081,158.93
OUT_16082,316.25
OUT_16083,1069.63
OUT_16084,264.15
OUT_16085,2180.74
OUT_16086,1006.65
OUT_16087,252.06
OUT_16088,915.8
OUT_16089,153.68
OUT_16090,167.98
OUT_16091,134.41
OUT_16092,150.05
OUT_16093,327.57
OUT_16094,2304.23
OUT_16095,167.25
OUT_16096,164.06
OUT_16097,1040.24
OUT_16098,132.9
OUT_16099,274.47
OUT_16100,132.07
OUT_16101,127.56
OUT_16102,235.42
OUT_16103,266.81
OUT_16104,315.58
OUT_16105,256.45
OUT_16106,297.08
OUT_16107,272.66
OUT_16108,2025.81
OUT_16109,145.73
OUT_16110,172.78
OUT_16111,150.99
OUT_16112,296.36
OUT_16113,924.78
OUT_16114,911.04
OUT_16115,125.27
OUT_16116,956.36
OUT_16117,131.98
OUT_16118,131.17
OUT_16119,162.41
OUT_16120,140.49
OUT_16121,159.39
OUT_16122,127.7
OUT_16123,1017.0
OUT_16124,242.55
OUT_16125,168.25
OUT_16126,286.94
OUT_16127,138.62
OUT_16128,301.05
OUT_16129,164.4
OUT_16130,254.28
OUT_16131,144.23
OUT_16132,181.19
OUT_16133,153.47
OUT_16134,145.98
OUT_16135,931.11
OUT_16136,843.03
OUT_16137,162.3
OUT_16138,136.99
OUT_16139,178.59
OUT_16140,322.0
OUT_16141,154.78
OUT_16142,1139.98
OUT_16143,1298.88
OUT_16144,924.85
OUT_16145,188.13
OUT_16146,1117.95
OUT_16147,247.32
OUT_16148,125.44
OUT_16149,129.71
OUT_16150,1008.72
OUT_16151,152.5
OUT_16152,149.92
OUT_16153,1076.28
OUT_16154,312.48
OUT_16155,182.08
OUT_16156,254.45
OUT_16157,155.83
OUT_16158,254.62
OUT_16159,183.77
OUT_16160,127.98
OUT_16161,308.72
OUT_16162,303.42
OUT_16163,161.06
OUT_16164,1255.18
OUT_16165,126.79
OUT_16166,152.01
OUT_16167,156.16
OUT_16168,117.94
OUT_16169,2343.84
OUT_16170,1005.53
OUT_16171,241.92
OUT_16172,878.58
OUT_16173,270.04
OUT_16174,133.51
OUT_16175,168.19
OUT_16176,1005.46
OUT_16177,240.61
OUT_16178,132.21
OUT_16179,355.15
OUT_16180,2082.02
OUT_16181,243.84
OUT_16182,142.25
OUT_16183,2339.58
OUT_16184,1065.11
OUT_16185,1002.42
OUT_16186,188.72
OUT_16187,173.31
OUT_16188,193.45
OUT_16189,287.54
OUT_16190,1011.1
OUT_16191,157.35
OUT_16192,284.53
OUT_16193,302.72
OUT_16194,1084.57
OUT_16195,2228.7
OUT_16196,267.35
OUT_16197,146.35
OUT_16198,150.71
OUT_16199,2138.42
OUT_16200,181.71
OUT_16201,925.43
OUT_16202,151.51
OUT_16203,147.62
OUT_16204,304.47
OUT_16205,161.39
OUT_16206,149.18
OUT_16207,298.8
OUT_16208,149.51
OUT_16209,866.04
OUT_16210,150.31
OUT_16211,131.67
OUT_16212,144.51
OUT_16213,184.25
OUT_16214,167.2
OUT_16215,962.46
OUT_16216,963.61
OUT_16217,262.02
OUT_16218,147.17
OUT_16219,1211.59
OUT_16220,176.2
OUT_16221,135.17
OUT_16222,157.93
OUT_16223,2126.54
OUT_16224,199.96
OUT_16225,244.21
OUT_16226,154.36
OUT_16227,154.73
OUT_16228,2357.71
OUT_16229,2269.24
OUT_16230,304.09
OUT_16231,129.92
OUT_16232,166.42
OUT_16233,150.38
OUT_16234,364.14
OUT_16235,326.33
OUT_16236,156.56
OUT_16237,269.57
OUT_16238,2392.36
OUT_16239,187.89
OUT_16240,226.36
OUT_16241,188.34
OUT_16242,250.61
OUT_16243,952.55
OUT_16244,922.32
OUT_16245,982.88
OUT_16246,180.81
OUT_16247,141.95
OUT_16248,303.36
OUT_16249,155.53
OUT_16250,165.13
OUT_16251,131.73
OUT_16252,1217.52
OUT_16253,156.39
OUT_16254,1122.23
OUT_16255,978.73
OUT_16256,260.27
OUT_16257,145.13
OUT_16258,1039.94
OUT_16259,135.56
OUT_16260,167.73
OUT_16261,280.94
OUT_16262,162.27
OUT_16263,165.39
OUT_16264,139.98
OUT_16265,157.74
OUT_16266,159.4
OUT_16267,134.71
OUT_16268,129.82
OUT_16269,257.86
OUT_16270,120.01
OUT_16271,1004.31
OUT_16272,281.62
OUT_16273,931.77
OUT_16274,175.66
OUT_16275,1025.68
OUT_16276,157.08
OUT_16277,138.81
OUT_16278,272.67
OUT_16279,291.55
OUT_16280,183.87
OUT_16281,164.39
OUT_16282,174.26
OUT_16283,314.29
OUT_16284,909.07
OUT_16285,126.82
OUT_16286,139.75
OUT_16287,271.61
OUT_16288,316.9
OUT_16289,151.21
OUT_16290,166.69
OUT_16291,145.54
OUT_16292,253.61
OUT_16293,293.29
OUT_16294,154.35
OUT_16295,156.18
OUT_16296,266.49
OUT_16297,308.4
OUT_16298,156.77
OUT_16299,384.86
OUT_16300,1028.96
OUT_16301,156.84
OUT_16302,949.67
OUT_16303,2145.75
OUT_16304,2178.79
OUT_16305,134.93
OUT_16306,147.19
OUT_16307,171.77
OUT_16308,150.75
OUT_16309,315.47
OUT_16310,303.55
OUT_16311,985.8
OUT_16312,176.66
OUT_16313,126.3
OUT_16314,2203.96
OUT_16315,1016.31
OUT_16316,141.46
OUT_16317,1290.05
OUT_16318,945.71
OUT_16319,135.35
OUT_16320,158.74
OUT_16321,294.66
OUT_16322,1239.27
OUT_16323,307.61
OUT_16324,170.14
OUT_16325,138.97
OUT_16326,994.14
OUT_16327,244.19
OUT_16328,1076.29
OUT_16329,2309.06
OUT_16330,1006.16
OUT_16331,2239.87
OUT_16332,137.99
OUT_16333,179.64
OUT_16334,886.43
OUT_16335,229.7
OUT_16336,2320.88
OUT_16337,166.39
OUT_16338,171.79
OUT_16339,143.68
OUT_16340,149.6
OUT_16341,290.86
OUT_16342,131.91
OUT_16343,911.42
OUT_16344,191.72
OUT_16345,139.8
OUT_16346,126.82
OUT_16347,178.6
OUT_16348,340.52
OUT_16349,892.66
OUT_16350,135.55
OUT_16351,1170.86
OUT_16352,159.31
OUT_16353,166.29
OUT_16354,176.17
OUT_16355,147.38
OUT_16356,130.76
OUT_16357,136.97
OUT_16358,163.64
OUT_16359,296.69
OUT_16360,141.77
OUT_16361,131.34
OUT_16362,1084.39
OUT_16363,149.58
OUT_16364,1056.51
OUT_16365,153.23
OUT_16366,151.99
OUT_16367,274.66
OUT_16368,126.48
OUT_16369,128.96
OUT_16370,245.98
OUT_16371,139.82
OUT_16372,148.04
OUT_16373,148.44
OUT_16374,138.27
OUT_16375,300.86
OUT_16376,166.09
OUT_16377,159.12
OUT_16378,172.21
OUT_16379,150.15
OUT_16380,143.29
OUT_16381,167.97
OUT_16382,1103.52
OUT_16383,947.72
OUT_16384,278.54
OUT_16385,144.83
OUT_16386,168.04
OUT_16387,288.78
OUT_16388,2197.24
OUT_16389,1092.64
OUT_16390,289.03
OUT_16391,148.84
OUT_16392,153.79
OUT_16393,148.08
OUT_16394,1105.87
OUT_16395,140.92
OUT_16396,186.41
OUT_16397,1052.26
OUT_16398,261.18
OUT_16399,134.11
OUT_16400,154.9
OUT_16401,151.27
OUT_16402,287.6
OUT_16403,1377.5
OUT_16404,299.74
OUT_16405,147.4
OUT_16406,169.46
OUT_16407,253.76
OUT_16408,145.15
OUT_16409,303.34
OUT_16410,124.22
OUT_16411,355.09
OUT_16412,163.34
OUT_16413,1050.19
OUT_16414,1197.88
OUT_16415,126.61
OUT_16416,153.58
OUT_16417,1007.31
OUT_16418,150.06
OUT_16419,242.98
OUT_16420,177.17
OUT_16421,308.88
OUT_16422,134.83
OUT_16423,336.36
OUT_16424,1095.36
OUT_16425,247.87
OUT_16426,1057.1
OUT_16427,165.7
OUT_16428,170.13
OUT_16429,353.31
OUT_16430,154.17
OUT_16431,152.47
OUT_16432,158.57
OUT_16433,237.05
OUT_16434,170.03
OUT_16435,891.64
OUT_16436,282.65
OUT_16437,2275.63
OUT_16438,163.54
OUT_16439,310.03
OUT_16440,182.3
OUT_16441,2353.72
OUT_16442,141.93
OUT_16443,133.03
OUT_16444,275.76
OUT_16445,186.65
OUT_16446,122.58
OUT_16447,160.92
OUT_16448,250.43
OUT_16449,303.59
OUT_16450,126.76
OUT_16451,922.53
OUT_16452,247.02
OUT_16453,154.0
OUT_16454,252.4
OUT_16455,317.47
OUT_16456,146.73
OUT_16457,268.96
OUT_16458,135.86
OUT_16459,1214.58
OUT_16460,2251.76
OUT_16461,286.9
OUT_16462,145.52
OUT_16463,248.6
OUT_16464,197.65
OUT_16465,268.52
OUT_16466,131.7
OUT_16467,859.1
OUT_16468,299.06
OUT_16469,143.75
OUT_16470,1086.05
OUT_16471,141.42
OUT_16472,157.45
OUT_16473,153.55
OUT_16474,156.45
OUT_16475,168.0
OUT_16476,178.64
OUT_16477,286.03
OUT_16478,259.12
OUT_16479,257.13
OUT_16480,267.34
OUT_16481,128.33
OUT_16482,131.82
OUT_16483,250.45
OUT_16484,280.57
OUT_16485,180.99
OUT_16486,139.73
OUT_16487,247.83
OUT_16488,2307.13
OUT_16489,237.32
OUT_16490,157.01
OUT_16491,162.39
OUT_16492,2138.76
OUT_16493,136.26
OUT_16494,271.87
OUT_16495,177.43
OUT_16496,243.37
OUT_16497,992.15
OUT_16498,153.24
OUT_16499,258.83
OUT_16500,140.27
OUT_16501,229.79
OUT_16502,989.98
OUT_16503,146.15
OUT_16504,137.75
OUT_16505,155.5
OUT_16506,142.48
OUT_16507,135.4
OUT_16508,146.25
OUT_16509,175.5
OUT_16510,155.19
OUT_16511,860.96
OUT_16512,144.25
OUT_16513,248.26
OUT_16514,328.79
OUT_16515,295.09
OUT_16516,244.1
OUT_16517,264.99
OUT_16518,143.97
OUT_16519,188.56
OUT_16520,2218.96
OUT_16521,321.98
OUT_16522,148.87
OUT_16523,131.2
OUT_16524,267.24
OUT_16525,251.37
OUT_16526,147.43
OUT_16527,189.14
OUT_16528,156.02
OUT_16529,323.75
OUT_16530,1015.76
OUT_16531,907.98
OUT_16532,144.6
OUT_16533,263.18
OUT_16534,151.12
OUT_16535,131.68
OUT_16536,1050.14
OUT_16537,330.75
OUT_16538,2258.83
OUT_16539,293.73
OUT_16540,901.94
OUT_16541,167.86
OUT_16542,275.5
OUT_16543,289.81
OUT_16544,325.27
OUT_16545,184.63
OUT_16546,185.53
OUT_16547,153.81
OUT_16548,2288.36
OUT_16549,128.02
OUT_16550,138.47
OUT_16551,254.7
OUT_16552,157.44
OUT_16553,290.56
OUT_16554,144.51
OUT_16555,181.15
OUT_16556,149.22
OUT_16557,173.02
OUT_16558,302.96
OUT_16559,288.12
OUT_16560,127.64
OUT_16561,178.17
OUT_16562,165.69
OUT_16563,152.33
OUT_16564,134.05
OUT_16565,172.02
OUT_16566,179.96
OUT_16567,170.78
OUT_16568,162.12
OUT_16569,288.01
OUT_16570,2339.94
OUT_16571,142.86
OUT_16572,152.25
OUT_16573,2402.59
OUT_16574,156.74
OUT_16575,170.67
OUT_16576,903.86
OUT_16577,157.17
OUT_16578,295.59
OUT_16579,267.92
OUT_16580,142.21
OUT_16581,140.9
OUT_16582,151.22
OUT_16583,966.27
OUT_16584,170.16
OUT_16585,133.47
OUT_16586,937.99
OUT_16587,165.95
OUT_16588,244.11
OUT_16589,153.56
OUT_16590,1115.9
OUT_16591,127.65
OUT_16592,259.07
OUT_16593,1035.81
OUT_16594,154.65
OUT_16595,143.07
OUT_16596,2326.57
OUT_16597,2073.48
OUT_16598,1057.79
OUT_16599,140.67
OUT_16600,125.53
OUT_16601,225.71
OUT_16602,940.98
OUT_16603,161.05
OUT_16604,144.43
OUT_16605,2282.97
OUT_16606,163.23
OUT_16607,293.52
OUT_16608,162.2
OUT_16609,278.21
OUT_16610,151.67
OUT_16611,130.56
OUT_16612,244.84
OUT_16613,171.56
OUT_16614,158.95
OUT_16615,168.13
OUT_16616,304.48
OUT_16617,267.58
OUT_16618,149.41
OUT_16619,252.8
OUT_16620,250.61
OUT_16621,138.31
OUT_16622,263.98
OUT_16623,875.82
OUT_16624,134.43
OUT_16625,175.35
OUT_16626,144.72
OUT_16627,138.69
OUT_16628,151.94
OUT_16629,151.5
OUT_16630,175.01
OUT_16631,275.09
OUT_16632,295.04
OUT_16633,968.66
OUT_16634,176.05
OUT_16635,140.01
OUT_16636,158.98
OUT_16637,178.17
OUT_16638,155.15
OUT_16639,2217.9
OUT_16640,295.34
OUT_16641,887.85
OUT_16642,306.86
OUT_16643,284.7
OUT_16644,244.41
OUT_16645,248.69
OUT_16646,287.93
OUT_16647,264.82
OUT_16648,184.08
OUT_16649,995.7
OUT_16650,166.69
OUT_16651,172.15
OUT_16652,301.81
OUT_16653,135.98
OUT_16654,958.48
OUT_16655,173.96
OUT_16656,1061.71
OUT_16657,898.32
OUT_16658,123.78
OUT_16659,1062.31
OUT_16660,146.84
OUT_16661,176.42
OUT_16662,247.76
OUT_16663,121.28
OUT_16664,146.45
OUT_16665,289.28
OUT_16666,158.66
OUT_16667,145.02
OUT_16668,135.01
OUT_16669,161.44
OUT_16670,1045.57
OUT_16671,150.54
OUT_16672,174.22
OUT_16673,240.15
OUT_16674,144.42
OUT_16675,949.38
OUT_16676,1012.35
OUT_16677,140.14
OUT_16678,139.34
OUT_16679,124.76
OUT_16680,327.01
OUT_16681,130.01
OUT_16682,153.58
OUT_16683,152.49
OUT_16684,139.49
OUT_16685,280.18
OUT_16686,154.2
OUT_16687,1269.1
OUT_16688,2267.53
OUT_16689,151.23
OUT_16690,833.02
OUT_16691,139.99
OUT_16692,253.72
OUT_16693,151.07
OUT_16694,367.39
OUT_16695,143.77
OUT_16696,148.37
OUT_16697,119.83
OUT_16698,316.51
OUT_16699,158.0
OUT_16700,131.06
OUT_16701,128.51
OUT_16702,283.96
OUT_16703,935.7
OUT_16704,161.06
OUT_16705,294.37
OUT_16706,168.98
OUT_16707,1040.52
OUT_16708,121.37
OUT_16709,150.71
OUT_16710,139.38
OUT_16711,1023.73
OUT_16712,952.8
OUT_16713,144.37
OUT_16714,158.47
OUT_16715,167.21
OUT_16716,296.9
OUT_16717,287.74
OUT_16718,152.38
OUT_16719,267.93
OUT_16720,157.94
OUT_16721,314.11
OUT_16722,188.45
OUT_16723,163.0
OUT_16724,934.82
OUT_16725,313.02
OUT_16726,331.72
OUT_16727,157.22
OUT_16728,1101.12
OUT_16729,132.08
OUT_16730,150.11
OUT_16731,242.16
OUT_16732,252.69
OUT_16733,148.59
OUT_16734,172.08
OUT_16735,152.99
OUT_16736,161.48
OUT_16737,233.45
OUT_16738,904.39
OUT_16739,327.04
OUT_16740,302.46
OUT_16741,903.95
OUT_16742,904.63
OUT_16743,154.62
OUT_16744,131.29
OUT_16745,304.13
OUT_16746,275.79
OUT_16747,227.97
OUT_16748,152.16
OUT_16749,853.09
OUT_16750,144.01
OUT_16751,154.3
OUT_16752,127.19
OUT_16753,979.62
OUT_16754,154.85
OUT_16755,167.75
OUT_16756,157.54
OUT_16757,299.56
OUT_16758,153.73
OUT_16759,129.67
OUT_16760,263.97
OUT_16761,181.74
OUT_16762,293.98
OUT_16763,165.51
OUT_16764,171.58
OUT_16765,159.77
OUT_16766,231.85
OUT_16767,118.61
OUT_16768,255.23
OUT_16769,1035.38
OUT_16770,268.24
OUT_16771,157.45
OUT_16772,191.13
OUT_16773,103.24
OUT_16774,151.4
OUT_16775,917.99
OUT_16776,248.82
OUT_16777,237.17
OUT_16778,337.8
OUT_16779,148.61
OUT_16780,116.95
OUT_16781,136.16
OUT_16782,146.05
OUT_16783,296.94
OUT_16784,277.02
OUT_16785,918.33
OUT_16786,1233.78
OUT_16787,922.55
OUT_16788,166.49
OUT_16789,157.88
OUT_16790,288.66
OUT_16791,949.23
OUT_16792,139.81
OUT_16793,282.24
OUT_16794,271.75
OUT_16795,137.89
OUT_16796,294.19
OUT_16797,151.0
OUT_16798,175.26
OUT_16799,142.38
OUT_16800,187.63
OUT_16801,167.57
OUT_16802,186.38
OUT_16803,135.74
OUT_16804,1079.65
OUT_16805,153.23
OUT_16806,987.9
OUT_16807,336.12
OUT_16808,1191.41
OUT_16809,2362.69
OUT_16810,245.63
OUT_16811,152.57
OUT_16812,1075.85
OUT_16813,1034.12
OUT_16814,157.9
OUT_16815,1027.01
OUT_16816,160.94
OUT_16817,284.34
OUT_16818,310.87
OUT_16819,197.58
OUT_16820,995.08
OUT_16821,359.86
OUT_16822,126.89
OUT_16823,164.27
OUT_16824,291.94
OUT_16825,192.36
OUT_16826,173.82
OUT_16827,2112.89
OUT_16828,271.85
OUT_16829,138.3
OUT_16830,1101.71
OUT_16831,139.49
OUT_16832,1032.88
OUT_16833,291.83
OUT_16834,294.15
OUT_16835,160.06
OUT_16836,151.92
OUT_16837,126.94
OUT_16838,914.42
OUT_16839,253.75
OUT_16840,1063.07
OUT_16841,1036.69
OUT_16842,142.65
OUT_16843,160.41
OUT_16844,234.24
OUT_16845,120.13
OUT_16846,183.15
OUT_16847,137.49
OUT_16848,2145.97
OUT_16849,134.38
OUT_16850,164.68
OUT_16851,893.24
OUT_16852,224.37
OUT_16853,182.72
OUT_16854,157.2
OUT_16855,249.38
OUT_16856,288.78
OUT_16857,288.17
OUT_16858,964.7
OUT_16859,156.41
OUT_16860,221.27
OUT_16861,285.14
OUT_16862,148.17
OUT_16863,1092.97
OUT_16864,2206.06
OUT_16865,172.87
OUT_16866,302.68
OUT_16867,179.46
OUT_16868,1060.23
OUT_16869,146.22
OUT_16870,280.85
OUT_16871,156.86
OUT_16872,1033.9
OUT_16873,243.72
OUT_16874,299.5
OUT_16875,237.39
OUT_16876,941.11
OUT_16877,171.52
OUT_16878,157.96
OUT_16879,175.31
OUT_16880,1091.82
OUT_16881,129.44
OUT_16882,269.6
OUT_16883,137.82
OUT_16884,1292.67
OUT_16885,152.92
OUT_16886,132.39
OUT_16887,184.3
OUT_16888,271.14
OUT_16889,316.54
OUT_16890,147.36
OUT_16891,1029.29
OUT_16892,142.49
OUT_16893,271.57
OUT_16894,306.43
OUT_16895,132.48
OUT_16896,153.8
OUT_16897,160.48
OUT_16898,146.27
OUT_16899,1300.73
OUT_16900,910.54
OUT_16901,159.9
OUT_16902,260.02
OUT_16903,168.01
OUT_16904,147.81
OUT_16905,268.68
OUT_16906,159.78
OUT_16907,137.17
OUT_16908,990.44
OUT_16909,952.06
OUT_16910,148.49
OUT_16911,169.37
OUT_16912,156.17
OUT_16913,237.74
OUT_16914,173.75
OUT_16915,151.92
OUT_16916,147.13
OUT_16917,162.2
OUT_16918,130.21
OUT_16919,165.45
OUT_16920,273.86
OUT_16921,264.27
OUT_16922,148.79
OUT_16923,253.61
OUT_16924,1013.68
OUT_16925,1315.05
OUT_16926,134.67
OUT_16927,259.76
OUT_16928,238.88
OUT_16929,174.48
OUT_16930,292.41
OUT_16931,126.69
OUT_16932,296.41
OUT_16933,141.15
OUT_16934,307.95
OUT_16935,2257.88
OUT_16936,275.78
OUT_16937,951.79
OUT_16938,146.76
OUT_16939,136.72
OUT_16940,163.5
OUT_16941,173.51
OUT_16942,257.37
OUT_16943,150.81
OUT_16944,292.81
OUT_16945,175.67
OUT_16946,2129.43
OUT_16947,151.18
OUT_16948,158.65
OUT_16949,153.59
OUT_16950,196.42
OUT_16951,129.22
OUT_16952,159.24
OUT_16953,129.42
OUT_16954,128.5
OUT_16955,168.81
OUT_16956,157.01
OUT_16957,150.67
OUT_16958,998.55
OUT_16959,2304.43
OUT_16960,167.64
OUT_16961,304.81
OUT_16962,159.2
OUT_16963,145.68
OUT_16964,157.65
OUT_16965,254.79
OUT_16966,163.49
OUT_16967,333.13
OUT_16968,256.24
OUT_16969,244.7
OUT_16970,311.28
OUT_16971,955.92
OUT_16972,164.87
OUT_16973,136.31
OUT_16974,272.92
OUT_16975,273.83
OUT_16976,150.5
OUT_16977,1004.29
OUT_16978,140.36
OUT_16979,136.94
OUT_16980,159.87
OUT_16981,155.01
OUT_16982,161.36
OUT_16983,347.75
OUT_16984,164.08
OUT_16985,268.63
OUT_16986,2129.0
OUT_16987,297.22
OUT_16988,277.78
OUT_16989,302.28
OUT_16990,2300.38
OUT_16991,332.13
OUT_16992,152.56
OUT_16993,139.5
OUT_16994,250.39
OUT_16995,151.25
OUT_16996,333.72
OUT_16997,255.82
OUT_16998,163.8
OUT_16999,281.69
OUT_17000,136.21
OUT_17001,170.97
OUT_17002,361.22
OUT_17003,185.35
OUT_17004,386.19
OUT_17005,376.79
OUT_17006,378.16
OUT_17007,367.86
OUT_17008,1221.86
OUT_17009,2625.3
OUT_17010,2750.2
OUT_17011,168.2
OUT_17012,160.25
OUT_17013,179.28
OUT_17014,2593.86
OUT_17015,335.33
OUT_17016,208.82
OUT_17017,213.64
OUT_17018,178.21
OUT_17019,387.35
OUT_17020,184.85
OUT_17021,1164.57
OUT_17022,197.52
OUT_17023,196.3
OUT_17024,158.67
OUT_17025,1464.8
OUT_17026,163.88
OUT_17027,161.21
OUT_17028,1238.9
OUT_17029,185.37
OUT_17030,222.24
OUT_17031,158.48
OUT_17032,174.45
OUT_17033,171.27
OUT_17034,315.42
OUT_17035,173.05
OUT_17036,197.09
OUT_17037,340.02
OUT_17038,158.03
OUT_17039,379.7
OUT_17040,170.91
OUT_17041,374.42
OUT_17042,163.07
OUT_17043,194.51
OUT_17044,1476.33
OUT_17045,228.52
OUT_17046,133.15
OUT_17047,1199.14
OUT_17048,175.07
OUT_17049,2780.77
OUT_17050,349.54
OUT_17051,171.19
OUT_17052,195.41
OUT_17053,370.27
OUT_17054,317.7
OUT_17055,180.73
OUT_17056,359.88
OUT_17057,338.36
OUT_17058,1097.1
OUT_17059,337.38
OUT_17060,198.46
OUT_17061,333.0
OUT_17062,201.21
OUT_17063,190.15
OUT_17064,360.69
OUT_17065,189.68
OUT_17066,1082.95
OUT_17067,2666.46
OUT_17068,326.41
OUT_17069,279.74
OUT_17070,415.38
OUT_17071,2603.49
OUT_17072,211.39
OUT_17073,337.47
OUT_17074,336.67
OUT_17075,176.81
OUT_17076,176.2
OUT_17077,170.29
OUT_17078,1194.21
OUT_17079,181.96
OUT_17080,284.18
OUT_17081,172.96
OUT_17082,2515.9
OUT_17083,191.93
OUT_17084,194.39
OUT_17085,1217.88
OUT_17086,183.87
OUT_17087,1613.71
OUT_17088,1534.34
OUT_17089,188.69
OUT_17090,152.34
OUT_17091,182.12
OUT_17092,1289.59
OUT_17093,202.22
OUT_17094,191.24
OUT_17095,324.97
OUT_17096,185.12
OUT_17097,158.74
OUT_17098,373.02
OUT_17099,383.14
OUT_17100,367.54
OUT_17101,1378.39
OUT_17102,349.14
OUT_17103,187.41
OUT_17104,343.72
OUT_17105,136.2
OUT_17106,168.84
OUT_17107,376.71
OUT_17108,197.59
OUT_17109,176.61
OUT_17110,1103.3
OUT_17111,351.01
OUT_17112,171.31
OUT_17113,217.3
OUT_17114,200.9
OUT_17115,220.5
OUT_17116,210.16
OUT_17117,168.87
OUT_17118,163.84
OUT_17119,369.18
OUT_17120,184.39
OUT_17121,1204.1
OUT_17122,334.96
OUT_17123,1180.02
OUT_17124,1138.3
OUT_17125,358.68
OUT_17126,181.39
OUT_17127,162.65
OUT_17128,181.24
OUT_17129,1137.98
OUT_17130,149.2
OUT_17131,2473.26
OUT_17132,183.14
OUT_17133,159.57
OUT_17134,219.6
OUT_17135,349.62
OUT_17136,390.12
OUT_17137,332.88
OUT_17138,205.42
OUT_17139,179.74
OUT_17140,317.19
OUT_17141,388.56
OUT_17142,312.69
OUT_17143,344.01
OUT_17144,334.59
OUT_17145,155.33
OUT_17146,165.24
OUT_17147,194.0
OUT_17148,330.43
OUT_17149,352.86
OUT_17150,209.31
OUT_17151,152.53
OUT_17152,391.77
OUT_17153,2522.48
OUT_17154,179.0
OUT_17155,191.98
OUT_17156,191.88
OUT_17157,343.12
OUT_17158,338.11
OUT_17159,296.79
OUT_17160,1091.86
OUT_17161,374.76
OUT_17162,1651.12
OUT_17163,181.14
OUT_17164,195.66
OUT_17165,182.58
OUT_17166,188.16
OUT_17167,1626.69
OUT_17168,164.74
OUT_17169,213.97
OUT_17170,182.36
OUT_17171,204.0
OUT_17172,1147.57
OUT_17173,347.07
OUT_17174,162.79
OUT_17175,2600.25
OUT_17176,168.44
OUT_17177,331.33
OUT_17178,1241.08
OUT_17179,291.44
OUT_17180,216.37
OUT_17181,195.38
OUT_17182,170.32
OUT_17183,1457.84
OUT_17184,202.0
OUT_17185,187.67
OUT_17186,356.71
OUT_17187,2735.54
OUT_17188,214.45
OUT_17189,384.93
OUT_17190,196.78
OUT_17191,209.52
OUT_17192,1228.9
OUT_17193,315.38
OUT_17194,341.45
OUT_17195,185.66
OUT_17196,185.84
OUT_17197,164.09
OUT_17198,636.64
OUT_17199,186.62
OUT_17200,422.17
OUT_17201,404.03
OUT_17202,377.78
OUT_17203,174.65
OUT_17204,328.35
OUT_17205,140.38
OUT_17206,391.15
OUT_17207,1200.75
OUT_17208,1188.58
OUT_17209,197.67
OUT_17210,196.85
OUT_17211,208.09
OUT_17212,194.06
OUT_17213,196.74
OUT_17214,360.47
OUT_17215,415.22
OUT_17216,2556.09
OUT_17217,189.12
OUT_17218,190.54
OUT_17219,165.53
OUT_17220,175.55
OUT_17221,161.02
OUT_17222,376.17
OUT_17223,198.09
OUT_17224,290.92
OUT_17225,388.23
OUT_17226,186.48
OUT_17227,130.21
OUT_17228,194.14
OUT_17229,181.44
OUT_17230,153.55
OUT_17231,1483.09
OUT_17232,1109.71
OUT_17233,327.8
OUT_17234,442.23
OUT_17235,200.29
OUT_17236,187.23
OUT_17237,190.69
OUT_17238,171.12
OUT_17239,403.31
OUT_17240,340.7
OUT_17241,389.06
OUT_17242,349.18
OUT_17243,140.54
OUT_17244,208.4
OUT_17245,373.52
OUT_17246,359.99
OUT_17247,356.73
OUT_17248,340.63
OUT_17249,173.1
OUT_17250,394.35
OUT_17251,185.45
OUT_17252,195.59
OUT_17253,292.8
OUT_17254,199.81
OUT_17255,217.13
OUT_17256,162.09
OUT_17257,404.64
OUT_17258,177.2
OUT_17259,377.65
OUT_17260,364.65
OUT_17261,155.87
OUT_17262,186.74
OUT_17263,1521.31
OUT_17264,170.35
OUT_17265,194.34
OUT_17266,170.89
OUT_17267,221.05
OUT_17268,198.09
OUT_17269,332.55
OUT_17270,1185.17
OUT_17271,156.56
OUT_17272,608.02
OUT_17273,361.39
OUT_17274,200.5
OUT_17275,401.76
OUT_17276,341.96
OUT_17277,350.48
OUT_17278,168.38
OUT_17279,154.62
OUT_17280,2499.93
OUT_17281,188.25
OUT_17282,342.08
OUT_17283,199.67
OUT_17284,178.57
OUT_17285,396.29
OUT_17286,200.06
OUT_17287,160.47
OUT_17288,167.38
OUT_17289,292.61
OUT_17290,155.79
OUT_17291,188.46
OUT_17292,204.66
OUT_17293,388.85
OUT_17294,206.6
OUT_17295,186.27
OUT_17296,201.48
OUT_17297,168.74
OUT_17298,178.04
OUT_17299,158.43
OUT_17300,177.62
OUT_17301,1225.15
OUT_17302,339.06
OUT_17303,390.77
OUT_17304,1084.25
OUT_17305,369.27
OUT_17306,151.9
OUT_17307,410.94
OUT_17308,321.68
OUT_17309,205.47
OUT_17310,197.4
OUT_17311,177.41
OUT_17312,1231.87
OUT_17313,198.76
OUT_17314,1128.5
OUT_17315,1351.34
OUT_17316,155.36
OUT_17317,374.12
OUT_17318,1264.46
OUT_17319,183.09
OUT_17320,376.72
OUT_17321,1227.76
OUT_17322,351.11
OUT_17323,328.32
OUT_17324,1208.75
OUT_17325,378.66
OUT_17326,2833.31
OUT_17327,176.66
OUT_17328,358.62
OUT_17329,1259.93
OUT_17330,183.39
OUT_17331,150.55
OUT_17332,172.34
OUT_17333,217.03
OUT_17334,1274.69
OUT_17335,194.86
OUT_17336,187.91
OUT_17337,174.94
OUT_17338,329.37
OUT_17339,344.9
OUT_17340,181.62
OUT_17341,156.8
OUT_17342,406.76
OUT_17343,365.43
OUT_17344,161.24
OUT_17345,1048.15
OUT_17346,195.04
OUT_17347,188.53
OUT_17348,1265.22
OUT_17349,190.39
OUT_17350,1235.88
OUT_17351,196.04
OUT_17352,174.03
OUT_17353,179.74
OUT_17354,1163.42
OUT_17355,138.93
OUT_17356,197.8
OUT_17357,216.02
OUT_17358,187.27
OUT_17359,149.87
OUT_17360,197.21
OUT_17361,179.41
OUT_17362,451.05
OUT_17363,206.83
OUT_17364,356.32
OUT_17365,173.54
OUT_17366,1496.16
OUT_17367,205.02
OUT_17368,176.03
OUT_17369,189.74
OUT_17370,209.55
OUT_17371,2791.44
OUT_17372,1449.51
OUT_17373,310.93
OUT_17374,1312.88
OUT_17375,174.06
OUT_17376,202.39
OUT_17377,145.37
OUT_17378,1089.05
OUT_17379,178.85
OUT_17380,180.83
OUT_17381,173.93
OUT_17382,166.47
OUT_17383,219.71
OUT_17384,142.3
OUT_17385,376.08
OUT_17386,354.37
OUT_17387,221.77
OUT_17388,194.88
OUT_17389,2656.31
OUT_17390,178.23
OUT_17391,176.26
OUT_17392,1392.65
OUT_17393,166.05
OUT_17394,340.41
OUT_17395,179.25
OUT_17396,397.69
OUT_17397,373.41
OUT_17398,184.07
OUT_17399,223.73
OUT_17400,344.5
OUT_17401,203.76
OUT_17402,329.92
OUT_17403,351.42
OUT_17404,408.81
OUT_17405,1219.97
OUT_17406,137.54
OUT_17407,193.55
OUT_17408,1470.69
OUT_17409,178.7
OUT_17410,182.15
OUT_17411,188.54
OUT_17412,179.45
OUT_17413,359.19
OUT_17414,364.79
OUT_17415,366.75
OUT_17416,1449.62
OUT_17417,159.51
OUT_17418,396.25
OUT_17419,379.11
OUT_17420,329.95
OUT_17421,211.16
OUT_17422,1163.93
OUT_17423,1424.97
OUT_17424,2590.1
OUT_17425,2800.07
OUT_17426,183.5
OUT_17427,209.85
OUT_17428,198.47
OUT_17429,214.57
OUT_17430,1365.65
OUT_17431,191.73
OUT_17432,335.45
OUT_17433,1221.02
OUT_17434,173.56
OUT_17435,1247.87
OUT_17436,1224.72
OUT_17437,2594.59
OUT_17438,195.39
OUT_17439,165.45
OUT_17440,1165.53
OUT_17441,241.94
OUT_17442,155.37
OUT_17443,321.13
OUT_17444,164.53
OUT_17445,166.23
OUT_17446,325.71
OUT_17447,1063.56
OUT_17448,203.11
OUT_17449,214.01
OUT_17450,318.46
OUT_17451,330.48
OUT_17452,227.32
OUT_17453,404.24
OUT_17454,213.52
OUT_17455,208.41
OUT_17456,182.81
OUT_17457,1181.93
OUT_17458,187.86
OUT_17459,1269.02
OUT_17460,330.74
OUT_17461,172.49
OUT_17462,176.76
OUT_17463,311.37
OUT_17464,338.16
OUT_17465,210.64
OUT_17466,205.02
OUT_17467,195.03
OUT_17468,392.27
OUT_17469,193.52
OUT_17470,197.52
OUT_17471,380.07
OUT_17472,228.73
OUT_17473,435.11
OUT_17474,1229.72
OUT_17475,210.68
OUT_17476,355.65
OUT_17477,1287.61
OUT_17478,1231.41
OUT_17479,189.91
OUT_17480,169.97
OUT_17481,194.54
OUT_17482,197.65
OUT_17483,381.63
OUT_17484,406.61
OUT_17485,201.22
OUT_17486,196.26
OUT_17487,179.1
OUT_17488,183.87
OUT_17489,204.06
OUT_17490,228.26
OUT_17491,344.07
OUT_17492,1479.08
OUT_17493,167.87
OUT_17494,1256.02
OUT_17495,1188.25
OUT_17496,188.38
OUT_17497,156.38
OUT_17498,198.56
OUT_17499,178.43
OUT_17500,423.9
OUT_17501,385.02
OUT_17502,357.28
OUT_17503,169.26
OUT_17504,141.04
OUT_17505,200.03
OUT_17506,1117.12
OUT_17507,164.6
OUT_17508,1223.01
OUT_17509,138.25
OUT_17510,161.67
OUT_17511,191.36
OUT_17512,203.5
OUT_17513,167.82
OUT_17514,171.14
OUT_17515,176.1
OUT_17516,367.34
OUT_17517,181.01
OUT_17518,169.44
OUT_17519,384.49
OUT_17520,293.64
OUT_17521,316.17
OUT_17522,1285.25
OUT_17523,190.23
OUT_17524,1233.04
OUT_17525,209.36
OUT_17526,355.87
OUT_17527,328.38
OUT_17528,347.29
OUT_17529,179.95
OUT_17530,1410.68
OUT_17531,196.56
OUT_17532,1236.07
OUT_17533,157.63
OUT_17534,189.08
OUT_17535,337.74
OUT_17536,182.96
OUT_17537,173.56
OUT_17538,386.42
OUT_17539,192.67
OUT_17540,1252.26
OUT_17541,186.3
OUT_17542,370.21
OUT_17543,169.29
OUT_17544,205.89
OUT_17545,182.27
OUT_17546,191.49
OUT_17547,143.07
OUT_17548,201.17
OUT_17549,2716.19
OUT_17550,280.93
OUT_17551,176.41
OUT_17552,217.38
OUT_17553,194.53
OUT_17554,341.47
OUT_17555,171.52
OUT_17556,359.86
OUT_17557,164.51
OUT_17558,164.52
OUT_17559,346.49
OUT_17560,172.93
OUT_17561,162.44
OUT_17562,186.36
OUT_17563,222.4
OUT_17564,193.24
OUT_17565,163.27
OUT_17566,390.42
OUT_17567,334.63
OUT_17568,360.84
OUT_17569,210.84
OUT_17570,213.72
OUT_17571,174.44
OUT_17572,354.64
OUT_17573,204.83
OUT_17574,1209.98
OUT_17575,167.32
OUT_17576,209.85
OUT_17577,368.7
OUT_17578,195.51
OUT_17579,275.93
OUT_17580,193.39
OUT_17581,1224.88
OUT_17582,171.95
OUT_17583,363.09
OUT_17584,1442.68
OUT_17585,1287.43
OUT_17586,195.24
OUT_17587,326.56
OUT_17588,165.85
OUT_17589,347.05
OUT_17590,190.28
OUT_17591,178.7
OUT_17592,160.57
OUT_17593,204.71
OUT_17594,197.43
OUT_17595,190.4
OUT_17596,1164.06
OUT_17597,194.1
OUT_17598,2595.4
OUT_17599,189.65
OUT_17600,193.85
OUT_17601,1134.18
OUT_17602,1070.98
OUT_17603,391.17
OUT_17604,1488.61
OUT_17605,300.45
OUT_17606,2549.73
OUT_17607,1177.52
OUT_17608,165.88
OUT_17609,185.2
OUT_17610,533.82
OUT_17611,204.19
OUT_17612,192.22
OUT_17613,336.37
OUT_17614,343.57
OUT_17615,354.28
OUT_17616,172.55
OUT_17617,204.12
OUT_17618,2541.39
OUT_17619,424.21
OUT_17620,168.56
OUT_17621,1164.01
OUT_17622,1249.48
OUT_17623,200.37
OUT_17624,344.21
OUT_17625,304.83
OUT_17626,182.64
OUT_17627,179.3
OUT_17628,157.29
OUT_17629,1474.62
OUT_17630,280.54
OUT_17631,154.57
OUT_17632,343.4
OUT_17633,189.53
OUT_17634,198.74
OUT_17635,213.56
OUT_17636,1437.9
OUT_17637,139.18
OUT_17638,174.59
OUT_17639,184.29
OUT_17640,273.2
OUT_17641,178.29
OUT_17642,172.26
OUT_17643,141.23
OUT_17644,175.0
OUT_17645,320.75
OUT_17646,1267.77
OUT_17647,171.93
OUT_17648,151.38
OUT_17649,187.95
OUT_17650,201.31
OUT_17651,1224.38
OUT_17652,2558.93
OUT_17653,363.94
OUT_17654,357.51
OUT_17655,185.92
OUT_17656,1251.11
OUT_17657,186.24
OUT_17658,181.48
OUT_17659,430.29
OUT_17660,1055.63
OUT_17661,1375.71
OUT_17662,1190.59
OUT_17663,208.75
OUT_17664,1408.25
OUT_17665,187.15
OUT_17666,190.37
OUT_17667,1203.73
OUT_17668,1262.4
OUT_17669,193.56
OUT_17670,196.89
OUT_17671,296.13
OUT_17672,190.87
OUT_17673,1251.18
OUT_17674,195.22
OUT_17675,341.01
OUT_17676,405.64
OUT_17677,1177.25
OUT_17678,279.58
OUT_17679,315.83
OUT_17680,219.57
OUT_17681,153.37
OUT_17682,195.76
OUT_17683,379.26
OUT_17684,170.25
OUT_17685,325.58
OUT_17686,201.4
OUT_17687,2661.88
OUT_17688,341.53
OUT_17689,192.98
OUT_17690,142.54
OUT_17691,178.76
OUT_17692,214.51
OUT_17693,184.78
OUT_17694,1303.94
OUT_17695,172.03
OUT_17696,398.23
OUT_17697,287.57
OUT_17698,2655.22
OUT_17699,375.99
OUT_17700,178.45
OUT_17701,180.15
OUT_17702,170.58
OUT_17703,325.69
OUT_17704,177.0
OUT_17705,176.26
OUT_17706,146.73
OUT_17707,1521.42
OUT_17708,184.08
OUT_17709,398.67
OUT_17710,163.87
OUT_17711,186.14
OUT_17712,181.15
OUT_17713,204.89
OUT_17714,186.68
OUT_17715,174.34
OUT_17716,178.07
OUT_17717,1044.86
OUT_17718,1227.33
OUT_17719,181.28
OUT_17720,410.8
OUT_17721,299.6
OUT_17722,190.82
OUT_17723,191.51
OUT_17724,179.87
OUT_17725,184.58
OUT_17726,2667.13
OUT_17727,375.42
OUT_17728,162.67
OUT_17729,339.41
OUT_17730,160.49
OUT_17731,192.62
OUT_17732,345.55
OUT_17733,184.39
OUT_17734,193.44
OUT_17735,348.41
OUT_17736,1204.64
OUT_17737,1165.52
OUT_17738,1177.91
OUT_17739,1246.68
OUT_17740,394.06
OUT_17741,364.05
OUT_17742,330.82
OUT_17743,188.12
OUT_17744,337.97
OUT_17745,152.49
OUT_17746,204.22
OUT_17747,186.18
OUT_17748,200.73
OUT_17749,193.58
OUT_17750,194.13
OUT_17751,179.37
OUT_17752,1185.44
OUT_17753,410.54
OUT_17754,2602.65
OUT_17755,383.39
OUT_17756,387.87
OUT_17757,212.83
OUT_17758,225.13
OUT_17759,141.68
OUT_17760,197.24
OUT_17761,1171.97
OUT_17762,291.89
OUT_17763,338.1
OUT_17764,352.47
OUT_17765,191.42
OUT_17766,203.05
OUT_17767,147.73
OUT_17768,207.33
OUT_17769,2635.32
OUT_17770,1438.59
OUT_17771,341.21
OUT_17772,178.0
OUT_17773,194.6
OUT_17774,200.3
OUT_17775,373.43
OUT_17776,1037.51
OUT_17777,348.25
OUT_17778,1198.41
OUT_17779,147.66
OUT_17780,302.77
OUT_17781,222.21
OUT_17782,352.46
OUT_17783,1577.56
OUT_17784,184.28
OUT_17785,220.44
OUT_17786,296.86
OUT_17787,203.62
OUT_17788,214.95
OUT_17789,197.12
OUT_17790,185.73
OUT_17791,1170.35
OUT_17792,354.67
OUT_17793,194.26
OUT_17794,181.81
OUT_17795,190.79
OUT_17796,181.53
OUT_17797,173.21
OUT_17798,197.97
OUT_17799,163.25
OUT_17800,1240.05
OUT_17801,314.94
OUT_17802,353.85
OUT_17803,206.26
OUT_17804,194.93
OUT_17805,2673.56
OUT_17806,161.04
OUT_17807,133.68
OUT_17808,288.57
OUT_17809,377.6
OUT_17810,182.73
OUT_17811,370.02
OUT_17812,166.38
OUT_17813,160.78
OUT_17814,171.36
OUT_17815,1244.73
OUT_17816,220.81
OUT_17817,178.18
OUT_17818,1223.7
OUT_17819,176.91
OUT_17820,1172.28
OUT_17821,182.02
OUT_17822,160.09
OUT_17823,206.2
OUT_17824,358.48
OUT_17825,209.99
OUT_17826,342.09
OUT_17827,1182.51
OUT_17828,186.62
OUT_17829,174.66
OUT_17830,1243.12
OUT_17831,1528.43
OUT_17832,191.92
OUT_17833,201.33
OUT_17834,322.2
OUT_17835,376.53
OUT_17836,2909.01
OUT_17837,201.37
OUT_17838,1203.61
OUT_17839,1210.12
OUT_17840,145.34
OUT_17841,195.02
OUT_17842,167.38
OUT_17843,2507.82
OUT_17844,291.76
OUT_17845,1240.93
OUT_17846,338.86
OUT_17847,350.38
OUT_17848,233.13
OUT_17849,353.59
OUT_17850,203.79
OUT_17851,378.67
OUT_17852,360.72
OUT_17853,306.88
OUT_17854,2713.28
OUT_17855,1479.49
OUT_17856,1494.91
OUT_17857,201.21
OUT_17858,344.03
OUT_17859,316.22
OUT_17860,169.93
OUT_17861,196.88
OUT_17862,185.3
OUT_17863,184.0
OUT_17864,197.86
OUT_17865,178.49
OUT_17866,183.12
OUT_17867,364.79
OUT_17868,218.69
OUT_17869,285.47
OUT_17870,189.41
OUT_17871,355.23
OUT_17872,194.25
OUT_17873,203.12
OUT_17874,225.88
OUT_17875,372.07
OUT_17876,328.45
OUT_17877,153.69
OUT_17878,343.96
OUT_17879,194.34
OUT_17880,2555.77
OUT_17881,201.56
OUT_17882,335.47
OUT_17883,361.96
OUT_17884,1256.48
OUT_17885,213.21
OUT_17886,348.85
OUT_17887,199.94
OUT_17888,160.02
OUT_17889,370.01
OUT_17890,172.94
OUT_17891,1510.94
OUT_17892,175.22
OUT_17893,209.47
OUT_17894,143.81
OUT_17895,187.29
OUT_17896,195.26
OUT_17897,164.41
OUT_17898,124.54
OUT_17899,342.39
OUT_17900,207.11
OUT_17901,173.57
OUT_17902,1152.02
OUT_17903,185.25
OUT_17904,188.18
OUT_17905,148.57
OUT_17906,1092.35
OUT_17907,363.9
OUT_17908,163.65
OUT_17909,147.1
OUT_17910,2680.74
OUT_17911,164.82
OUT_17912,318.24
OUT_17913,151.14
OUT_17914,195.51
OUT_17915,192.08
OUT_17916,170.43
OUT_17917,178.13
OUT_17918,1217.64
OUT_17919,186.55
OUT_17920,195.9
OUT_17921,159.17
OUT_17922,197.25
OUT_17923,2679.8
OUT_17924,190.61
OUT_17925,133.77
OUT_17926,341.88
OUT_17927,382.27
OUT_17928,200.67
OUT_17929,160.44
OUT_17930,195.13
OUT_17931,183.05
OUT_17932,205.43
OUT_17933,1164.19
OUT_17934,389.85
OUT_17935,342.41
OUT_17936,1224.53
OUT_17937,337.41
OUT_17938,175.26
OUT_17939,193.61
OUT_17940,176.6
OUT_17941,176.41
OUT_17942,201.16
OUT_17943,179.04
OUT_17944,1138.96
OUT_17945,174.81
OUT_17946,183.49
OUT_17947,1147.02
OUT_17948,186.01
OUT_17949,188.77
OUT_17950,202.61
OUT_17951,172.17
OUT_17952,171.26
OUT_17953,157.09
OUT_17954,180.95
OUT_17955,1141.72
OUT_17956,345.14
OUT_17957,336.93
OUT_17958,189.87
OUT_17959,192.21
OUT_17960,188.68
OUT_17961,179.7
OUT_17962,213.02
OUT_17963,341.2
OUT_17964,325.21
OUT_17965,176.44
OUT_17966,201.8
OUT_17967,1250.44
OUT_17968,183.81
OUT_17969,175.98
OUT_17970,172.11
OUT_17971,171.73
OUT_17972,377.19
OUT_17973,1101.29
OUT_17974,188.12
OUT_17975,1446.03
OUT_17976,194.13
OUT_17977,147.59
OUT_17978,190.69
OUT_17979,1094.31
OUT_17980,202.24
OUT_17981,180.84
OUT_17982,186.49
OUT_17983,2736.72
OUT_17984,141.1
OUT_17985,136.54
OUT_17986,1193.99
OUT_17987,1104.66
OUT_17988,1158.5
OUT_17989,2579.66
OUT_17990,220.62
OUT_17991,328.67
OUT_17992,176.56
OUT_17993,178.1
OUT_17994,347.72
OUT_17995,1087.01
OUT_17996,173.8
OUT_17997,174.33
OUT_17998,159.03
OUT_17999,193.07
OUT_18000,205.95
OUT_18001,183.22
OUT_18002,176.43
OUT_18003,156.86
OUT_18004,349.12
OUT_18005,166.43
OUT_18006,1433.14
OUT_18007,178.47
OUT_18008,194.38
OUT_18009,190.03
OUT_18010,224.08
OUT_18011,1181.58
OUT_18012,1232.66
OUT_18013,182.62
OUT_18014,206.12
OUT_18015,350.01
OUT_18016,169.59
OUT_18017,1302.49
OUT_18018,1072.83
OUT_18019,194.93
OUT_18020,338.13
OUT_18021,175.17
OUT_18022,2752.99
OUT_18023,2689.47
OUT_18024,190.5
OUT_18025,405.4
OUT_18026,346.67
OUT_18027,355.15
OUT_18028,412.79
OUT_18029,2611.44
OUT_18030,183.2
OUT_18031,364.68
OUT_18032,160.32
OUT_18033,337.2
OUT_18034,380.85
OUT_18035,1253.34
OUT_18036,1663.39
OUT_18037,181.94
OUT_18038,204.7
OUT_18039,149.43
OUT_18040,334.21
OUT_18041,213.18
OUT_18042,188.52
OUT_18043,214.15
OUT_18044,372.03
OUT_18045,377.12
OUT_18046,292.41
OUT_18047,209.51
OUT_18048,168.71
OUT_18049,184.54
OUT_18050,1559.92
OUT_18051,331.69
OUT_18052,201.64
OUT_18053,349.42
OUT_18054,173.61
OUT_18055,2561.21
OUT_18056,155.47
OUT_18057,213.57
OUT_18058,436.92
OUT_18059,160.51
OUT_18060,1077.37
OUT_18061,334.52
OUT_18062,319.22
OUT_18063,176.66
OUT_18064,150.81
OUT_18065,184.69
OUT_18066,121.11
OUT_18067,355.43
OUT_18068,377.4
OUT_18069,196.07
OUT_18070,161.0
OUT_18071,2680.37
OUT_18072,1181.71
OUT_18073,324.42
OUT_18074,206.69
OUT_18075,368.47
OUT_18076,184.21
OUT_18077,148.5
OUT_18078,395.78
OUT_18079,215.94
OUT_18080,121.86
OUT_18081,172.55
OUT_18082,181.86
OUT_18083,219.94
OUT_18084,177.28
OUT_18085,327.67
OUT_18086,1640.24
OUT_18087,340.69
OUT_18088,170.52
OUT_18089,180.21
OUT_18090,308.23
OUT_18091,381.74
OUT_18092,318.34
OUT_18093,282.14
OUT_18094,348.24
OUT_18095,396.18
OUT_18096,188.35
OUT_18097,186.35
OUT_18098,180.07
OUT_18099,1430.85
OUT_18100,376.58
OUT_18101,188.83
OUT_18102,387.34
OUT_18103,192.98
OUT_18104,630.95
OUT_18105,214.18
OUT_18106,418.98
OUT_18107,192.17
OUT_18108,340.07
OUT_18109,157.14
OUT_18110,1101.46
OUT_18111,166.3
OUT_18112,171.68
OUT_18113,191.13
OUT_18114,188.63
OUT_18115,157.35
OUT_18116,171.37
OUT_18117,367.72
OUT_18118,163.79
OUT_18119,144.41
OUT_18120,214.56
OUT_18121,191.71
OUT_18122,194.25
OUT_18123,358.85
OUT_18124,217.97
OUT_18125,2763.66
OUT_18126,204.41
OUT_18127,176.62
OUT_18128,2801.07
OUT_18129,203.31
OUT_18130,1184.37
OUT_18131,343.46
OUT_18132,188.9
OUT_18133,188.79
OUT_18134,191.48
OUT_18135,206.96
OUT_18136,272.61
OUT_18137,162.75
OUT_18138,198.04
OUT_18139,155.14
OUT_18140,207.84
OUT_18141,1194.71
OUT_18142,166.55
OUT_18143,140.19
OUT_18144,362.23
OUT_18145,390.97
OUT_18146,351.1
OUT_18147,195.71
OUT_18148,177.89
OUT_18149,1188.98
OUT_18150,1190.63
OUT_18151,185.05
OUT_18152,310.48
OUT_18153,346.93
OUT_18154,419.58
OUT_18155,340.48
OUT_18156,416.8
OUT_18157,1604.92
OUT_18158,1166.27
OUT_18159,138.07
OUT_18160,1211.26
OUT_18161,158.71
OUT_18162,185.33
OUT_18163,1034.42
OUT_18164,186.77
OUT_18165,170.32
OUT_18166,2628.68
OUT_18167,1258.21
OUT_18168,151.54
OUT_18169,205.77
OUT_18170,1190.31
OUT_18171,151.42
OUT_18172,1104.26
OUT_18173,344.75
OUT_18174,329.85
OUT_18175,350.21
OUT_18176,190.45
OUT_18177,152.8
OUT_18178,202.32
OUT_18179,376.53
OUT_18180,182.97
OUT_18181,153.6
OUT_18182,205.84
OUT_18183,353.76
OUT_18184,212.79
OUT_18185,441.42
OUT_18186,336.21
OUT_18187,1481.39
OUT_18188,202.6
OUT_18189,361.44
OUT_18190,220.36
OUT_18191,1096.36
OUT_18192,371.84
OUT_18193,175.71
OUT_18194,403.26
OUT_18195,359.15
OUT_18196,183.6
OUT_18197,203.22
OUT_18198,165.88
OUT_18199,219.05
OUT_18200,343.06
OUT_18201,202.46
OUT_18202,332.74
OUT_18203,1175.59
OUT_18204,350.39
OUT_18205,167.42
OUT_18206,197.95
OUT_18207,1169.75
OUT_18208,290.34
OUT_18209,2541.04
OUT_18210,1624.29
OUT_18211,334.36
OUT_18212,171.19
OUT_18213,211.67
OUT_18214,219.72
OUT_18215,313.43
OUT_18216,374.79
OUT_18217,366.29
OUT_18218,1193.95
OUT_18219,212.89
OUT_18220,1386.18
OUT_18221,346.46
OUT_18222,327.75
OUT_18223,1075.11
OUT_18224,358.15
OUT_18225,198.67
OUT_18226,1119.08
OUT_18227,414.4
OUT_18228,194.95
OUT_18229,213.99
OUT_18230,176.13
OUT_18231,189.66
OUT_18232,151.97
OUT_18233,145.83
OUT_18234,1168.98
OUT_18235,167.79
OUT_18236,181.42
OUT_18237,160.3
OUT_18238,209.7
OUT_18239,184.06
OUT_18240,1161.13
OUT_18241,2486.11
OUT_18242,1293.81
OUT_18243,200.02
OUT_18244,197.35
OUT_18245,397.46
OUT_18246,362.8
OUT_18247,204.53
OUT_18248,336.03
OUT_18249,357.64
OUT_18250,187.78
OUT_18251,176.42
OUT_18252,206.55
OUT_18253,180.49
OUT_18254,1196.68
OUT_18255,145.45
OUT_18256,203.64
OUT_18257,1103.61
OUT_18258,179.15
OUT_18259,183.53
OUT_18260,185.79
OUT_18261,177.22
OUT_18262,143.68
OUT_18263,1470.79
OUT_18264,1172.8
OUT_18265,338.82
OUT_18266,194.13
OUT_18267,1261.3
OUT_18268,160.44
OUT_18269,180.61
OUT_18270,173.65
OUT_18271,170.95
OUT_18272,129.82
OUT_18273,211.52
OUT_18274,410.66
OUT_18275,1519.66
OUT_18276,173.18
OUT_18277,177.14
OUT_18278,200.77
OUT_18279,2785.88
OUT_18280,158.05
OUT_18281,368.72
OUT_18282,157.18
OUT_18283,192.05
OUT_18284,187.18
OUT_18285,374.26
OUT_18286,1439.2
OUT_18287,315.26
OUT_18288,202.28
OUT_18289,370.93
OUT_18290,1440.87
OUT_18291,1102.02
OUT_18292,159.08
OUT_18293,1189.61
OUT_18294,171.27
OUT_18295,177.73
OUT_18296,1189.95
OUT_18297,406.73
OUT_18298,178.74
OUT_18299,317.78
OUT_18300,379.49
OUT_18301,197.72
OUT_18302,180.56
OUT_18303,192.85
OUT_18304,197.43
OUT_18305,1571.45
OUT_18306,354.94
OUT_18307,161.82
OUT_18308,310.61
OUT_18309,362.82
OUT_18310,385.46
OUT_18311,167.84
OUT_18312,209.61
OUT_18313,347.48
OUT_18314,1481.48
OUT_18315,115.7
OUT_18316,150.6
OUT_18317,357.68
OUT_18318,174.56
OUT_18319,321.72
OUT_18320,204.0
OUT_18321,1436.85
OUT_18322,366.84
OUT_18323,351.75
OUT_18324,360.48
OUT_18325,173.23
OUT_18326,170.55
OUT_18327,232.49
OUT_18328,169.73
OUT_18329,187.29
OUT_18330,1468.48
OUT_18331,1091.09
OUT_18332,178.48
OUT_18333,193.43
OUT_18334,1129.71
OUT_18335,362.06
OUT_18336,210.22
OUT_18337,1436.85
OUT_18338,2613.82
OUT_18339,363.71
OUT_18340,186.53
OUT_18341,379.82
OUT_18342,411.74
OUT_18343,402.77
OUT_18344,158.47
OUT_18345,197.52
OUT_18346,341.64
OUT_18347,210.31
OUT_18348,188.18
OUT_18349,190.87
OUT_18350,198.9
OUT_18351,191.12
OUT_18352,2873.59
OUT_18353,132.5
OUT_18354,403.0
OUT_18355,131.58
OUT_18356,178.01
OUT_18357,150.87
OUT_18358,1200.26
OUT_18359,177.4
OUT_18360,189.4
OUT_18361,333.36
OUT_18362,340.48
OUT_18363,339.23
OUT_18364,166.96
OUT_18365,337.23
OUT_18366,324.53
OUT_18367,186.19
OUT_18368,1293.54
OUT_18369,338.84
OUT_18370,165.65
OUT_18371,193.47
OUT_18372,177.01
OUT_18373,141.19
OUT_18374,176.73
OUT_18375,153.61
OUT_18376,190.82
OUT_18377,2466.65
OUT_18378,345.08
OUT_18379,187.08
OUT_18380,382.87
OUT_18381,161.13
OUT_18382,1156.66
OUT_18383,1566.63
OUT_18384,177.83
OUT_18385,171.89
OUT_18386,165.71
OUT_18387,1643.24
OUT_18388,155.15
OUT_18389,149.26
OUT_18390,184.59
OUT_18391,351.59
OUT_18392,1103.5
OUT_18393,225.67
OUT_18394,374.07
OUT_18395,202.24
OUT_18396,197.4
OUT_18397,167.13
OUT_18398,1286.19
OUT_18399,352.9
OUT_18400,214.93
OUT_18401,190.19
OUT_18402,172.47
OUT_18403,428.25
OUT_18404,233.26
OUT_18405,280.21
OUT_18406,186.02
OUT_18407,1215.59
OUT_18408,2694.92
OUT_18409,330.3
OUT_18410,556.71
OUT_18411,312.91
OUT_18412,208.92
OUT_18413,1249.07
OUT_18414,402.55
OUT_18415,158.39
OUT_18416,454.31
OUT_18417,177.04
OUT_18418,174.58
OUT_18419,179.97
OUT_18420,351.88
OUT_18421,326.61
OUT_18422,365.14
OUT_18423,184.51
OUT_18424,183.58
OUT_18425,334.02
OUT_18426,187.67
OUT_18427,381.37
OUT_18428,182.86
OUT_18429,326.85
OUT_18430,161.83
OUT_18431,380.28
OUT_18432,198.05
OUT_18433,166.76
OUT_18434,198.58
OUT_18435,202.68
OUT_18436,196.0
OUT_18437,172.65
OUT_18438,151.24
OUT_18439,414.53
OUT_18440,1597.36
OUT_18441,191.68
OUT_18442,158.9
OUT_18443,208.88
OUT_18444,328.69
OUT_18445,178.03
OUT_18446,368.59
OUT_18447,1292.09
OUT_18448,158.0
OUT_18449,335.05
OUT_18450,218.11
OUT_18451,173.22
OUT_18452,2592.88
OUT_18453,170.54
OUT_18454,1213.91
OUT_18455,188.14
OUT_18456,215.7
OUT_18457,186.86
OUT_18458,215.27
OUT_18459,351.04
OUT_18460,186.29
OUT_18461,345.11
OUT_18462,204.43
OUT_18463,194.3
OUT_18464,193.52
OUT_18465,183.67
OUT_18466,167.56
OUT_18467,170.13
OUT_18468,2728.11
OUT_18469,364.06
OUT_18470,171.33
OUT_18471,184.57
OUT_18472,158.5
OUT_18473,1016.22
OUT_18474,177.87
OUT_18475,201.0
OUT_18476,356.69
OUT_18477,2464.5
OUT_18478,154.33
OUT_18479,2841.0
OUT_18480,194.17
OUT_18481,1232.38
OUT_18482,306.88
OUT_18483,163.28
OUT_18484,179.51
OUT_18485,363.16
OUT_18486,1241.38
OUT_18487,188.13
OUT_18488,199.1
OUT_18489,191.15
OUT_18490,140.05
OUT_18491,1278.66
OUT_18492,213.29
OUT_18493,175.87
OUT_18494,164.48
OUT_18495,186.56
OUT_18496,221.36
OUT_18497,402.01
OUT_18498,167.99
OUT_18499,207.66
OUT_18500,195.69
OUT_18501,2673.73
OUT_18502,1240.55
OUT_18503,143.68
OUT_18504,1094.65
OUT_18505,339.85
OUT_18506,319.75
OUT_18507,1108.63
OUT_18508,338.11
OUT_18509,188.51
OUT_18510,187.35
OUT_18511,2480.63
OUT_18512,185.85
OUT_18513,165.17
OUT_18514,184.3
OUT_18515,223.43
OUT_18516,181.34
OUT_18517,190.16
OUT_18518,383.1
OUT_18519,224.48
OUT_18520,200.67
OUT_18521,417.84
OUT_18522,1222.4
OUT_18523,1242.51
OUT_18524,358.11
OUT_18525,156.94
OUT_18526,210.46
OUT_18527,429.36
OUT_18528,209.29
OUT_18529,196.88
OUT_18530,184.5
OUT_18531,326.2
OUT_18532,1177.92
OUT_18533,158.27
OUT_18534,186.61
OUT_18535,213.75
OUT_18536,175.1
OUT_18537,1393.68
OUT_18538,402.21
OUT_18539,347.97
OUT_18540,158.29
OUT_18541,312.36
OUT_18542,1208.18
OUT_18543,146.49
OUT_18544,183.35
OUT_18545,1201.47
OUT_18546,382.24
OUT_18547,332.47
OUT_18548,363.82
OUT_18549,337.89
OUT_18550,186.36
OUT_18551,145.76
OUT_18552,190.04
OUT_18553,212.52
OUT_18554,384.78
OUT_18555,339.36
OUT_18556,1182.82
OUT_18557,176.92
OUT_18558,135.11
OUT_18559,273.0
OUT_18560,205.23
OUT_18561,182.33
OUT_18562,399.34
OUT_18563,198.1
OUT_18564,158.69
OUT_18565,177.7
OUT_18566,189.71
OUT_18567,321.94
OUT_18568,170.55
OUT_18569,362.3
OUT_18570,189.71
OUT_18571,145.74
OUT_18572,1069.5
OUT_18573,395.45
OUT_18574,196.85
OUT_18575,368.35
OUT_18576,355.46
OUT_18577,323.16
OUT_18578,322.57
OUT_18579,272.94
OUT_18580,211.22
OUT_18581,341.63
OUT_18582,446.99
OUT_18583,175.64
OUT_18584,299.76
OUT_18585,171.02
OUT_18586,157.27
OUT_18587,348.79
OUT_18588,145.36
OUT_18589,1248.89
OUT_18590,161.31
OUT_18591,192.87
OUT_18592,183.04
OUT_18593,361.21
OUT_18594,159.61
OUT_18595,195.28
OUT_18596,201.4
OUT_18597,354.46
OUT_18598,206.48
OUT_18599,167.65
OUT_18600,194.77
OUT_18601,185.26
OUT_18602,364.73
OUT_18603,218.61
OUT_18604,1153.96
OUT_18605,234.17
OUT_18606,158.74
OUT_18607,1240.02
OUT_18608,332.02
OUT_18609,204.02
OUT_18610,205.08
OUT_18611,408.77
OUT_18612,216.44
OUT_18613,199.84
OUT_18614,1103.79
OUT_18615,174.56
OUT_18616,178.89
OUT_18617,354.79
OUT_18618,196.94
OUT_18619,294.51
OUT_18620,189.37
OUT_18621,196.05
OUT_18622,333.47
OUT_18623,1260.42
OUT_18624,164.24
OUT_18625,186.0
OUT_18626,341.39
OUT_18627,339.75
OUT_18628,339.03
OUT_18629,188.62
OUT_18630,1155.03
OUT_18631,1114.7
OUT_18632,354.74
OUT_18633,192.44
OUT_18634,169.66
OUT_18635,417.45
OUT_18636,359.96
OUT_18637,1575.79
OUT_18638,201.18
OUT_18639,172.51
OUT_18640,145.38
OUT_18641,372.62
OUT_18642,192.87
OUT_18643,204.66
OUT_18644,194.32
OUT_18645,177.1
OUT_18646,390.32
OUT_18647,412.61
OUT_18648,1182.99
OUT_18649,351.87
OUT_18650,184.17
OUT_18651,177.03
OUT_18652,371.0
OUT_18653,108.83
OUT_18654,190.81
OUT_18655,188.85
OUT_18656,202.12
OUT_18657,199.46
OUT_18658,253.43
OUT_18659,1218.25
OUT_18660,1123.17
OUT_18661,212.08
OUT_18662,380.08
OUT_18663,274.4
OUT_18664,205.72
OUT_18665,180.29
OUT_18666,191.05
OUT_18667,1092.8
OUT_18668,525.75
OUT_18669,330.7
OUT_18670,380.88
OUT_18671,2572.1
OUT_18672,218.12
OUT_18673,151.95
OUT_18674,1126.33
OUT_18675,1167.38
OUT_18676,327.62
OUT_18677,194.74
OUT_18678,326.79
OUT_18679,371.39
OUT_18680,418.23
OUT_18681,169.98
OUT_18682,2678.2
OUT_18683,167.57
OUT_18684,1217.74
OUT_18685,168.14
OUT_18686,182.1
OUT_18687,199.3
OUT_18688,363.97
OUT_18689,1223.92
OUT_18690,192.26
OUT_18691,175.67
OUT_18692,178.49
OUT_18693,368.58
OUT_18694,139.11
OUT_18695,158.17
OUT_18696,370.24
OUT_18697,174.55
OUT_18698,153.92
OUT_18699,166.61
OUT_18700,394.29
OUT_18701,1163.35
OUT_18702,379.38
OUT_18703,352.46
OUT_18704,175.5
OUT_18705,151.42
OUT_18706,177.66
OUT_18707,1241.81
OUT_18708,190.56
OUT_18709,203.7
OUT_18710,172.55
OUT_18711,182.9
OUT_18712,411.36
OUT_18713,179.85
OUT_18714,1153.98
OUT_18715,1340.06
OUT_18716,160.07
OUT_18717,193.78
OUT_18718,159.61
OUT_18719,345.9
OUT_18720,243.17
OUT_18721,172.12
OUT_18722,169.89
OUT_18723,244.65
OUT_18724,169.59
OUT_18725,146.35
OUT_18726,183.58
OUT_18727,386.1
OUT_18728,349.93
OUT_18729,406.96
OUT_18730,211.69
OUT_18731,181.19
OUT_18732,1580.09
OUT_18733,197.75
OUT_18734,190.12
OUT_18735,417.71
OUT_18736,349.22
OUT_18737,2581.63
OUT_18738,2615.26
OUT_18739,366.71
OUT_18740,1234.08
OUT_18741,334.81
OUT_18742,144.18
OUT_18743,176.61
OUT_18744,152.98
OUT_18745,1178.73
OUT_18746,139.2
OUT_18747,170.54
OUT_18748,359.74
OUT_18749,208.31
OUT_18750,152.2
OUT_18751,1047.37
OUT_18752,179.75
OUT_18753,208.21
OUT_18754,1186.91
OUT_18755,361.76
OUT_18756,173.37
OUT_18757,154.74
OUT_18758,183.69
OUT_18759,169.87
OUT_18760,173.92
OUT_18761,1691.92
OUT_18762,332.53
OUT_18763,169.28
OUT_18764,188.69
OUT_18765,244.92
OUT_18766,365.47
OUT_18767,1514.62
OUT_18768,1263.24
OUT_18769,203.06
OUT_18770,157.54
OUT_18771,184.41
OUT_18772,1230.48
OUT_18773,199.22
OUT_18774,381.84
OUT_18775,345.31
OUT_18776,187.11
OUT_18777,376.92
OUT_18778,177.72
OUT_18779,374.26
OUT_18780,176.47
OUT_18781,372.11
OUT_18782,373.21
OUT_18783,190.73
OUT_18784,205.6
OUT_18785,223.41
OUT_18786,156.09
OUT_18787,171.82
OUT_18788,2549.95
OUT_18789,336.65
OUT_18790,417.27
OUT_18791,1077.43
OUT_18792,219.78
OUT_18793,2720.45
OUT_18794,186.77
OUT_18795,356.13
OUT_18796,2595.48
OUT_18797,182.97
OUT_18798,182.5
OUT_18799,365.17
OUT_18800,307.96
OUT_18801,317.01
OUT_18802,2803.13
OUT_18803,178.27
OUT_18804,165.37
OUT_18805,2732.69
OUT_18806,188.27
OUT_18807,169.19
OUT_18808,145.83
OUT_18809,169.16
OUT_18810,193.53
OUT_18811,198.06
OUT_18812,174.97
OUT_18813,177.53
OUT_18814,384.57
OUT_18815,1121.43
OUT_18816,191.86
OUT_18817,169.85
OUT_18818,156.59
OUT_18819,1157.99
OUT_18820,204.23
OUT_18821,348.21
OUT_18822,181.26
OUT_18823,391.08
OUT_18824,199.14
OUT_18825,1114.7
OUT_18826,373.06
OUT_18827,2545.14
OUT_18828,164.56
OUT_18829,326.36
OUT_18830,209.51
OUT_18831,190.19
OUT_18832,397.32
OUT_18833,380.28
OUT_18834,163.43
OUT_18835,1223.37
OUT_18836,171.98
OUT_18837,177.69
OUT_18838,1215.48
OUT_18839,186.66
OUT_18840,288.74
OUT_18841,201.58
OUT_18842,172.22
OUT_18843,364.22
OUT_18844,2661.28
OUT_18845,183.19
OUT_18846,165.09
OUT_18847,184.68
OUT_18848,356.33
OUT_18849,197.92
OUT_18850,2629.78
OUT_18851,205.24
OUT_18852,1222.76
OUT_18853,369.73
OUT_18854,162.59
OUT_18855,1168.5
OUT_18856,175.56
OUT_18857,137.79
OUT_18858,1176.01
OUT_18859,181.75
OUT_18860,342.47
OUT_18861,180.22
OUT_18862,321.47
OUT_18863,1100.72
OUT_18864,321.19
OUT_18865,189.34
OUT_18866,1146.66
OUT_18867,382.77
OUT_18868,194.03
OUT_18869,190.98
OUT_18870,309.61
OUT_18871,205.76
OUT_18872,323.98
OUT_18873,334.45
OUT_18874,1084.48
OUT_18875,175.42
OUT_18876,393.91
OUT_18877,2530.29
OUT_18878,185.1
OUT_18879,171.48
OUT_18880,189.79
OUT_18881,161.31
OUT_18882,338.71
OUT_18883,337.79
OUT_18884,379.29
OUT_18885,1240.3
OUT_18886,211.6
OUT_18887,193.85
OUT_18888,347.22
OUT_18889,151.93
OUT_18890,356.7
OUT_18891,169.2
OUT_18892,393.13
OUT_18893,177.86
OUT_18894,320.51
OUT_18895,191.25
OUT_18896,1180.35
OUT_18897,402.72
OUT_18898,200.61
OUT_18899,132.36
OUT_18900,319.01
OUT_18901,210.47
OUT_18902,346.41
OUT_18903,1142.98
OUT_18904,388.09
OUT_18905,409.98
OUT_18906,170.28
OUT_18907,195.8
OUT_18908,195.72
OUT_18909,1132.92
OUT_18910,289.88
OUT_18911,1279.45
OUT_18912,1422.26
OUT_18913,1085.05
OUT_18914,405.21
OUT_18915,387.17
OUT_18916,183.46
OUT_18917,178.66
OUT_18918,187.18
OUT_18919,1218.16
OUT_18920,206.37
OUT_18921,394.94
OUT_18922,327.03
OUT_18923,145.32
OUT_18924,338.48
OUT_18925,390.17
OUT_18926,190.43
OUT_18927,213.97
OUT_18928,205.49
OUT_18929,352.81
OUT_18930,1239.93
OUT_18931,205.14
OUT_18932,184.49
OUT_18933,347.39
OUT_18934,2540.45
OUT_18935,183.94
OUT_18936,175.41
OUT_18937,147.46
OUT_18938,277.03
OUT_18939,1185.87
OUT_18940,167.94
OUT_18941,1163.02
OUT_18942,437.24
OUT_18943,180.58
OUT_18944,278.94
OUT_18945,369.37
OUT_18946,174.73
OUT_18947,190.77
OUT_18948,384.27
OUT_18949,199.74
OUT_18950,1071.8
OUT_18951,331.75
OUT_18952,358.45
OUT_18953,188.53
OUT_18954,176.07
OUT_18955,205.6
OUT_18956,1274.31
OUT_18957,186.09
OUT_18958,1203.87
OUT_18959,185.92
OUT_18960,215.67
OUT_18961,174.25
OUT_18962,352.63
OUT_18963,186.24
OUT_18964,197.89
OUT_18965,266.54
OUT_18966,291.19
OUT_18967,187.83
OUT_18968,342.47
OUT_18969,154.38
OUT_18970,377.33
OUT_18971,160.63
OUT_18972,280.14
OUT_18973,333.46
OUT_18974,203.18
OUT_18975,387.0
OUT_18976,199.78
OUT_18977,203.79
OUT_18978,197.68
OUT_18979,353.52
OUT_18980,170.64
OUT_18981,174.15
OUT_18982,1266.55
OUT_18983,1150.43
OUT_18984,198.09
OUT_18985,2524.12
OUT_18986,1175.67
OUT_18987,189.04
OUT_18988,351.4
OUT_18989,179.28
OUT_18990,146.09
OUT_18991,164.35
OUT_18992,1207.53
OUT_18993,199.42
OUT_18994,396.19
OUT_18995,4789.56
OUT_18996,328.85
OUT_18997,212.13
OUT_18998,1178.81
OUT_18999,178.43
OUT_19000,174.96
OUT_19001,165.4
OUT_19002,345.65
OUT_19003,188.28
OUT_19004,1261.1
OUT_19005,173.91
OUT_19006,332.91
OUT_19007,193.16
OUT_19008,151.82
OUT_19009,176.88
OUT_19010,144.3
OUT_19011,179.66
OUT_19012,2549.73
OUT_19013,395.19
OUT_19014,162.69
OUT_19015,201.37
OUT_19016,185.74
OUT_19017,197.31
OUT_19018,1620.37
OUT_19019,180.4
OUT_19020,151.19
OUT_19021,192.67
OUT_19022,222.38
OUT_19023,389.01
OUT_19024,2587.41
OUT_19025,1263.14
OUT_19026,348.47
OUT_19027,294.54
OUT_19028,1163.75
OUT_19029,338.26
OUT_19030,2507.45
OUT_19031,170.32
OUT_19032,172.33
OUT_19033,411.34
OUT_19034,314.36
OUT_19035,186.34
OUT_19036,161.4
OUT_19037,178.53
OUT_19038,1289.47
OUT_19039,2740.54
OUT_19040,2638.11
OUT_19041,360.33
OUT_19042,415.59
OUT_19043,1187.46
OUT_19044,339.57
OUT_19045,1136.8
OUT_19046,427.64
OUT_19047,190.01
OUT_19048,177.53
OUT_19049,1202.74
OUT_19050,316.87
OUT_19051,1173.93
OUT_19052,346.3
OUT_19053,173.47
OUT_19054,338.07
OUT_19055,169.71
OUT_19056,186.55
OUT_19057,193.49
OUT_19058,410.53
OUT_19059,155.9
OUT_19060,288.4
OUT_19061,291.45
OUT_19062,366.96
OUT_19063,379.26
OUT_19064,418.31
OUT_19065,182.13
OUT_19066,171.6
OUT_19067,212.81
OUT_19068,2479.85
OUT_19069,298.54
OUT_19070,206.38
OUT_19071,183.73
OUT_19072,431.53
OUT_19073,275.98
OUT_19074,179.23
OUT_19075,1241.48
OUT_19076,320.96
OUT_19077,192.33
OUT_19078,227.03
OUT_19079,184.39
OUT_19080,198.58
OUT_19081,173.89
OUT_19082,155.61
OUT_19083,172.8
OUT_19084,181.7
OUT_19085,332.47
OUT_19086,134.69
OUT_19087,174.52
OUT_19088,221.52
OUT_19089,330.11
OUT_19090,380.43
OUT_19091,2573.61
OUT_19092,1139.01
OUT_19093,212.91
OUT_19094,1190.3
OUT_19095,214.2
OUT_19096,149.86
OUT_19097,181.2
OUT_19098,145.13
OUT_19099,176.86
OUT_19100,356.26
OUT_19101,191.59
OUT_19102,157.82
OUT_19103,294.51
OUT_19104,324.26
OUT_19105,299.29
OUT_19106,175.52
OUT_19107,168.88
OUT_19108,159.0
OUT_19109,171.42
OUT_19110,366.49
OUT_19111,203.32
OUT_19112,179.91
OUT_19113,210.31
OUT_19114,397.73
OUT_19115,1188.33
OUT_19116,375.59
OUT_19117,197.0
OUT_19118,163.29
OUT_19119,404.6
OUT_19120,391.67
OUT_19121,2686.59
OUT_19122,343.42
OUT_19123,189.2
OUT_19124,160.24
OUT_19125,1215.37
OUT_19126,2466.3
OUT_19127,177.91
OUT_19128,159.85
OUT_19129,358.19
OUT_19130,298.83
OUT_19131,326.58
OUT_19132,392.66
OUT_19133,1247.67
OUT_19134,363.75
OUT_19135,438.02
OUT_19136,160.35
OUT_19137,354.78
OUT_19138,163.12
OUT_19139,426.82
OUT_19140,191.77
OUT_19141,187.87
OUT_19142,1297.26
OUT_19143,195.72
OUT_19144,194.62
OUT_19145,219.57
OUT_19146,335.85
OUT_19147,174.67
OUT_19148,172.71
OUT_19149,138.12
OUT_19150,167.75
OUT_19151,2651.94
OUT_19152,362.63
OUT_19153,322.67
OUT_19154,1130.05
OUT_19155,190.73
OUT_19156,189.1
OUT_19157,166.82
OUT_19158,190.44
OUT_19159,1155.86
OUT_19160,448.98
OUT_19161,348.07
OUT_19162,164.62
OUT_19163,376.91
OUT_19164,297.16
OUT_19165,181.1
OUT_19166,196.86
OUT_19167,326.13
OUT_19168,177.65
OUT_19169,340.3
OUT_19170,180.46
OUT_19171,168.96
OUT_19172,194.98
OUT_19173,191.05
OUT_19174,211.99
OUT_19175,204.64
OUT_19176,347.89
OUT_19177,1180.44
OUT_19178,199.98
OUT_19179,175.25
OUT_19180,168.89
OUT_19181,183.41
OUT_19182,322.7
OUT_19183,168.02
OUT_19184,140.05
OUT_19185,417.2
OUT_19186,1197.29
OUT_19187,2582.11
OUT_19188,199.12
OUT_19189,168.04
OUT_19190,324.8
OUT_19191,150.03
OUT_19192,208.09
OUT_19193,220.09
OUT_19194,378.97
OUT_19195,343.76
OUT_19196,330.76
OUT_19197,196.02
OUT_19198,208.25
OUT_19199,157.25
OUT_19200,183.56
OUT_19201,2556.03
OUT_19202,185.51
OUT_19203,158.26
OUT_19204,1525.9
OUT_19205,187.05
OUT_19206,381.05
OUT_19207,323.0
OUT_19208,366.2
OUT_19209,301.78
OUT_19210,334.06
OUT_19211,1122.98
OUT_19212,185.38
OUT_19213,174.92
OUT_19214,1146.79
OUT_19215,169.59
OUT_19216,336.3
OUT_19217,340.83
OUT_19218,176.11
OUT_19219,198.22
OUT_19220,176.67
OUT_19221,172.32
OUT_19222,186.23
OUT_19223,175.89
OUT_19224,153.48
OUT_19225,388.93
OUT_19226,208.02
OUT_19227,413.88
OUT_19228,184.08
OUT_19229,349.97
OUT_19230,1140.9
OUT_19231,172.76
OUT_19232,321.07
OUT_19233,301.88
OUT_19234,193.48
OUT_19235,1271.07
OUT_19236,369.72
OUT_19237,185.81
OUT_19238,151.41
OUT_19239,178.71
OUT_19240,417.53
OUT_19241,197.06
OUT_19242,197.16
OUT_19243,315.11
OUT_19244,373.11
OUT_19245,206.05
OUT_19246,310.65
OUT_19247,194.54
OUT_19248,343.45
OUT_19249,347.71
OUT_19250,180.47
OUT_19251,187.19
OUT_19252,1078.66
OUT_19253,337.25
OUT_19254,117.09
OUT_19255,323.21
OUT_19256,148.7
OUT_19257,306.95
OUT_19258,2577.75
OUT_19259,134.27
OUT_19260,161.11
OUT_19261,333.53
OUT_19262,190.55
OUT_19263,345.25
OUT_19264,138.55
OUT_19265,340.11
OUT_19266,321.16
OUT_19267,161.58
OUT_19268,340.24
OUT_19269,158.13
OUT_19270,193.11
OUT_19271,368.54
OUT_19272,173.16
OUT_19273,1226.74
OUT_19274,190.4
OUT_19275,2698.53
OUT_19276,199.78
OUT_19277,176.96
OUT_19278,1137.44
OUT_19279,195.24
OUT_19280,195.52
OUT_19281,195.29
OUT_19282,1200.72
OUT_19283,344.86
OUT_19284,1198.65
OUT_19285,553.51
OUT_19286,177.34
OUT_19287,223.92
OUT_19288,146.28
OUT_19289,372.7
OUT_19290,203.51
OUT_19291,1520.04
OUT_19292,190.95
OUT_19293,181.05
OUT_19294,375.81
OUT_19295,383.09
OUT_19296,354.33
OUT_19297,167.27
OUT_19298,1198.84
OUT_19299,173.25
OUT_19300,1263.61
OUT_19301,192.65
OUT_19302,180.37
OUT_19303,2535.66
OUT_19304,168.74
OUT_19305,169.21
OUT_19306,178.54
OUT_19307,2696.09
OUT_19308,1114.56
OUT_19309,184.75
OUT_19310,2648.89
OUT_19311,2477.63
OUT_19312,2493.09
OUT_19313,197.49
OUT_19314,166.77
OUT_19315,138.37
OUT_19316,375.6
OUT_19317,163.09
OUT_19318,1379.59
OUT_19319,363.44
OUT_19320,1192.09
OUT_19321,189.74
OUT_19322,170.68
OUT_19323,1194.12
OUT_19324,361.13
OUT_19325,1107.81
OUT_19326,185.03
OUT_19327,195.77
OUT_19328,167.21
OUT_19329,194.4
OUT_19330,186.56
OUT_19331,334.94
OUT_19332,1491.47
OUT_19333,1119.36
OUT_19334,173.87
OUT_19335,189.89
OUT_19336,176.4
OUT_19337,147.05
OUT_19338,169.79
OUT_19339,1130.26
OUT_19340,170.09
OUT_19341,1159.15
OUT_19342,1256.68
OUT_19343,173.66
OUT_19344,1169.48
OUT_19345,424.69
OUT_19346,196.67
OUT_19347,218.35
OUT_19348,2799.97
OUT_19349,326.94
OUT_19350,1180.2
OUT_19351,160.86
OUT_19352,174.64
OUT_19353,339.18
OUT_19354,176.22
OUT_19355,1225.65
OUT_19356,1055.48
OUT_19357,1269.83
OUT_19358,351.9
OUT_19359,178.28
OUT_19360,1235.16
OUT_19361,179.44
OUT_19362,344.26
OUT_19363,307.08
OUT_19364,198.01
OUT_19365,2815.75
OUT_19366,2664.49
OUT_19367,367.85
OUT_19368,1592.83
OUT_19369,140.57
OUT_19370,169.56
OUT_19371,189.31
OUT_19372,350.0
OUT_19373,151.45
OUT_19374,197.94
OUT_19375,182.78
OUT_19376,162.69
OUT_19377,181.9
OUT_19378,169.22
OUT_19379,176.99
OUT_19380,171.67
OUT_19381,315.51
OUT_19382,1098.21
OUT_19383,296.13
OUT_19384,216.75
OUT_19385,185.81
OUT_19386,199.41
OUT_19387,183.0
OUT_19388,339.71
OUT_19389,186.94
OUT_19390,194.63
OUT_19391,186.1
OUT_19392,174.13
OUT_19393,377.16
OUT_19394,357.14
OUT_19395,221.39
OUT_19396,188.07
OUT_19397,1175.92
OUT_19398,198.19
OUT_19399,193.59
OUT_19400,187.94
OUT_19401,1142.65
OUT_19402,206.62
OUT_19403,326.2
OUT_19404,183.94
OUT_19405,1162.14
OUT_19406,190.72
OUT_19407,1159.96
OUT_19408,168.16
OUT_19409,339.75
OUT_19410,186.05
OUT_19411,182.8
OUT_19412,188.02
OUT_19413,186.83
OUT_19414,187.4
OUT_19415,327.37
OUT_19416,1193.01
OUT_19417,1247.08
OUT_19418,379.1
OUT_19419,208.49
OUT_19420,330.01
OUT_19421,220.87
OUT_19422,166.42
OUT_19423,339.58
OUT_19424,206.92
OUT_19425,353.02
OUT_19426,196.27
OUT_19427,200.85
OUT_19428,190.55
OUT_19429,155.08
OUT_19430,210.85
OUT_19431,342.89
OUT_19432,186.91
OUT_19433,202.39
OUT_19434,2649.47
OUT_19435,190.5
OUT_19436,338.98
OUT_19437,393.86
OUT_19438,162.03
OUT_19439,162.22
OUT_19440,367.89
OUT_19441,199.59
OUT_19442,146.05
OUT_19443,311.33
OUT_19444,184.65
OUT_19445,335.03
OUT_19446,179.03
OUT_19447,200.54
OUT_19448,208.02
OUT_19449,1175.2
OUT_19450,189.35
OUT_19451,404.04
OUT_19452,363.79
OUT_19453,182.1
OUT_19454,193.74
OUT_19455,181.89
OUT_19456,183.94
OUT_19457,173.03
OUT_19458,386.29
OUT_19459,370.91
OUT_19460,283.35
OUT_19461,155.0
OUT_19462,1246.76
OUT_19463,1380.53
OUT_19464,215.68
OUT_19465,194.45
OUT_19466,179.06
OUT_19467,339.47
OUT_19468,209.51
OUT_19469,206.79
OUT_19470,215.14
OUT_19471,284.66
OUT_19472,330.27
OUT_19473,1541.79
OUT_19474,153.25
OUT_19475,169.96
OUT_19476,384.07
OUT_19477,176.8
OUT_19478,393.11
OUT_19479,176.06
OUT_19480,208.19
OUT_19481,361.09
OUT_19482,348.35
OUT_19483,174.72
OUT_19484,180.65
OUT_19485,196.17
OUT_19486,161.33
OUT_19487,340.36
OUT_19488,164.51
OUT_19489,176.53
OUT_19490,181.52
OUT_19491,195.8
OUT_19492,283.08
OUT_19493,1236.02
OUT_19494,172.1
OUT_19495,1133.04
OUT_19496,168.22
OUT_19497,173.19
OUT_19498,182.45
OUT_19499,224.2
OUT_19500,207.23
OUT_19501,180.59
OUT_19502,1110.76
OUT_19503,198.28
OUT_19504,194.67
OUT_19505,175.56
OUT_19506,266.24
OUT_19507,167.62
OUT_19508,205.59
OUT_19509,372.32
OUT_19510,180.82
OUT_19511,364.34
OUT_19512,434.12
OUT_19513,387.69
OUT_19514,1115.62
OUT_19515,189.51
OUT_19516,187.83
OUT_19517,150.19
OUT_19518,203.91
OUT_19519,1207.98
OUT_19520,200.42
OUT_19521,1166.98
OUT_19522,185.92
OUT_19523,170.56
OUT_19524,191.83
OUT_19525,220.41
OUT_19526,189.55
OUT_19527,209.39
OUT_19528,177.02
OUT_19529,164.23
OUT_19530,178.91
OUT_19531,343.37
OUT_19532,169.69
OUT_19533,163.37
OUT_19534,187.86
OUT_19535,1193.0
OUT_19536,213.92
OUT_19537,1264.83
OUT_19538,365.54
OUT_19539,376.91
OUT_19540,337.23
OUT_19541,310.76
OUT_19542,182.24
OUT_19543,177.23
OUT_19544,1266.6
OUT_19545,182.89
OUT_19546,353.79
OUT_19547,336.35
OUT_19548,2743.05
OUT_19549,365.01
OUT_19550,339.49
OUT_19551,404.44
OUT_19552,1169.27
OUT_19553,186.62
OUT_19554,1209.2
OUT_19555,172.69
OUT_19556,1191.01
OUT_19557,167.54
OUT_19558,193.19
OUT_19559,175.61
OUT_19560,1198.31
OUT_19561,271.0
OUT_19562,378.69
OUT_19563,183.35
OUT_19564,214.76
OUT_19565,370.76
OUT_19566,188.33
OUT_19567,196.43
OUT_19568,383.29
OUT_19569,174.49
OUT_19570,1206.37
OUT_19571,374.75
OUT_19572,247.19
OUT_19573,168.69
OUT_19574,2810.62
OUT_19575,168.25
OUT_19576,441.74
OUT_19577,324.33
OUT_19578,180.29
OUT_19579,157.1
OUT_19580,147.86
OUT_19581,175.43
OUT_19582,202.94
OUT_19583,309.6
OUT_19584,371.22
OUT_19585,333.97
OUT_19586,179.09
OUT_19587,1214.37
OUT_19588,2656.07
OUT_19589,345.64
OUT_19590,330.6
OUT_19591,182.38
OUT_19592,323.76
OUT_19593,296.92
OUT_19594,298.77
OUT_19595,2492.53
OUT_19596,176.96
OUT_19597,364.37
OUT_19598,165.92
OUT_19599,1305.63
OUT_19600,380.1
OUT_19601,180.56
OUT_19602,1388.38
OUT_19603,190.64
OUT_19604,189.14
OUT_19605,1168.53
OUT_19606,195.0
OUT_19607,146.13
OUT_19608,190.25
OUT_19609,203.94
OUT_19610,199.06
OUT_19611,408.44
OUT_19612,187.31
OUT_19613,1178.96
OUT_19614,1198.37
OUT_19615,1080.81
OUT_19616,190.63
OUT_19617,351.5
OUT_19618,160.76
OUT_19619,178.26
OUT_19620,200.99
OUT_19621,202.65
OUT_19622,157.79
OUT_19623,326.57
OUT_19624,195.68
OUT_19625,1065.1
OUT_19626,196.29
OUT_19627,325.32
OUT_19628,1291.62
OUT_19629,399.87
OUT_19630,167.31
OUT_19631,177.59
OUT_19632,347.62
OUT_19633,295.65
OUT_19634,2781.99
OUT_19635,184.7
OUT_19636,1177.13
OUT_19637,2741.66
OUT_19638,171.64
OUT_19639,211.53
OUT_19640,144.34
OUT_19641,1445.47
OUT_19642,345.19
OUT_19643,346.2
OUT_19644,1130.14
OUT_19645,166.05
OUT_19646,2588.54
OUT_19647,187.25
OUT_19648,2640.72
OUT_19649,180.7
OUT_19650,180.0
OUT_19651,157.85
OUT_19652,1438.51
OUT_19653,388.5
OUT_19654,342.68
OUT_19655,188.79
OUT_19656,323.64
OUT_19657,317.64
OUT_19658,236.55
OUT_19659,197.7
OUT_19660,1220.1
OUT_19661,1512.81
OUT_19662,189.18
OUT_19663,184.13
OUT_19664,171.87
OUT_19665,330.41
OUT_19666,1156.46
OUT_19667,173.61
OUT_19668,333.89
OUT_19669,266.59
OUT_19670,376.43
OUT_19671,383.33
OUT_19672,1215.9
OUT_19673,227.15
OUT_19674,402.31
OUT_19675,350.38
OUT_19676,386.68
OUT_19677,367.28
OUT_19678,382.15
OUT_19679,167.47
OUT_19680,320.0
OUT_19681,385.0
OUT_19682,190.04
OUT_19683,164.42
OUT_19684,385.06
OUT_19685,152.59
OUT_19686,164.93
OUT_19687,366.1
OUT_19688,165.38
OUT_19689,201.22
OUT_19690,199.07
OUT_19691,1209.35
OUT_19692,182.94
OUT_19693,193.07
OUT_19694,180.57
OUT_19695,354.52
OUT_19696,1156.73
OUT_19697,392.52
OUT_19698,184.14
OUT_19699,162.96
OUT_19700,190.22
OUT_19701,184.04
OUT_19702,184.47
OUT_19703,1131.34
OUT_19704,395.11
OUT_19705,200.11
OUT_19706,175.27
OUT_19707,195.18
OUT_19708,310.92
OUT_19709,1241.1
OUT_19710,195.49
OUT_19711,186.92
OUT_19712,172.36
OUT_19713,178.27
OUT_19714,168.18
OUT_19715,430.06
OUT_19716,308.5
OUT_19717,197.03
OUT_19718,175.13
OUT_19719,219.12
OUT_19720,171.28
OUT_19721,176.75
OUT_19722,173.45
OUT_19723,178.36
OUT_19724,187.19
OUT_19725,383.4
OUT_19726,199.61
OUT_19727,197.04
OUT_19728,1239.17
OUT_19729,1191.8
OUT_19730,1272.43
OUT_19731,207.38
OUT_19732,180.01
OUT_19733,216.21
OUT_19734,341.55
OUT_19735,173.2
OUT_19736,199.67
OUT_19737,168.85
OUT_19738,322.64
OUT_19739,157.22
OUT_19740,194.73
OUT_19741,177.71
OUT_19742,428.07
OUT_19743,1204.12
OUT_19744,1182.24
OUT_19745,354.17
OUT_19746,147.86
OUT_19747,162.23
OUT_19748,193.06
OUT_19749,164.54
OUT_19750,415.9
OUT_19751,189.65
OUT_19752,195.36
OUT_19753,362.67
OUT_19754,182.27
OUT_19755,1146.22
OUT_19756,412.44
OUT_19757,1210.98
OUT_19758,369.74
OUT_19759,204.65
OUT_19760,167.49
OUT_19761,409.24
OUT_19762,166.17
OUT_19763,166.24
OUT_19764,164.77
OUT_19765,178.28
OUT_19766,166.97
OUT_19767,190.39
OUT_19768,197.1
OUT_19769,2503.61
OUT_19770,194.66
OUT_19771,197.35
OUT_19772,1282.6
OUT_19773,194.71
OUT_19774,1207.57
OUT_19775,184.8
OUT_19776,375.53
OUT_19777,361.25
OUT_19778,152.78
OUT_19779,184.29
OUT_19780,394.46
OUT_19781,182.81
OUT_19782,176.46
OUT_19783,129.4
OUT_19784,179.25
OUT_19785,338.42
OUT_19786,394.5
OUT_19787,350.47
OUT_19788,1249.75
OUT_19789,206.18
OUT_19790,198.03
OUT_19791,217.83
OUT_19792,181.34
OUT_19793,193.09
OUT_19794,363.01
OUT_19795,191.77
OUT_19796,159.4
OUT_19797,189.19
OUT_19798,179.82
OUT_19799,179.78
OUT_19800,411.26
OUT_19801,382.18
OUT_19802,2650.37
OUT_19803,1256.36
OUT_19804,341.95
OUT_19805,1087.02
OUT_19806,1427.56
OUT_19807,166.2
OUT_19808,1083.41
OUT_19809,353.28
OUT_19810,332.32
OUT_19811,198.92
OUT_19812,217.08
OUT_19813,210.43
OUT_19814,183.25
OUT_19815,185.25
OUT_19816,155.28
OUT_19817,1273.98
OUT_19818,153.49
OUT_19819,165.96
OUT_19820,179.36
OUT_19821,357.48
OUT_19822,193.84
OUT_19823,280.81
OUT_19824,146.7
OUT_19825,215.46
OUT_19826,391.61
OUT_19827,2481.94
OUT_19828,1160.36
OUT_19829,189.29
OUT_19830,355.39
OUT_19831,308.89
OUT_19832,191.17
OUT_19833,305.58
OUT_19834,334.25
OUT_19835,181.33
OUT_19836,145.71
OUT_19837,1582.15
OUT_19838,160.6
OUT_19839,166.65
OUT_19840,217.83
OUT_19841,196.65
OUT_19842,330.33
OUT_19843,322.79
OUT_19844,203.96
OUT_19845,139.46
OUT_19846,201.9
OUT_19847,207.76
OUT_19848,227.47
OUT_19849,167.95
OUT_19850,2747.67
OUT_19851,155.26
OUT_19852,2747.06
OUT_19853,396.61
OUT_19854,187.74
OUT_19855,204.99
OUT_19856,1138.25
OUT_19857,146.86
OUT_19858,167.4
OUT_19859,1184.01
OUT_19860,197.62
OUT_19861,158.23
OUT_19862,186.05
OUT_19863,381.76
OUT_19864,194.58
OUT_19865,2672.68
OUT_19866,190.79
OUT_19867,354.65
OUT_19868,176.93
OUT_19869,195.28
OUT_19870,196.67
OUT_19871,361.04
OUT_19872,161.06
OUT_19873,216.31
OUT_19874,357.16
OUT_19875,377.68
OUT_19876,413.26
OUT_19877,303.18
OUT_19878,359.28
OUT_19879,138.15
OUT_19880,171.86
OUT_19881,147.92
OUT_19882,162.5
OUT_19883,186.59
OUT_19884,206.78
OUT_19885,294.73
OUT_19886,154.68
OUT_19887,340.96
OUT_19888,192.64
OUT_19889,162.19
OUT_19890,167.64
OUT_19891,178.31
OUT_19892,370.21
OUT_19893,330.23
OUT_19894,1197.83
OUT_19895,167.4
OUT_19896,1604.77
OUT_19897,178.46
OUT_19898,1140.12
OUT_19899,391.63
OUT_19900,177.77
OUT_19901,184.08
OUT_19902,196.11
OUT_19903,196.69
OUT_19904,218.49
OUT_19905,185.06
OUT_19906,232.22
OUT_19907,340.6
OUT_19908,164.94
OUT_19909,155.85
OUT_19910,120.07
OUT_19911,184.77
OUT_19912,1257.84
OUT_19913,177.92
OUT_19914,162.2
OUT_19915,199.83
OUT_19916,165.2
OUT_19917,178.13
OUT_19918,176.93
OUT_19919,212.52
OUT_19920,203.2
OUT_19921,381.14
OUT_19922,202.73
OUT_19923,408.43
OUT_19924,201.89
OUT_19925,341.66
OUT_19926,147.77
OUT_19927,171.87
OUT_19928,363.66
OUT_19929,354.23
OUT_19930,177.5
OUT_19931,393.81
OUT_19932,200.64
OUT_19933,213.68
OUT_19934,1225.48
OUT_19935,1087.91
OUT_19936,175.18
OUT_19937,351.42
OUT_19938,153.66
OUT_19939,174.8
OUT_19940,1219.93
OUT_19941,1215.02
OUT_19942,168.14
OUT_19943,1194.93
OUT_19944,176.29
OUT_19945,200.57
OUT_19946,181.06
OUT_19947,1136.12
OUT_19948,211.91
OUT_19949,158.8
OUT_19950,156.22
OUT_19951,1214.91
OUT_19952,174.08
OUT_19953,352.88
OUT_19954,1155.48
OUT_19955,172.8
OUT_19956,177.57
OUT_19957,1076.63
OUT_19958,165.14
OUT_19959,1220.86
OUT_19960,1244.34
OUT_19961,208.45
OUT_19962,353.54
OUT_19963,167.52
OUT_19964,346.77
OUT_19965,341.37
OUT_19966,177.34
OUT_19967,159.17
OUT_19968,173.25
OUT_19969,151.74
OUT_19970,369.9
OUT_19971,350.17
OUT_19972,209.31
OUT_19973,179.12
OUT_19974,186.05
OUT_19975,368.14
OUT_19976,203.74
OUT_19977,2841.59
OUT_19978,1238.8
OUT_19979,410.54
OUT_19980,145.39
OUT_19981,153.59
OUT_19982,204.14
OUT_19983,157.42
OUT_19984,354.35
OUT_19985,1495.31
OUT_19986,346.61
OUT_19987,191.14
OUT_19988,189.3
OUT_19989,149.33
OUT_19990,181.78
OUT_19991,1567.68
OUT_19992,364.42
OUT_19993,299.18
OUT_19994,339.52
OUT_19995,336.27
OUT_19996,362.33
OUT_19997,188.65
OUT_19998,354.51
OUT_19999,160.79
OUT_20000,181.92
